2015 Mortality Reconstruction Error,2016 Mortality Reconstruction Error,2017 Mortality Reconstruction Error,2018 Mortality Reconstruction Error,2019 Mortality Reconstruction Error,2020 Mortality Reconstruction Error
0.09,0.66,1.19,0.61,1.39,2.53
5.35,0.14,2.93,2.01,2.57,4.48
0.18,0.25,0.11,0.42,0.14,0.01
0.67,2.62,0.31,2.89,1.27,0.35
1.56,2.88,5.75,0.17,0.22,3.02
0.26,0.46,0.78,0.62,0.15,0.32
0.12,0.83,0.79,1.3,0.08,0.45
0.58,3.21,4.34,2.18,0.7,0.15
0.12,0.58,0.07,0.27,1.6,1.77
1.12,0.1,2.36,0.04,2.88,3.4
2.33,3.47,1.9,1.7,0.14,1.69
0.32,0.14,0.26,0.05,0.48,0.4
0.02,0.48,0.38,0.54,1.77,0.67
0.39,0.41,0.54,0.09,1.54,0.71
3.62,0.25,1.33,0.22,0.04,0.28
0.48,0.62,0.01,0.34,1.2,0.24
0.32,0.26,0.94,0.36,2.22,0.01
0.15,0.01,0.92,2.19,1.35,0.81
0.65,0.5,1.34,1.35,0.06,0.82
0.79,3.18,2.28,1.72,0.03,1.07
0.01,0.52,0.47,0.07,0.63,0.3
0.16,0.23,0.72,0.07,3.23,6.63
0.76,0.04,2.17,0.44,0.15,1.88
0.16,0.24,0.5,0.1,0.01,1.27
3.95,2.12,7.45,0.21,5.12,2.15
0.95,0.79,0.53,0.4,1.27,0.03
0.16,2.7,1.99,1.83,4.29,5.51
2.77,2.21,8.94,5.08,0.11,3.83
2.16,0.11,0.09,2.7,2.92,0.04
1.23,0.66,3.25,0.69,0.58,0.12
0.01,2.24,0.93,2.1,1.39,0.34
0.05,0.05,0.12,0.04,0.06,0.09
0.01,0.41,0.25,0.44,0.32,0.41
0.24,0.25,1.32,0.1,0.02,0.0
1.23,1.43,1.25,2.93,0.75,0.2
0.59,0.7,1.85,2.05,0.04,2.14
1.45,0.15,0.91,2.11,1.44,0.01
0.26,0.19,1.06,0.26,0.04,0.95
0.85,0.22,0.12,1.62,0.37,4.82
0.78,3.55,1.1,0.21,0.08,3.52
1.85,0.65,0.56,0.44,0.36,0.86
0.67,0.08,0.9,1.46,0.66,2.9
0.89,0.13,0.06,0.04,0.01,0.44
0.02,0.1,0.26,0.0,0.07,0.92
2.57,0.09,2.49,3.64,2.9,2.66
0.53,0.56,0.08,0.29,0.02,0.49
0.49,0.47,0.94,0.3,1.07,0.12
5.13,1.89,3.25,0.14,1.43,3.85
1.8,0.75,4.72,2.1,3.95,0.35
0.08,0.78,0.8,0.0,0.04,1.12
0.4,0.66,1.36,0.0,1.68,1.31
5.07,2.73,0.29,2.02,1.41,0.2
0.14,0.19,0.27,0.07,0.49,0.4
1.58,2.04,2.49,2.13,2.82,0.04
0.19,0.72,1.01,0.02,0.03,0.14
0.47,0.38,3.32,3.74,0.04,1.21
1.09,2.89,4.59,0.15,6.37,0.11
0.11,4.07,2.22,2.46,1.82,3.27
3.49,3.14,2.44,0.09,1.18,2.3
0.27,0.16,0.08,0.07,0.04,0.12
1.01,0.03,2.31,4.44,1.13,2.9
2.66,2.55,1.99,0.03,1.97,3.4
0.33,0.08,0.87,1.14,1.59,0.01
2.31,3.44,5.59,5.27,0.12,3.05
0.08,0.35,0.3,1.17,0.4,1.21
0.19,0.03,0.05,0.42,0.08,0.19
1.81,0.3,2.57,0.42,0.14,1.31
0.12,0.12,1.81,0.11,1.17,0.74
0.52,0.22,0.56,0.0,0.1,0.47
2.02,1.88,2.24,2.67,1.78,2.92
1.21,0.63,0.53,0.1,1.57,0.01
0.86,0.05,0.01,0.04,0.49,0.08
0.12,0.05,0.0,0.04,0.0,0.08
0.09,0.05,0.07,0.14,0.15,0.01
0.33,0.21,0.42,0.06,0.0,0.59
0.78,0.16,1.0,0.76,0.66,0.16
0.12,0.82,0.38,0.5,3.8,3.24
0.06,0.1,0.16,0.04,0.22,0.41
0.02,0.0,0.08,0.02,0.13,0.08
1.84,1.15,5.27,1.06,1.82,2.72
3.74,1.5,3.05,2.35,1.75,3.82
0.09,0.32,2.47,1.6,0.07,1.62
1.29,1.27,0.67,1.23,0.16,1.55
0.85,0.57,0.78,0.87,1.14,0.33
0.21,0.3,0.75,0.37,0.04,0.79
0.05,3.43,0.91,1.17,0.85,1.16
0.04,0.65,0.78,0.07,0.29,0.63
0.78,1.64,1.01,0.06,0.96,0.5
0.09,0.04,0.54,0.15,0.74,0.16
0.14,0.04,0.04,0.01,0.19,0.17
0.05,0.03,0.21,0.17,0.02,0.04
0.93,0.09,1.23,0.98,0.28,1.94
0.06,0.04,0.11,0.02,0.02,0.05
0.44,0.38,0.3,0.25,0.03,0.69
0.08,0.04,0.07,0.16,0.12,0.22
0.1,0.03,0.13,0.01,0.26,0.19
0.15,0.79,1.15,0.08,1.13,1.58
0.31,1.9,1.86,1.34,0.86,4.5
5.56,0.21,0.13,1.56,0.14,4.38
0.02,4.95,2.25,2.2,3.04,0.6
4.86,5.07,1.83,0.15,0.3,8.01
0.12,1.71,1.47,1.89,1.82,1.77
3.44,2.43,1.74,2.3,1.01,0.27
0.46,1.11,1.13,0.49,7.72,0.01
4.04,5.26,3.47,0.07,2.37,2.01
8.35,3.77,0.58,2.49,0.2,4.55
5.33,2.63,8.2,8.34,2.66,0.08
1.29,4.1,5.57,2.91,0.08,0.54
0.02,2.03,3.07,0.27,1.07,1.43
0.25,1.88,0.95,0.57,0.1,7.15
0.12,1.0,5.41,4.38,5.76,2.06
0.89,0.5,4.88,2.3,0.8,0.06
0.06,0.9,0.68,0.54,0.2,0.01
0.15,1.9,2.73,2.29,0.07,0.52
3.45,0.94,3.26,0.05,0.68,1.39
2.14,1.29,1.79,0.08,2.41,2.33
4.05,0.79,0.95,0.67,1.74,1.98
0.34,0.12,0.03,0.24,0.33,0.71
0.61,0.11,1.04,0.7,0.61,1.8
2.17,1.99,1.64,7.39,1.86,2.95
1.96,0.01,0.67,0.56,0.44,0.48
0.97,1.2,1.13,0.06,0.07,0.47
7.86,0.6,1.35,0.3,3.18,0.1
0.05,0.09,0.45,2.38,0.22,0.23
0.22,1.11,1.01,0.45,0.03,1.35
1.23,0.13,2.14,0.78,0.5,1.08
0.47,0.12,1.71,1.44,1.27,0.06
2.84,0.09,1.11,0.21,1.2,2.85
2.46,0.08,0.74,2.07,4.05,1.52
0.61,1.63,4.1,3.68,0.4,0.03
1.14,0.71,0.85,1.22,1.4,0.61
0.03,0.67,0.69,0.57,0.01,0.33
0.26,0.17,0.38,0.1,0.39,0.12
0.19,0.34,1.03,0.55,0.18,1.38
1.25,0.11,0.78,1.74,0.83,1.45
0.08,3.66,2.23,0.47,1.3,0.93
1.67,0.43,2.77,0.38,3.07,0.26
0.77,3.63,2.92,1.36,5.99,0.18
0.52,0.15,1.28,0.66,0.71,1.09
2.99,0.81,3.42,0.09,4.15,2.67
0.19,0.65,0.21,2.05,1.14,0.78
0.42,0.04,5.44,1.53,0.01,1.57
0.14,0.19,0.12,0.5,0.07,0.22
0.13,0.22,0.09,0.84,1.69,2.98
5.88,0.99,3.33,0.02,0.89,0.05
1.29,2.13,1.24,0.32,0.56,0.37
0.12,2.39,2.16,2.04,0.08,0.48
1.39,1.34,2.58,0.23,1.11,0.07
0.1,0.09,0.11,0.04,0.28,0.24
0.09,1.93,0.37,0.28,0.02,4.32
0.69,0.9,1.27,0.05,1.58,3.35
0.18,0.51,5.95,4.98,1.56,0.06
0.1,0.24,2.22,0.05,0.79,1.97
0.77,1.57,0.94,5.03,0.12,2.21
2.6,2.8,3.51,0.09,0.58,3.91
0.39,1.92,0.74,0.64,0.07,0.88
1.51,0.15,0.7,3.01,0.24,2.63
0.78,1.51,1.86,2.43,0.07,0.06
2.58,2.13,0.27,0.55,2.44,0.99
0.13,0.22,0.17,0.02,0.8,0.27
1.09,1.27,0.52,1.39,0.13,1.07
0.02,0.85,0.13,0.1,1.24,0.46
0.47,0.6,2.75,0.57,2.18,0.06
0.4,0.15,1.44,0.2,1.59,0.01
0.38,0.33,0.27,1.25,0.15,0.09
0.06,0.87,0.63,0.03,0.38,0.44
2.41,0.32,0.57,2.7,0.01,0.14
0.87,0.26,0.1,0.57,0.27,0.12
1.9,0.06,1.32,0.86,1.57,4.52
0.97,1.5,1.5,0.01,0.06,1.28
0.33,0.59,0.6,0.34,0.09,0.02
4.73,4.7,2.73,0.26,0.14,0.23
0.43,1.5,0.82,1.5,0.48,0.07
1.05,0.9,0.55,0.06,0.27,0.19
0.73,0.28,5.13,0.08,8.11,0.33
0.32,1.55,1.87,1.77,0.23,0.36
1.62,1.45,1.29,0.21,0.01,1.99
0.97,2.2,2.94,1.33,4.49,0.08
0.44,0.91,0.45,1.1,0.07,0.78
0.08,0.18,1.74,3.33,2.31,0.32
0.06,0.25,0.29,0.67,0.66,1.09
3.17,0.68,1.72,0.09,0.17,0.2
1.58,0.16,1.15,0.01,0.1,0.87
2.25,0.66,0.78,0.81,0.03,1.45
2.14,0.83,0.6,2.31,0.4,0.28
0.14,0.27,0.59,0.78,0.78,0.3
0.0,0.33,0.99,2.06,0.99,0.49
0.18,3.56,6.81,2.35,0.69,0.03
0.55,0.43,0.48,0.13,1.6,1.05
1.04,0.17,3.33,0.78,5.64,5.34
5.57,5.65,5.84,0.16,0.65,2.31
2.61,0.14,1.55,0.15,3.61,2.91
0.91,2.81,1.45,2.61,0.5,0.08
2.26,2.79,4.43,0.02,0.05,1.23
0.05,1.71,0.25,4.36,1.48,0.06
4.08,3.51,1.66,0.17,1.14,3.87
2.56,1.3,1.49,2.02,0.14,1.25
0.44,1.22,3.73,1.12,0.09,5.71
5.53,10.06,3.02,1.72,0.18,5.43
1.58,2.37,9.08,0.19,4.78,3.21
2.88,0.23,4.24,3.83,1.1,0.05
0.5,4.68,4.33,3.17,0.11,1.07
0.09,2.04,1.42,0.71,2.44,1.19
0.25,18.87,12.02,7.64,10.65,5.08
0.15,3.58,6.79,5.48,3.83,6.03
0.92,1.28,1.15,0.09,2.73,7.38
3.52,0.01,0.25,2.3,4.29,1.85
4.28,0.04,1.38,2.35,0.67,0.02
2.05,2.07,0.97,2.85,2.56,0.12
7.46,1.25,5.22,0.04,8.63,0.07
1.7,0.1,2.33,0.78,0.83,0.99
0.11,0.92,4.37,1.7,3.42,3.93
0.32,1.13,1.18,0.3,0.05,1.16
1.29,1.56,4.35,2.54,0.01,2.69
1.63,2.19,2.02,0.12,0.14,1.39
0.51,2.07,2.54,3.35,2.86,5.55
0.16,0.52,2.88,0.92,1.32,1.56
0.81,0.07,2.07,1.23,2.36,0.6
6.29,3.09,0.81,0.19,2.95,0.62
1.24,2.84,2.1,0.13,0.31,3.29
4.6,1.03,3.35,0.1,3.89,3.58
0.07,2.44,0.81,0.01,0.98,0.1
4.61,6.13,2.74,1.34,0.07,7.73
0.08,1.37,1.11,0.31,0.48,2.71
0.51,4.92,7.26,0.11,17.4,25.23
1.79,1.2,2.18,0.04,0.05,0.68
2.15,1.58,3.22,2.22,0.07,3.95
0.73,3.82,1.25,2.27,1.42,1.04
1.93,0.45,1.69,0.01,1.53,1.52
0.48,1.13,1.54,0.01,1.73,3.28
2.09,0.08,2.64,1.83,1.42,1.69
0.1,0.63,1.76,0.82,0.28,0.41
0.78,1.01,1.22,3.0,0.62,0.05
7.55,8.86,0.21,0.57,1.38,0.03
0.1,3.29,2.6,1.89,1.32,2.92
0.43,5.63,5.38,2.88,0.94,3.59
4.44,2.38,4.14,1.58,1.13,1.14
0.06,0.79,1.47,1.96,2.37,0.12
2.35,1.58,0.07,0.61,1.23,0.14
0.2,2.36,2.37,1.03,2.97,2.71
0.15,1.46,3.34,0.22,1.77,0.1
11.19,2.81,0.08,5.34,0.26,7.71
0.18,2.75,0.25,0.19,0.22,0.51
2.66,2.49,0.28,1.91,0.05,1.28
0.71,2.32,1.79,0.9,0.19,0.01
0.02,0.11,0.15,0.0,0.01,0.3
0.46,3.8,1.9,0.08,1.16,5.95
1.98,0.8,3.45,0.37,0.11,0.79
0.07,0.16,0.63,0.64,1.9,0.4
0.64,0.63,0.9,0.44,0.75,0.04
0.73,0.33,0.93,1.75,1.35,0.09
1.13,0.11,0.38,0.18,0.09,0.07
0.15,0.07,0.03,0.07,0.03,0.0
0.13,0.29,1.18,1.72,2.52,5.47
0.09,0.16,0.26,0.16,0.2,0.52
0.09,1.08,0.28,0.98,0.15,0.34
0.13,2.64,4.6,1.9,7.36,2.73
1.88,2.45,2.77,0.59,1.82,0.05
0.96,0.14,0.11,0.01,0.85,0.58
0.01,0.17,1.68,0.08,1.11,2.32
2.44,1.78,1.19,2.45,5.81,0.81
2.58,4.03,2.88,1.78,0.03,8.49
0.85,0.25,0.26,0.89,0.6,0.0
0.82,1.45,0.69,1.32,0.1,0.46
0.56,0.36,1.67,0.65,1.85,0.83
0.05,1.24,0.41,0.13,1.45,0.86
1.0,1.37,1.27,0.04,0.12,1.02
1.74,4.18,0.7,0.0,2.38,4.12
2.55,3.34,0.18,0.12,1.3,0.56
1.17,1.38,1.48,1.13,0.08,0.26
0.46,0.68,3.34,0.06,0.64,0.05
0.89,0.04,0.07,1.27,0.93,0.03
0.08,0.12,0.0,0.02,0.33,0.46
0.18,6.72,1.16,0.72,0.24,9.85
0.17,0.15,1.21,0.05,0.37,0.49
0.08,0.15,0.06,0.09,0.05,0.1
0.06,0.25,0.32,0.1,0.19,0.26
1.03,1.14,0.3,0.95,0.06,0.18
0.0,2.29,1.56,2.24,2.47,0.29
2.63,0.22,0.13,0.13,0.16,2.84
2.12,1.64,0.37,0.05,0.02,3.38
9.71,3.27,3.05,2.35,0.18,7.07
0.58,0.09,0.79,1.23,0.4,0.17
0.98,2.74,2.18,0.43,0.31,2.2
3.9,1.23,4.37,3.61,0.08,0.36
0.06,0.01,1.3,0.05,0.42,0.13
0.27,0.5,0.86,2.71,2.92,1.7
1.1,3.89,2.38,1.76,2.09,0.04
1.98,0.09,2.38,2.52,1.24,0.83
0.88,0.13,2.5,0.62,0.81,2.27
1.47,0.07,1.48,6.19,6.44,1.15
0.3,0.74,0.88,0.64,1.52,0.14
1.87,1.3,2.0,0.27,0.38,1.71
0.17,0.52,0.15,0.19,0.03,0.42
0.73,1.12,0.34,0.2,0.01,1.8
0.1,0.62,0.47,1.67,1.01,1.6
1.33,5.19,1.66,3.06,2.98,0.1
1.8,1.1,0.0,0.22,1.82,2.08
3.14,1.06,2.0,0.84,1.26,0.15
0.09,4.91,3.9,0.25,1.68,1.42
0.02,2.5,2.95,0.92,1.28,1.8
0.13,0.08,0.44,0.16,1.27,0.52
0.51,0.28,0.24,0.64,0.06,0.83
0.56,0.18,0.18,0.9,0.3,0.39
1.54,0.39,0.77,1.22,0.92,0.67
0.42,2.08,1.5,1.24,1.17,0.72
0.1,0.18,0.48,0.61,0.04,1.17
0.01,0.03,0.07,0.12,0.0,0.21
0.19,0.07,0.14,0.1,0.31,0.54
1.42,0.28,1.6,0.53,1.21,0.54
3.7,0.91,1.5,1.84,5.87,0.05
0.16,8.55,5.15,6.23,4.79,2.3
0.55,0.51,0.99,7.91,1.69,1.38
1.64,0.65,1.8,0.15,8.57,4.99
1.25,2.14,2.25,1.73,7.41,3.36
3.84,0.15,2.99,0.18,1.19,0.57
0.17,1.64,1.41,0.23,9.62,2.58
0.81,0.39,3.71,6.98,6.4,0.14
8.15,4.24,5.47,10.1,11.99,0.0
8.64,1.9,9.04,0.11,5.88,0.03
14.75,0.08,2.3,3.53,3.5,5.56
0.29,0.28,1.83,2.87,1.01,0.0
2.84,1.99,0.85,2.3,3.44,1.03
3.07,2.45,5.17,3.14,5.89,0.11
0.83,0.94,1.62,0.17,1.95,2.16
7.32,8.69,1.44,2.18,8.95,3.59
7.04,2.53,1.48,2.81,0.06,1.48
0.52,0.1,3.76,0.92,0.28,0.55
0.3,0.29,2.7,1.58,0.52,0.84
6.22,8.2,6.69,0.47,0.77,0.12
0.02,6.49,0.86,0.8,0.05,0.62
0.15,2.87,0.97,2.22,2.74,0.08
0.05,2.49,2.17,2.74,0.24,4.32
0.06,1.16,1.73,0.83,4.07,0.68
1.93,4.42,0.91,1.14,5.57,2.48
14.9,3.76,4.63,7.81,0.37,0.06
3.08,9.43,8.56,0.14,1.59,7.86
0.74,1.33,0.19,0.31,5.78,11.52
0.36,0.6,0.25,0.65,1.99,5.88
0.28,0.34,0.73,0.23,0.05,1.82
0.84,0.88,2.27,0.15,0.04,1.3
1.24,0.18,1.16,0.75,2.82,0.0
0.03,2.41,2.89,0.22,0.73,6.33
0.03,1.62,0.28,1.53,0.1,0.1
0.67,0.19,0.39,0.16,0.07,4.97
1.24,1.34,1.31,1.32,1.35,0.08
1.42,0.88,3.01,0.04,3.77,2.25
4.75,0.58,3.52,1.64,0.24,8.19
2.95,1.99,3.12,0.01,0.13,7.31
0.96,2.8,1.27,5.33,0.05,1.15
1.57,1.27,3.81,3.11,0.13,2.2
0.54,0.44,1.35,0.05,0.3,1.61
1.18,0.66,1.33,0.81,5.77,0.06
0.1,1.52,0.84,3.6,2.82,2.73
0.05,2.09,5.52,2.76,9.15,3.67
8.53,6.33,1.74,2.96,0.06,2.19
1.49,0.2,0.74,0.1,0.26,1.05
0.02,1.75,1.14,0.17,2.11,4.19
0.65,0.83,0.57,0.14,0.87,0.31
0.57,1.66,1.13,0.48,0.13,0.29
12.37,14.08,2.38,5.62,0.33,8.1
14.16,5.75,1.3,0.03,5.85,1.69
2.39,0.04,0.75,5.32,0.32,1.62
1.04,0.97,1.04,0.71,0.7,0.11
2.83,9.05,0.77,0.18,8.23,0.41
4.26,2.51,2.37,0.03,3.75,8.51
1.33,1.71,4.96,1.72,0.43,0.24
1.77,2.85,0.99,3.01,0.18,2.21
0.93,1.68,2.55,0.35,1.27,0.02
1.56,1.51,0.31,3.98,1.22,0.06
1.31,12.64,12.41,0.21,2.54,0.05
3.52,0.34,3.14,0.04,3.6,8.86
5.81,3.01,6.12,0.04,9.46,8.97
2.37,0.11,0.56,0.26,0.2,0.0
4.4,0.6,1.13,1.02,0.24,0.13
0.94,1.8,1.86,0.49,1.22,0.9
0.46,10.98,4.73,1.65,0.73,1.96
0.82,3.36,0.75,0.96,0.06,5.59
3.09,1.05,5.08,0.41,0.11,5.08
1.34,0.02,2.52,1.54,2.65,2.37
0.1,1.48,3.33,0.66,0.04,0.63
1.93,0.13,3.84,1.5,0.03,0.73
0.17,1.33,1.97,1.32,3.37,0.06
0.69,0.63,0.65,6.3,1.9,0.66
8.05,9.6,7.54,0.07,0.51,13.52
0.36,1.33,2.7,0.58,0.67,3.83
0.75,1.34,1.75,0.11,1.45,1.08
2.79,1.89,1.3,1.63,5.92,0.35
0.63,0.01,1.71,0.64,0.48,0.2
0.94,0.22,2.86,0.06,0.15,0.18
0.98,1.06,0.26,1.15,2.1,0.14
0.02,0.56,0.57,0.4,0.44,1.08
0.13,0.67,0.96,0.13,1.09,0.06
0.36,0.1,2.14,1.85,3.63,0.47
1.32,0.19,1.44,0.07,0.43,4.2
0.74,1.38,0.85,1.87,1.47,0.81
0.07,0.25,0.4,0.67,1.75,2.03
0.9,0.04,0.83,0.67,2.05,0.08
2.13,1.53,2.67,0.05,0.05,0.66
1.29,0.14,0.53,0.8,0.6,3.38
2.38,3.35,1.5,1.88,1.53,0.22
0.04,0.09,0.55,0.06,2.37,1.03
0.01,1.41,1.32,1.44,0.47,0.1
0.3,0.03,0.63,0.15,1.51,0.5
0.09,0.13,1.05,0.13,2.43,1.58
3.3,0.3,0.4,0.89,0.18,0.66
0.34,0.33,0.26,0.05,0.05,0.27
0.99,0.05,1.55,0.02,0.05,0.85
0.35,0.23,0.29,0.9,0.2,0.13
0.38,3.21,4.99,3.6,4.08,0.22
1.32,7.15,7.47,3.65,0.1,0.59
0.86,0.09,6.08,0.88,0.72,0.01
1.23,0.71,0.69,0.77,0.1,4.54
1.03,1.29,0.8,0.53,0.17,0.54
1.11,0.26,0.18,5.03,1.72,0.12
3.07,0.6,4.51,0.14,6.28,5.18
0.07,0.98,0.94,1.0,2.23,1.33
0.13,0.06,0.86,0.55,0.4,0.85
0.92,0.82,1.9,0.47,1.61,2.34
0.32,0.11,0.39,0.34,0.47,0.04
0.92,1.0,2.53,1.3,1.41,0.03
0.06,0.69,1.1,2.22,0.11,4.38
0.04,1.9,1.12,0.22,0.82,0.82
0.34,0.13,0.96,1.04,0.51,1.64
0.64,1.52,0.87,0.81,0.08,0.03
0.82,0.15,2.14,1.13,0.07,1.37
0.24,3.48,2.47,0.33,1.67,0.34
0.53,0.09,0.7,0.14,0.01,1.11
1.76,3.01,0.31,1.44,1.94,1.83
2.33,0.09,0.53,6.56,1.45,2.62
0.23,0.09,1.23,0.02,0.79,0.68
1.19,0.15,1.1,0.45,2.1,0.36
0.2,0.05,0.3,0.02,0.69,3.36
0.35,0.03,0.49,0.01,0.24,0.48
1.02,0.09,1.42,0.09,5.44,0.07
1.48,3.14,0.95,0.44,0.11,1.51
0.21,0.67,0.19,0.11,1.03,0.03
0.47,0.27,0.53,0.1,0.12,0.27
0.52,0.17,3.23,0.78,0.02,0.56
0.25,3.22,1.79,1.26,2.21,2.73
0.01,0.6,0.31,0.45,0.35,0.01
0.01,0.54,0.37,0.08,0.66,0.19
0.24,2.16,1.67,3.81,3.45,0.1
3.28,0.02,2.57,1.45,4.56,0.66
0.43,1.01,2.48,2.51,0.82,0.56
4.64,0.15,1.36,1.23,0.95,4.19
3.23,0.14,2.06,0.32,6.42,2.62
0.34,0.1,1.27,0.04,1.79,2.97
1.74,0.09,3.8,3.78,0.92,5.05
0.05,0.3,0.29,1.72,0.92,0.64
0.84,0.42,2.08,0.31,0.03,3.32
0.67,2.96,1.37,3.76,0.1,3.2
0.22,0.07,0.61,0.58,0.52,0.52
1.15,0.19,0.42,2.57,0.8,0.21
2.95,0.13,0.59,1.41,0.57,0.06
3.11,0.05,3.35,2.18,0.09,1.51
0.55,0.71,0.63,0.01,0.04,2.91
0.05,0.06,0.39,0.01,1.75,0.1
1.2,0.24,6.73,3.25,5.66,0.75
1.1,1.61,2.63,1.09,0.85,0.07
0.04,1.05,2.1,0.28,0.14,3.16
1.78,0.69,0.5,1.99,0.06,1.05
0.07,2.49,2.39,0.5,1.94,3.4
1.39,0.35,3.51,0.09,1.41,1.09
0.06,0.06,0.12,0.1,3.08,1.42
4.57,0.12,0.54,1.11,0.5,4.82
0.54,0.85,1.52,0.02,0.59,0.29
0.91,4.56,0.7,0.12,2.6,3.55
0.53,0.72,0.48,0.01,0.37,0.42
0.14,0.31,0.44,0.35,0.17,0.01
0.02,0.51,0.02,0.09,0.41,1.04
0.56,1.06,1.86,1.15,0.04,0.83
3.32,0.37,1.27,0.19,0.0,1.89
0.45,0.03,0.02,0.33,0.26,0.35
0.35,1.22,0.37,0.73,1.41,0.0
0.68,0.01,1.62,0.1,0.5,0.33
0.01,0.81,0.4,1.8,0.31,0.16
0.27,0.21,1.22,0.43,0.65,0.03
0.72,0.17,1.81,0.13,0.63,1.44
0.26,1.14,1.14,1.16,0.09,2.4
0.58,2.21,4.74,2.01,0.06,0.52
2.65,2.44,1.33,1.3,0.03,0.39
0.68,0.79,2.19,0.94,0.02,0.99
0.36,0.28,0.16,0.18,1.03,0.55
1.28,1.14,1.4,0.66,0.63,0.12
0.36,0.12,0.56,0.74,0.47,0.15
1.7,2.44,1.12,1.6,0.08,0.7
0.81,0.95,1.08,0.6,0.04,1.21
1.36,0.64,0.94,0.08,0.12,0.48
0.46,0.36,0.05,1.84,0.31,0.22
0.19,0.52,0.83,0.56,0.3,0.07
0.13,0.28,0.87,1.06,0.3,0.2
3.62,0.14,1.2,3.83,1.09,1.9
1.5,1.89,0.07,1.16,0.16,0.24
0.06,0.27,0.68,1.33,0.17,0.86
0.08,2.03,0.67,1.17,0.2,0.03
0.22,1.5,0.16,0.48,3.37,0.34
1.0,2.78,2.33,3.23,1.76,0.09
0.02,1.82,2.14,2.05,2.33,2.67
0.09,0.9,4.23,1.57,3.04,1.53
2.38,0.15,3.46,3.08,0.0,0.48
0.24,0.64,0.05,0.12,1.67,0.59
1.27,0.7,0.57,5.16,0.09,1.19
0.32,0.35,1.8,0.4,1.38,0.84
0.17,0.77,0.27,0.71,0.07,0.53
0.05,0.27,0.26,0.12,0.04,0.44
1.46,0.39,3.27,3.87,3.99,0.28
0.01,0.07,0.37,0.1,0.43,0.12
0.1,1.04,0.53,3.51,3.9,0.09
0.13,1.44,1.87,1.44,2.61,0.95
0.05,0.32,0.37,0.28,0.44,0.34
0.03,0.08,0.29,0.68,0.02,0.05
1.08,1.11,1.22,0.45,0.09,0.17
3.28,0.08,0.68,0.99,3.32,1.38
2.47,1.96,1.34,0.07,0.83,1.19
0.34,0.95,0.12,0.13,0.51,0.35
0.71,0.99,0.69,0.33,0.07,0.01
0.05,0.87,0.81,0.6,1.13,3.27
0.14,0.02,0.05,0.11,0.93,0.13
1.65,1.7,2.2,0.03,0.63,1.48
0.43,0.5,1.04,0.49,0.1,0.02
0.56,0.4,1.07,0.1,0.58,0.8
0.09,0.15,0.04,0.17,0.36,0.5
0.78,0.26,0.09,0.15,0.65,0.02
1.27,1.09,0.23,0.11,0.38,0.92
0.47,1.6,0.13,0.98,0.89,0.19
0.06,0.73,0.56,0.44,0.24,2.26
0.37,0.03,0.66,0.51,0.03,0.05
2.61,0.62,0.39,2.27,2.26,1.41
0.45,0.19,0.17,0.1,0.08,0.14
0.22,1.2,0.42,1.17,0.16,0.15
0.15,0.18,2.43,0.09,2.12,2.17
0.49,0.45,0.06,0.36,0.43,0.2
2.35,1.21,1.4,2.88,0.01,5.42
1.44,1.79,3.72,0.7,0.13,2.85
1.57,1.74,1.5,1.82,0.03,2.61
0.32,0.29,0.39,0.65,0.07,0.01
0.6,1.23,0.24,0.23,0.01,0.5
0.87,1.05,1.54,0.1,3.83,0.69
0.2,0.14,0.49,0.15,0.03,0.21
1.65,0.32,0.44,0.09,0.02,0.34
0.88,0.85,4.14,1.12,0.88,0.12
1.02,0.25,2.11,0.88,3.66,0.18
0.26,0.68,0.27,0.29,0.05,0.49
0.21,0.16,0.42,1.56,0.81,0.03
0.01,0.63,0.14,0.07,0.25,0.35
0.51,1.74,1.61,0.08,0.66,1.03
0.52,0.16,0.7,0.87,1.93,2.87
0.56,0.57,0.74,0.03,3.26,0.9
0.22,0.18,0.13,0.06,0.29,0.1
0.89,0.79,1.71,0.52,1.61,0.12
0.06,1.23,0.12,1.51,1.84,0.96
2.93,0.03,1.5,0.2,0.46,2.95
0.12,0.14,0.68,0.07,1.87,0.44
0.13,4.04,3.17,1.44,8.34,4.3
0.13,0.92,1.47,0.02,0.21,2.4
1.77,0.24,1.41,1.11,0.19,0.04
0.46,0.69,1.26,0.33,0.24,0.44
0.31,0.07,1.32,0.12,0.14,0.15
0.17,1.78,0.62,0.17,0.88,0.02
0.8,0.1,0.8,1.02,0.84,1.4
2.37,0.14,6.3,3.47,0.04,9.82
0.07,1.02,0.43,0.04,1.13,2.7
0.03,0.62,0.25,0.14,0.03,0.44
0.14,0.08,0.17,0.14,0.08,0.55
1.15,0.62,0.4,1.71,0.12,0.41
0.11,0.37,1.38,0.1,0.12,0.21
0.08,1.27,0.95,0.72,0.84,0.18
0.29,0.66,0.86,0.0,0.34,0.16
0.47,0.51,0.4,0.21,0.57,0.98
0.05,0.09,0.75,0.87,0.13,0.59
0.16,0.09,1.58,0.08,4.34,1.15
0.92,1.44,0.22,0.7,0.0,0.71
0.02,0.61,0.69,0.59,0.74,0.12
1.04,2.8,0.76,5.32,0.24,2.42
1.07,0.52,0.41,1.08,0.1,0.82
0.6,0.79,1.27,0.01,0.64,0.87
0.25,0.13,0.41,0.12,0.13,1.18
0.51,0.37,0.18,0.09,0.11,1.64
0.69,0.21,0.75,0.14,0.05,0.02
0.1,0.18,1.29,3.46,0.58,1.98
1.7,0.64,0.81,0.03,0.37,1.28
0.2,0.75,0.17,0.28,0.02,0.57
0.09,0.22,0.53,1.01,0.14,0.19
0.29,0.2,0.01,0.11,0.06,0.01
1.23,0.96,1.24,2.16,0.07,0.71
0.16,0.09,2.89,1.52,2.17,0.38
0.56,0.69,0.75,0.2,0.29,0.03
2.76,0.43,0.55,1.25,0.18,0.14
3.33,5.26,2.22,0.18,0.6,2.23
1.42,0.07,0.05,0.76,0.65,0.49
0.05,0.76,4.68,2.19,0.21,0.94
0.67,0.79,0.19,0.11,0.04,0.03
0.06,1.41,4.15,2.32,1.19,2.15
1.76,0.6,2.25,0.14,1.01,3.41
0.01,0.14,1.03,0.06,0.01,0.56
3.67,0.45,2.63,0.75,3.04,0.2
0.43,0.03,0.72,0.04,0.14,1.2
2.86,0.63,0.09,1.17,0.39,1.86
0.07,0.03,3.06,2.67,1.73,1.54
0.34,0.15,0.32,0.14,0.01,0.22
4.38,0.06,1.75,2.99,2.18,0.16
0.11,0.03,1.25,0.71,0.48,1.33
1.35,0.13,1.11,0.8,0.59,0.04
0.7,0.33,0.38,0.92,0.05,0.88
0.11,4.05,1.18,1.49,4.66,0.08
1.62,2.37,0.35,2.51,3.67,0.1
0.07,0.35,0.64,0.1,0.74,0.13
1.75,0.11,0.34,0.85,0.04,1.97
0.8,1.65,1.67,0.71,1.17,0.43
0.84,0.76,2.15,1.07,0.06,0.18
6.93,1.81,1.12,0.08,2.53,5.29
0.54,0.65,0.11,0.06,0.33,0.07
0.21,0.03,0.82,0.17,0.08,0.14
2.46,0.64,1.63,0.51,0.57,0.1
2.46,1.02,0.14,2.99,1.74,0.08
0.22,0.26,1.43,0.24,2.42,0.92
0.09,0.38,1.07,2.6,0.05,1.81
1.09,0.11,1.77,0.08,2.14,0.07
0.45,0.63,0.62,0.3,0.1,3.14
1.82,0.16,4.59,3.24,0.03,2.0
1.63,2.57,3.63,0.05,0.57,0.26
0.5,0.4,1.81,1.19,0.31,0.17
1.89,2.85,5.43,6.0,0.17,1.29
1.15,1.73,2.21,2.41,0.11,0.15
0.15,3.23,0.5,0.4,1.13,1.21
0.26,0.74,1.5,2.75,0.06,0.27
3.58,0.07,9.0,2.16,1.49,1.86
0.09,1.18,0.35,0.24,0.08,0.2
0.01,0.82,0.44,0.83,0.65,0.58
0.14,1.11,0.48,2.87,0.12,1.05
0.06,0.85,0.54,0.02,0.28,0.31
0.53,1.06,1.69,0.04,1.18,0.59
0.15,0.24,3.23,1.31,2.75,4.58
0.14,0.52,0.52,5.34,2.99,2.54
0.22,1.29,0.35,0.18,0.71,0.55
2.14,2.68,1.58,0.06,0.88,0.07
2.68,1.24,13.78,6.47,0.16,3.17
0.2,0.34,0.14,0.34,0.33,0.22
0.64,0.16,0.39,0.75,0.05,0.95
3.06,0.77,2.81,0.57,1.37,0.07
4.52,5.39,2.34,0.01,0.7,5.14
0.89,5.39,0.98,2.09,0.07,0.26
0.71,1.51,1.28,0.4,1.7,0.03
0.45,0.11,0.07,1.02,0.14,1.07
4.28,2.19,6.86,13.68,4.31,3.01
0.09,0.58,1.73,2.78,0.1,2.92
1.03,0.95,1.17,0.03,3.53,0.97
1.03,0.84,0.08,3.02,0.11,0.29
2.31,1.32,0.21,3.28,0.68,1.74
0.54,1.16,0.21,0.16,0.77,0.04
0.5,1.53,7.9,1.89,2.28,0.12
0.06,1.16,1.74,1.92,1.59,6.12
1.97,2.19,2.87,0.0,1.1,0.74
0.02,0.02,3.33,0.11,0.64,0.42
0.14,3.98,1.31,7.76,6.93,4.81
0.1,0.16,2.99,3.23,1.26,0.42
0.05,0.83,1.59,0.65,0.28,2.72
1.25,1.03,0.54,1.47,0.64,0.02
0.57,3.63,2.3,0.91,2.79,0.21
0.13,1.94,1.19,0.0,0.7,1.54
0.34,0.17,1.42,1.02,0.36,0.2
2.09,2.64,1.82,0.03,0.77,0.98
2.78,1.0,2.37,0.04,0.17,2.17
0.15,0.13,3.06,0.14,0.18,1.67
0.22,0.26,0.0,0.34,1.35,0.01
3.1,3.33,0.53,0.41,1.47,0.17
2.22,1.11,8.61,5.59,4.88,4.16
0.98,4.05,1.87,1.49,1.37,0.05
0.05,1.62,1.44,0.25,0.58,0.08
0.06,2.11,1.38,0.53,1.58,0.53
1.19,0.99,0.94,0.73,0.89,0.06
0.68,0.84,0.08,0.19,1.28,0.27
0.12,0.99,2.19,1.18,1.4,0.77
0.45,0.79,4.35,0.02,3.9,3.89
0.55,0.71,0.33,0.05,0.09,0.85
0.74,0.01,1.9,0.09,3.29,1.76
8.21,8.68,1.7,0.01,1.29,0.88
1.7,0.32,0.41,0.13,8.43,6.41
3.28,2.78,3.11,1.08,0.9,0.03
0.25,0.14,0.47,0.04,0.11,0.28
0.2,0.35,0.49,0.59,0.06,0.66
1.16,1.65,0.42,0.24,0.06,1.6
0.21,1.3,0.7,1.5,1.76,0.71
1.62,2.19,1.85,0.09,2.26,0.34
0.36,0.05,4.35,0.94,2.32,3.24
2.13,0.01,1.85,0.84,1.32,0.02
0.15,4.14,4.9,0.56,5.34,1.34
0.07,2.05,0.53,0.97,0.14,1.09
0.66,0.82,0.66,0.32,0.51,0.11
1.73,0.7,1.16,1.81,2.28,0.07
0.64,0.77,1.47,0.09,0.56,1.73
0.1,0.04,4.44,0.02,2.77,0.09
3.26,0.89,0.01,2.02,0.03,1.16
0.8,0.92,2.3,0.64,2.61,4.66
0.21,3.52,2.18,2.04,2.42,0.23
0.11,0.3,1.88,12.16,3.74,0.4
0.4,1.41,0.52,0.23,0.73,0.04
0.81,1.15,0.52,1.19,2.45,0.2
2.15,1.87,1.04,0.06,5.74,0.0
5.78,3.55,10.5,0.85,0.03,0.17
0.52,0.49,0.5,0.42,0.1,0.16
1.42,2.39,1.63,2.59,8.57,0.03
2.11,3.73,4.85,1.4,2.18,0.14
3.03,1.7,0.83,0.7,3.33,0.29
0.07,1.29,1.6,2.38,0.96,0.45
0.3,1.9,1.74,1.91,0.07,1.7
7.08,0.16,4.16,3.94,2.62,2.5
0.47,0.63,0.33,0.75,0.25,5.3
3.84,4.91,2.8,0.75,0.15,0.02
3.28,0.57,2.21,1.74,0.15,2.65
0.84,0.98,1.54,1.23,0.08,1.93
2.39,0.73,0.48,5.16,0.19,5.72
0.32,0.2,3.99,2.0,2.33,6.44
0.08,3.25,3.25,1.93,2.66,3.15
1.55,2.92,3.71,0.9,0.13,2.19
0.08,1.66,1.64,0.11,0.8,0.02
1.0,0.04,3.8,2.32,0.23,1.17
3.24,0.67,5.81,2.42,10.07,0.19
2.78,0.04,1.81,2.65,10.66,0.26
2.01,0.78,2.2,2.52,2.61,0.06
1.67,2.38,5.05,6.93,2.73,0.02
1.61,0.42,2.69,2.22,0.61,0.04
0.09,1.61,1.18,0.16,0.94,0.97
8.93,2.55,4.05,0.06,7.41,1.72
2.6,1.93,4.85,0.47,0.08,0.54
0.49,0.06,1.9,0.18,0.87,1.68
4.71,2.83,3.37,1.99,3.55,0.13
3.29,1.9,6.33,3.97,1.72,0.14
4.25,0.69,1.48,1.29,0.76,5.18
1.22,2.6,2.09,0.15,1.96,3.89
2.75,10.7,5.35,2.77,0.16,0.22
0.07,1.03,5.24,2.32,2.41,0.38
1.63,3.42,2.99,6.28,5.37,0.58
0.67,1.86,1.83,1.29,1.33,0.05
1.84,0.3,15.34,8.96,6.61,0.02
0.19,2.91,0.04,0.45,2.19,0.01
0.25,2.46,2.25,2.97,3.18,7.74
2.12,1.62,0.77,0.03,2.94,6.2
0.13,2.27,0.9,1.25,0.27,2.39
0.13,0.5,5.34,0.8,0.37,1.66
0.12,0.09,0.07,0.06,0.45,1.02
8.04,3.31,5.57,1.11,4.52,0.08
4.9,0.19,0.33,3.83,0.03,6.42
3.19,3.97,3.4,0.81,0.99,0.09
0.1,0.02,5.29,1.42,7.7,2.06
3.23,0.65,1.15,0.07,3.29,13.64
0.84,0.8,3.1,2.02,0.01,0.94
0.25,1.16,0.48,0.68,0.9,0.03
1.94,0.68,1.22,0.74,1.03,0.12
1.3,0.08,0.15,0.15,0.68,4.21
3.05,0.66,5.9,7.55,2.34,0.22
0.17,2.3,6.79,4.2,0.07,9.85
0.72,4.2,3.41,4.27,0.49,1.14
0.22,1.19,0.13,1.1,1.28,0.23
1.49,0.16,0.44,1.55,0.34,5.37
0.56,0.21,0.6,0.6,0.19,0.1
1.05,0.76,0.01,2.53,1.35,0.96
1.51,0.02,0.25,0.22,0.02,0.09
0.97,2.46,3.15,0.34,0.32,0.03
0.2,0.31,0.55,0.97,1.37,0.12
1.12,4.03,1.85,1.15,0.12,4.59
0.34,0.1,1.4,0.15,0.95,0.28
0.43,0.5,1.33,0.67,4.61,4.24
0.01,1.76,3.46,0.31,3.0,0.19
3.18,2.98,11.63,0.8,0.8,0.42
3.01,0.02,2.92,3.44,2.21,2.62
2.14,3.76,6.39,1.52,0.58,1.42
0.68,0.88,1.38,0.04,7.26,0.52
1.07,21.73,2.17,0.11,3.6,21.89
3.66,4.96,1.46,0.03,0.92,0.16
1.06,0.42,1.57,1.3,0.56,0.03
1.58,0.29,9.34,3.06,5.15,1.56
0.05,0.71,0.49,1.12,0.95,1.05
1.33,2.12,1.74,2.35,0.09,2.91
0.82,4.55,2.88,1.43,1.75,0.18
0.96,1.07,4.53,2.69,2.49,5.81
1.41,2.31,3.91,0.07,1.04,4.71
1.53,0.72,7.21,7.68,0.21,3.35
3.41,3.08,9.53,0.08,2.66,4.11
1.13,0.19,6.84,2.04,3.47,0.25
0.09,2.5,1.3,0.69,1.07,4.7
0.46,0.61,7.24,1.28,0.13,0.05
0.87,0.28,0.46,0.72,0.05,0.02
1.66,2.22,0.78,0.07,0.17,5.15
0.42,3.88,1.1,0.53,1.61,3.51
0.53,0.55,31.8,6.7,13.16,1.21
0.48,2.67,4.06,0.0,4.03,4.63
1.46,2.31,1.89,0.02,2.94,3.76
0.3,1.12,1.46,0.53,0.67,0.74
0.43,0.56,0.77,0.3,0.43,0.04
0.23,0.41,0.52,0.08,0.7,0.34
0.21,1.84,0.06,0.07,1.08,0.14
0.37,0.57,0.27,0.47,1.54,0.24
0.15,0.53,0.2,0.1,0.39,0.53
0.1,0.24,0.72,0.25,0.31,0.0
1.23,1.08,0.16,0.37,1.68,0.04
0.08,0.09,0.35,0.03,0.0,0.74
0.15,0.23,0.12,0.13,0.68,0.11
0.49,0.7,1.38,0.44,0.46,0.02
0.37,0.15,0.1,0.02,0.05,0.02
0.14,0.33,0.02,0.01,0.18,0.77
0.1,0.72,0.21,0.13,0.71,0.36
0.19,0.96,0.58,0.1,0.13,1.76
0.59,0.46,0.03,0.16,1.61,0.15
0.7,0.2,0.33,0.22,0.77,0.55
0.08,0.11,0.59,1.98,0.44,0.33
0.2,0.12,0.08,0.15,0.67,0.11
0.14,0.22,0.28,0.16,0.0,0.55
0.05,0.22,0.99,0.3,1.08,0.01
0.08,0.34,0.04,0.0,0.34,0.61
0.06,0.16,0.85,0.33,0.96,0.52
0.35,1.69,1.92,0.03,0.93,2.11
0.19,0.45,0.43,0.19,0.02,0.06
0.17,0.58,0.58,0.09,0.45,0.37
0.13,0.25,0.18,0.02,0.01,0.16
0.59,0.7,0.14,0.07,0.09,0.21
0.31,0.43,0.55,0.05,0.3,0.18
1.53,0.05,1.62,1.88,1.56,1.7
0.22,0.44,0.37,0.07,0.03,0.03
0.16,1.66,0.77,0.18,0.38,0.07
0.27,0.2,0.34,0.05,0.39,0.1
0.3,0.03,0.39,0.07,0.25,0.93
0.12,0.18,0.09,0.19,0.08,0.13
0.05,0.07,0.37,0.07,0.4,0.32
0.14,0.64,0.94,0.14,0.24,0.12
0.13,0.11,0.32,0.02,0.61,0.49
0.01,0.8,0.26,0.06,0.28,0.69
0.02,0.4,0.11,0.17,0.5,0.19
0.15,0.56,0.29,0.36,0.16,0.01
0.29,0.03,0.12,0.11,0.01,0.21
0.21,0.09,0.31,0.19,0.21,0.02
0.43,0.1,0.77,0.15,0.15,1.49
1.31,0.52,0.04,0.48,0.29,0.19
0.06,0.0,0.12,0.03,0.12,0.19
0.11,0.03,0.5,0.07,0.11,0.04
0.72,0.07,0.24,0.01,0.51,0.16
0.61,0.11,0.07,0.63,0.06,0.53
0.18,0.64,0.31,0.04,3.06,0.52
1.95,0.15,1.61,0.83,0.02,0.07
0.97,0.08,0.44,0.04,0.83,0.75
0.68,0.9,0.72,1.3,0.7,0.19
0.02,0.04,0.38,0.28,0.09,0.23
0.32,0.18,0.07,0.09,0.02,0.0
0.08,0.15,0.09,0.01,0.62,0.38
1.08,3.01,2.64,0.9,0.07,0.35
0.22,4.37,1.11,2.72,0.09,1.77
0.06,0.56,0.48,0.07,0.07,1.27
0.13,0.32,1.85,0.13,1.38,0.15
0.25,0.09,0.16,0.19,0.15,0.02
0.18,0.12,0.94,0.9,1.05,0.73
0.61,0.76,0.65,1.04,1.04,0.12
1.12,0.98,0.79,0.12,0.46,1.44
0.36,0.27,0.03,0.85,0.04,1.42
0.06,0.35,0.82,1.01,0.44,1.25
0.24,0.0,0.15,0.03,0.0,0.09
0.93,0.16,0.35,0.12,0.15,0.46
0.83,0.13,1.02,0.06,0.17,0.01
0.71,0.12,0.73,0.02,0.12,1.74
0.94,0.51,1.38,0.04,0.41,0.59
0.14,0.13,0.34,0.08,0.02,0.17
0.48,0.22,0.59,0.77,0.02,0.88
0.03,0.59,1.57,0.58,0.61,1.78
0.03,0.21,0.27,0.17,0.48,0.19
0.17,0.33,0.9,0.02,0.03,0.14
0.08,0.21,0.06,0.43,0.06,0.06
1.03,1.74,0.45,0.52,4.9,0.02
0.01,1.15,0.56,1.19,0.69,0.09
0.14,0.25,0.71,0.72,0.18,0.08
0.13,0.22,0.42,0.43,0.07,0.13
0.01,0.05,0.89,0.5,0.25,0.18
5.72,1.84,0.7,0.21,1.13,3.72
0.24,0.03,0.62,0.24,0.08,0.84
0.02,0.04,0.3,0.03,0.13,0.2
0.77,0.02,0.32,0.18,0.84,0.54
0.1,0.31,1.45,0.07,0.03,0.91
0.07,0.92,0.05,0.04,0.65,0.37
0.94,0.02,0.67,1.23,0.32,2.8
0.77,0.24,0.3,1.5,0.11,0.53
0.04,0.04,2.2,0.56,4.58,0.47
2.06,0.1,2.35,0.18,0.42,1.49
0.05,0.23,0.42,0.15,0.05,0.81
0.1,0.15,1.27,0.01,0.84,0.42
0.61,0.35,0.21,0.79,1.37,0.14
0.17,0.05,0.43,0.07,0.19,0.14
0.14,0.07,0.01,0.7,0.02,0.45
0.05,0.05,0.15,0.34,0.66,1.14
0.11,2.17,0.41,0.06,0.02,0.29
0.13,0.31,0.36,0.05,0.06,0.23
0.19,1.28,0.57,0.67,0.02,0.24
0.38,0.04,0.28,0.51,0.02,0.43
0.61,0.53,0.36,0.15,0.01,2.41
0.14,0.14,0.23,0.83,0.42,1.81
1.16,1.11,1.14,0.2,0.85,0.06
0.02,0.11,1.27,0.17,1.69,0.16
0.45,0.97,1.99,0.35,3.38,0.15
1.98,0.38,1.63,1.31,2.01,0.37
0.1,0.11,0.02,0.71,0.12,0.36
1.53,0.77,0.83,1.93,0.19,0.1
4.11,0.56,0.82,0.48,1.45,0.09
0.12,0.05,0.14,0.52,0.06,0.1
0.48,0.14,0.05,0.01,0.14,0.12
0.73,1.6,0.81,0.01,0.46,1.61
0.09,0.1,0.18,0.99,0.07,0.65
0.69,1.1,0.34,0.14,0.94,0.93
0.08,0.68,0.22,0.03,0.97,0.41
2.92,1.25,0.29,0.87,0.12,3.72
0.17,0.28,1.72,0.03,2.12,0.95
0.03,0.1,0.32,0.05,0.1,0.24
0.71,0.27,0.35,0.42,0.03,0.06
0.17,0.25,0.25,0.11,0.1,1.04
0.71,0.69,0.09,0.02,1.24,1.14
0.06,0.15,0.35,0.01,0.04,0.42
0.54,1.94,0.42,0.51,0.1,0.51
0.09,0.23,0.48,1.47,0.15,0.81
0.08,1.78,0.24,0.03,0.04,0.44
1.28,0.82,1.4,0.24,0.31,0.13
0.22,0.06,0.04,0.17,0.13,0.14
0.35,0.23,0.86,2.63,0.34,2.72
0.09,0.09,0.58,1.93,1.51,0.82
0.29,0.35,0.39,0.26,0.25,0.29
0.11,0.22,0.16,0.08,0.24,0.59
0.16,0.26,0.09,0.03,0.06,0.03
0.04,0.01,0.02,0.01,0.11,0.17
0.19,0.01,0.02,0.75,0.23,0.06
2.62,1.67,1.62,0.47,0.12,1.42
0.15,0.12,0.6,0.04,1.76,0.39
0.53,0.03,0.9,0.64,1.57,0.05
2.45,0.12,0.68,0.43,0.85,1.89
0.11,0.24,0.3,0.41,0.09,0.2
0.01,0.03,0.01,0.05,0.13,0.02
0.43,0.3,0.89,0.26,1.76,0.11
1.82,0.11,0.18,1.36,0.51,0.04
0.09,0.0,0.04,0.04,0.12,0.05
1.04,0.06,1.75,0.01,1.14,0.83
0.14,0.04,0.12,0.03,0.13,0.22
0.31,0.52,1.51,1.17,0.04,0.04
0.17,0.03,0.03,0.06,0.3,0.11
0.46,0.88,0.85,1.49,1.41,1.07
0.01,0.11,0.06,0.02,0.03,0.19
1.34,2.53,4.15,2.11,2.41,2.37
0.08,0.05,0.05,0.11,0.25,0.0
1.58,0.53,0.4,2.71,0.19,1.54
0.28,0.45,0.51,0.45,0.38,0.02
0.21,0.93,0.53,1.61,0.14,0.25
0.59,0.07,0.18,1.02,0.08,0.01
0.01,0.67,0.35,0.1,0.01,0.37
0.31,0.18,0.23,0.79,0.05,0.2
0.28,0.2,0.41,0.5,0.57,0.56
0.71,0.19,4.44,0.14,1.47,2.65
0.04,0.31,0.04,0.06,0.05,0.03
2.96,0.25,0.74,0.47,0.09,0.38
0.02,0.13,0.37,0.04,0.09,0.37
0.12,0.16,0.01,0.02,1.14,0.3
0.22,0.1,0.38,0.08,0.09,0.14
2.23,1.19,0.5,0.55,0.1,1.36
0.17,0.2,0.52,0.04,0.16,0.02
0.16,0.06,0.53,0.37,1.25,0.24
2.32,1.14,0.42,0.31,1.02,0.68
1.62,0.25,1.06,0.66,0.07,0.49
0.02,0.17,0.12,0.03,0.08,0.17
0.04,0.59,0.53,0.05,0.33,0.92
0.04,0.3,0.06,0.07,0.14,0.0
1.66,0.14,0.67,1.83,0.35,0.79
1.23,0.81,0.18,0.78,0.07,0.19
0.19,0.23,0.27,0.06,0.08,0.22
0.1,3.88,4.65,0.52,0.08,3.26
0.24,0.54,0.11,0.18,0.41,0.04
0.37,0.79,0.15,0.39,0.49,0.81
0.37,0.11,0.2,0.1,2.24,0.09
0.07,0.13,0.22,1.18,0.03,0.3
0.2,0.39,0.36,0.1,0.01,0.25
0.63,0.52,0.06,0.61,0.41,0.54
0.13,0.37,5.18,0.1,1.3,1.69
0.09,0.2,0.25,0.14,0.04,0.98
2.65,4.82,4.43,2.96,0.05,1.51
0.28,0.32,1.03,0.33,1.41,0.13
0.03,0.85,0.97,1.01,0.1,1.0
0.05,0.08,0.09,0.08,0.1,0.04
1.15,0.14,0.15,0.63,0.16,0.2
0.33,0.26,0.45,0.13,0.76,0.15
0.13,0.44,0.24,0.03,0.07,0.38
0.49,0.13,0.07,0.0,0.15,0.27
0.07,0.18,0.17,0.87,0.02,0.24
0.45,0.59,1.8,1.26,1.53,0.18
0.03,0.48,0.34,0.03,0.65,0.21
0.04,0.13,0.11,0.16,0.08,0.65
0.19,0.14,0.01,0.48,0.05,0.53
0.23,0.18,0.16,0.02,0.25,0.05
0.14,0.11,0.08,0.05,0.64,0.04
0.06,0.15,0.08,0.04,0.06,0.18
0.24,0.31,2.04,0.11,0.06,0.05
0.68,1.41,0.96,1.77,0.36,0.1
0.66,0.18,1.5,1.32,2.5,9.19
1.28,1.89,1.07,0.07,0.25,1.66
0.11,0.34,2.29,2.81,7.95,0.78
1.53,0.13,2.07,4.45,2.92,3.2
0.93,1.72,3.07,1.35,0.1,1.37
0.08,0.42,4.56,0.32,0.28,0.8
0.36,0.66,3.19,0.55,3.92,4.27
26.5,0.65,6.54,2.56,0.31,10.7
6.81,0.16,0.91,0.36,6.85,4.45
0.53,4.4,0.55,0.05,4.85,19.15
4.0,3.16,1.14,2.3,3.94,0.18
1.1,8.85,0.4,2.98,0.73,0.02
5.81,0.99,0.69,0.26,3.37,0.28
5.2,3.8,10.26,4.6,2.78,1.06
0.29,0.06,1.29,0.81,0.65,3.15
7.37,6.47,4.99,1.99,0.04,2.97
10.47,1.24,1.58,1.08,1.02,0.03
1.47,0.14,1.16,1.93,0.66,0.11
0.29,0.08,2.47,2.71,1.62,1.46
0.31,12.55,11.62,0.42,12.01,14.89
0.23,0.03,0.06,0.13,0.22,0.61
1.45,2.46,1.39,0.48,1.86,0.03
0.1,1.78,10.21,1.26,4.4,13.64
0.62,1.21,0.87,0.19,1.5,6.67
1.39,1.01,1.16,0.05,2.02,9.22
0.08,6.72,4.16,7.2,0.41,25.39
2.58,0.33,6.05,0.08,7.48,5.42
4.36,4.25,5.32,4.25,6.22,0.7
1.15,0.21,0.81,1.02,0.79,0.32
1.57,1.41,0.57,0.1,1.52,1.88
1.13,0.28,1.07,0.01,2.07,0.19
6.38,0.08,1.96,3.18,0.21,2.65
1.09,0.18,4.32,2.56,1.09,0.02
5.71,1.43,2.48,8.41,4.42,0.9
2.81,1.7,2.43,2.63,3.54,0.26
3.32,0.04,2.61,3.91,0.18,2.86
7.63,3.37,2.8,0.5,0.42,5.6
2.65,0.09,7.54,0.05,0.86,0.67
0.52,0.01,0.03,0.49,0.51,0.05
11.03,5.02,10.36,11.0,1.99,4.98
1.85,4.27,0.87,2.96,4.05,15.3
4.51,6.5,5.76,2.77,8.23,0.53
0.85,0.48,0.37,0.29,0.05,1.08
1.78,9.03,6.89,0.28,3.69,0.18
0.09,0.27,1.56,0.63,1.83,1.99
5.51,10.7,3.07,0.08,15.75,0.7
0.15,2.37,1.54,1.1,0.09,0.09
4.74,2.13,2.03,1.87,0.65,2.42
0.56,3.98,2.12,6.72,0.16,1.51
2.55,35.8,2.35,5.44,0.26,4.25
1.3,1.33,0.2,3.18,1.34,0.21
0.12,0.02,1.83,0.07,2.61,0.53
1.93,5.23,3.32,0.07,1.02,12.1
0.44,0.53,0.3,0.19,0.04,0.46
0.98,3.7,6.24,1.66,0.07,0.88
0.06,1.33,2.17,0.22,0.03,1.12
8.41,0.54,1.75,5.41,0.29,11.11
0.93,1.36,12.11,0.02,4.06,12.18
5.89,0.9,1.55,2.49,1.61,0.12
19.78,0.14,16.11,3.9,1.46,13.1
3.26,7.51,11.11,9.31,0.13,27.97
16.62,1.97,6.67,7.14,0.79,1.14
1.43,1.7,1.12,1.63,1.8,0.1
0.48,4.21,2.19,0.42,7.43,2.53
0.4,2.7,2.19,0.42,0.06,2.92
4.86,8.2,9.42,5.91,10.65,0.04
0.42,6.65,1.63,0.36,2.14,8.44
0.85,6.66,1.53,0.26,2.02,7.66
2.54,6.1,0.16,0.82,1.97,0.04
3.61,1.38,3.88,0.05,4.07,4.86
0.17,1.01,0.7,3.25,3.44,4.2
0.74,1.25,2.19,0.26,0.09,3.03
0.55,1.67,0.75,1.87,0.92,0.3
0.32,0.52,2.17,0.15,2.08,0.98
2.61,0.07,3.44,2.49,1.61,0.23
1.12,2.89,1.59,0.88,0.05,2.67
8.85,14.87,4.22,0.11,3.92,4.32
1.75,3.08,2.54,1.26,0.24,7.37
0.82,1.81,1.27,3.74,0.52,8.46
1.43,5.89,2.72,1.4,0.24,5.37
12.74,3.08,3.59,8.99,3.35,0.1
2.6,11.31,11.41,0.41,0.14,0.14
0.98,2.92,1.57,4.32,3.34,0.92
1.2,0.01,5.76,3.93,1.1,2.94
0.33,6.21,4.28,3.74,0.05,0.59
0.03,3.03,0.63,1.23,1.97,1.28
1.16,0.25,0.56,1.44,1.79,0.5
0.85,1.03,5.08,2.9,2.8,0.06
2.9,0.19,3.15,0.1,0.16,4.71
1.63,1.33,0.12,2.02,0.08,0.31
2.93,0.01,6.06,5.26,1.67,3.96
1.08,0.06,3.84,1.53,2.53,10.51
4.98,0.99,1.34,0.03,0.07,4.26
3.52,1.01,1.24,0.1,3.76,3.18
10.05,0.11,5.68,4.58,0.25,5.87
0.34,0.95,4.16,0.63,8.28,3.16
1.05,1.17,6.53,5.46,0.24,5.91
0.51,5.52,9.98,4.8,9.38,3.81
4.98,2.16,8.23,2.74,4.67,0.32
1.45,1.21,10.14,1.61,3.18,0.54
0.03,0.61,0.89,0.71,0.82,9.64
1.06,0.45,2.57,1.24,1.21,0.1
1.66,0.28,0.29,0.43,4.08,0.06
1.41,1.16,1.95,0.12,3.55,6.79
1.25,1.99,8.25,0.22,1.88,14.24
0.36,5.11,3.44,0.13,2.99,7.49
4.49,2.65,1.37,1.52,2.44,0.18
5.12,2.42,1.37,0.13,0.1,0.67
0.5,0.2,1.88,0.04,1.23,0.1
0.42,0.17,1.54,3.64,0.16,7.92
1.1,2.54,3.8,0.88,2.11,2.44
3.73,0.24,3.84,0.24,0.06,0.27
1.03,0.12,0.34,0.09,1.93,1.44
3.52,1.88,0.3,1.74,0.17,2.98
0.09,0.46,2.59,0.08,1.62,0.36
0.06,0.56,0.67,0.28,1.09,0.86
0.12,1.53,1.66,0.37,3.5,4.24
0.18,0.12,1.22,0.93,2.75,0.09
12.3,0.04,8.39,1.4,1.52,0.1
0.7,10.25,11.69,7.95,2.43,8.88
2.09,5.85,3.28,0.14,1.14,0.33
0.91,0.69,2.87,6.16,4.15,0.02
2.79,2.81,1.33,0.01,0.26,6.52
1.83,4.98,0.34,11.69,0.08,9.15
0.5,5.22,2.03,0.0,0.65,4.13
1.31,3.92,5.37,0.41,1.36,0.01
0.09,0.7,1.81,0.06,1.63,0.07
0.1,0.81,0.68,0.05,0.13,0.71
0.85,3.15,0.32,1.11,0.13,0.03
2.35,0.43,1.13,1.23,0.44,2.47
1.91,4.75,3.44,0.18,0.03,5.99
0.03,0.13,1.51,0.03,1.09,2.01
0.07,0.21,0.91,2.46,0.12,3.01
0.04,0.39,1.43,0.2,0.08,3.76
0.47,1.69,1.21,1.02,2.09,0.29
0.48,2.17,1.55,0.05,0.09,0.75
0.84,1.6,0.13,1.08,4.37,0.02
1.99,2.9,3.77,0.12,5.17,18.12
0.07,0.36,0.96,0.09,0.0,0.16
0.67,0.34,0.3,0.1,0.82,8.71
0.1,0.99,0.48,6.43,1.2,0.4
2.06,0.1,0.13,0.05,0.09,0.48
0.31,1.8,1.46,0.48,2.04,0.18
0.13,0.15,5.43,0.4,0.09,0.16
0.0,2.9,0.22,1.35,0.4,7.2
2.17,0.75,0.93,0.0,0.5,1.23
2.41,2.05,1.67,0.19,0.22,6.78
0.01,6.62,2.26,0.36,4.65,1.81
1.7,0.11,0.71,1.59,6.93,14.16
1.85,1.2,0.17,2.83,0.55,0.03
0.94,3.27,0.43,0.18,1.3,2.14
0.7,0.04,0.02,0.49,0.61,1.18
0.95,0.99,0.68,8.02,2.23,0.04
0.06,0.18,0.19,0.01,0.17,0.15
1.57,0.56,3.64,0.54,0.71,0.27
0.61,1.57,0.07,0.44,1.99,0.11
8.28,1.92,3.95,0.12,2.43,16.32
0.15,0.57,2.75,2.77,0.21,1.28
1.78,1.83,7.69,1.7,2.63,11.01
0.8,0.61,0.48,2.0,0.1,2.72
7.77,1.64,4.8,0.15,4.64,2.41
0.02,0.02,0.02,0.09,0.71,0.27
0.05,0.35,0.08,1.04,2.97,1.04
0.43,0.1,1.13,0.51,0.52,2.25
12.85,8.91,11.97,7.18,0.3,7.41
0.56,0.07,6.59,2.48,2.41,1.11
5.34,0.68,5.79,2.11,4.82,0.71
0.14,1.04,1.47,0.07,1.14,0.02
0.87,0.21,2.98,1.74,0.07,1.43
0.04,2.33,2.5,0.73,0.68,6.6
1.81,0.35,1.99,2.06,2.34,0.65
0.05,5.43,1.28,2.04,1.16,3.82
4.58,7.27,4.45,0.34,1.89,1.79
5.42,3.9,3.45,0.67,0.11,9.61
0.46,0.17,0.38,0.16,0.03,0.55
3.21,7.56,9.41,1.18,3.07,0.41
0.63,0.1,1.19,1.34,0.13,0.34
0.92,0.02,5.13,1.99,3.42,4.2
1.4,0.53,0.01,1.51,0.18,0.27
7.85,0.56,2.29,9.75,33.94,0.23
1.95,1.67,1.57,1.4,0.61,0.55
0.6,1.82,1.3,0.03,0.68,6.45
0.35,1.27,6.34,1.18,0.69,0.03
3.19,3.95,2.49,0.01,2.54,0.99
0.82,1.43,0.5,0.11,1.12,0.99
0.63,2.11,6.3,0.01,1.72,1.58
2.25,5.61,3.52,0.6,0.07,3.63
4.61,0.95,7.47,1.61,5.44,0.33
0.55,1.11,2.09,0.07,1.63,3.7
1.02,4.74,2.87,2.3,2.29,0.02
0.78,0.84,10.65,2.23,3.81,0.33
1.67,1.18,0.1,3.93,0.06,4.8
0.01,0.9,0.58,0.03,3.0,1.06
0.01,1.2,1.34,4.18,0.2,0.14
7.68,0.14,4.66,0.36,0.25,8.15
1.6,0.31,0.37,0.02,0.88,7.28
0.16,0.04,0.64,0.57,2.41,4.98
1.03,0.04,4.93,2.28,4.65,2.65
1.01,1.55,1.95,1.42,1.59,0.03
7.89,14.45,1.62,0.06,4.01,5.92
2.12,1.9,13.02,2.38,0.08,1.59
10.33,13.89,5.48,3.54,8.15,9.57
6.23,2.93,7.06,8.27,7.46,0.68
5.47,5.5,7.47,12.33,4.45,2.04
0.28,3.6,5.78,8.14,5.7,3.86
6.29,0.02,0.08,5.16,5.14,3.76
3.93,1.06,0.94,8.84,5.39,9.03
14.23,11.46,5.86,0.25,7.75,12.81
5.82,1.85,0.78,4.5,0.09,0.12
4.67,2.28,6.25,0.05,8.37,6.74
4.62,14.23,6.36,7.33,1.51,2.25
0.07,2.66,4.89,1.24,2.39,2.87
3.56,3.84,8.76,8.71,7.57,0.98
1.13,2.03,3.18,0.89,0.05,0.46
0.09,4.6,2.11,3.9,3.71,3.31
0.17,1.15,1.1,0.89,2.46,0.18
5.0,0.25,1.15,0.05,2.72,3.48
3.68,1.94,4.89,5.56,1.42,0.06
0.48,1.4,7.08,2.4,3.4,0.33
2.44,3.51,3.37,0.12,1.13,11.98
3.45,0.16,0.18,1.79,0.04,5.64
5.05,7.32,15.6,4.38,3.6,0.1
10.7,1.78,1.79,0.11,0.81,0.73
6.04,6.52,1.57,2.43,0.43,3.3
21.25,2.12,0.74,23.5,30.78,24.95
0.19,3.54,3.45,1.54,1.35,10.13
3.69,7.97,11.08,0.14,2.17,0.05
2.09,8.93,7.05,4.35,10.63,6.87
2.09,1.64,3.12,0.72,1.25,0.01
0.25,3.73,5.52,2.42,2.95,10.39
3.17,2.29,6.06,2.62,0.54,0.21
5.93,4.34,10.65,12.79,10.06,3.28
2.73,1.55,0.33,5.91,6.52,2.15
2.23,5.67,0.55,1.3,0.59,7.41
0.12,0.59,1.74,0.28,0.87,1.23
2.84,9.62,0.48,4.1,2.4,6.44
2.43,5.73,4.7,0.32,0.85,7.99
0.49,3.95,3.57,0.01,1.4,0.6
1.81,0.23,1.19,7.28,5.07,2.48
0.1,1.03,0.2,0.93,0.17,0.11
3.07,2.5,1.51,0.23,0.01,1.02
0.2,1.88,0.59,1.18,0.49,0.15
0.42,0.76,2.38,0.74,0.25,3.22
3.3,1.25,0.92,0.44,1.13,0.73
1.68,1.2,0.32,0.31,0.0,0.72
1.75,0.71,0.21,0.02,1.67,0.23
0.09,0.74,1.65,1.89,1.34,0.09
0.58,0.94,3.28,1.4,0.26,0.88
2.87,0.29,1.2,5.27,0.1,1.46
4.14,3.99,1.6,0.05,1.38,3.4
1.19,0.12,1.33,0.69,0.16,6.57
4.36,2.27,0.1,4.69,3.29,0.39
0.14,1.04,0.64,0.16,3.17,2.54
0.49,1.28,1.22,0.07,1.51,3.38
0.39,1.0,1.2,0.06,0.25,2.99
0.84,0.08,1.96,0.86,1.32,0.68
0.82,2.11,0.23,0.21,2.13,1.82
0.42,0.5,1.6,0.14,0.9,2.28
0.45,0.16,3.94,4.36,1.51,5.77
0.81,0.35,1.04,3.17,0.12,0.18
0.29,2.23,2.42,6.2,2.06,0.02
3.38,1.88,0.91,4.89,2.74,0.22
1.88,0.18,2.6,0.14,1.39,0.08
12.26,1.18,3.53,18.89,8.37,0.22
2.95,2.69,3.49,2.02,0.15,0.32
0.28,0.02,2.59,1.93,1.89,0.53
2.3,4.98,5.13,1.89,0.06,1.26
1.8,0.3,0.56,1.86,1.35,0.06
0.31,6.09,1.51,1.71,1.82,0.35
0.56,2.09,0.9,0.56,0.35,0.11
0.64,1.77,5.3,0.44,0.11,1.95
3.16,3.52,5.08,2.1,1.13,0.18
0.16,3.57,1.84,0.12,1.22,0.64
0.64,1.95,5.36,2.5,0.16,0.45
1.56,5.92,0.44,1.14,0.13,0.05
3.09,3.73,0.09,0.91,0.07,0.95
2.06,0.31,0.31,0.85,1.18,0.16
2.82,5.37,1.76,1.63,0.12,2.52
0.52,0.1,2.65,0.1,0.91,1.17
4.1,0.3,5.11,0.59,2.2,1.93
0.01,0.01,0.74,0.0,0.21,0.24
0.04,0.06,0.22,0.11,0.14,1.85
0.29,0.27,4.38,2.46,1.98,0.03
0.3,0.33,0.2,0.31,0.81,0.5
3.62,2.35,6.87,1.63,0.21,4.67
0.14,0.82,3.28,1.14,2.62,3.18
0.01,0.08,1.13,0.95,0.01,0.32
0.16,0.91,0.87,0.1,0.48,0.57
0.16,3.11,9.13,4.12,3.6,8.12
0.74,0.06,0.66,0.0,2.23,8.73
4.24,5.9,2.44,0.48,0.79,2.3
1.11,2.52,2.4,0.9,0.51,0.0
0.34,1.3,0.07,0.64,0.61,0.2
0.86,0.01,1.39,0.63,0.26,0.95
0.07,0.87,1.15,0.13,2.07,1.56
1.98,0.16,0.18,0.49,0.17,0.52
2.97,4.91,4.64,0.34,3.71,6.85
5.23,0.14,4.57,4.85,1.88,1.09
0.69,0.02,0.18,0.01,0.83,2.7
0.09,4.28,3.62,1.37,2.55,4.22
0.5,1.87,3.12,2.2,3.25,2.37
0.76,0.88,1.29,2.08,0.22,0.2
1.21,0.16,2.62,1.5,0.22,1.74
0.1,3.12,0.16,0.52,2.12,1.16
0.25,0.97,0.01,0.25,1.76,0.32
1.02,0.12,5.24,0.08,0.86,3.85
1.2,1.45,3.83,0.19,1.41,0.11
0.11,4.5,6.9,6.97,1.84,0.27
0.41,1.07,2.48,1.03,0.05,3.15
0.88,1.37,0.62,0.35,0.92,0.17
3.12,1.46,3.64,1.49,0.82,0.12
0.54,0.8,2.33,0.0,0.86,3.14
2.69,9.33,4.49,0.62,0.36,8.82
0.95,0.01,0.38,1.33,2.2,0.1
0.26,2.2,2.62,0.6,0.18,0.79
0.89,0.28,1.62,0.83,2.05,0.02
1.2,1.2,7.7,5.04,2.31,0.16
0.55,2.36,0.25,0.27,0.26,0.08
0.03,3.1,6.62,0.66,2.04,0.05
0.07,0.05,0.82,2.06,1.19,5.43
0.2,0.8,2.56,5.74,4.34,5.45
1.23,1.18,3.13,1.35,3.52,0.18
0.34,0.02,2.17,0.85,0.59,1.1
0.04,1.04,0.33,1.69,0.3,0.27
1.44,0.61,0.03,0.26,1.3,0.12
2.42,2.67,1.98,0.06,2.92,10.39
1.39,1.86,0.94,0.7,0.66,0.11
0.02,0.04,0.54,0.32,0.22,0.01
0.03,0.91,0.52,0.25,1.37,0.16
0.03,0.04,0.26,0.17,0.06,0.41
1.68,0.05,1.32,0.14,0.02,0.53
0.03,0.82,1.57,0.82,0.33,1.46
0.58,0.12,2.62,2.03,2.01,4.48
0.22,0.21,0.17,0.24,0.12,0.02
0.83,0.37,0.91,1.07,1.29,0.13
3.98,0.59,0.19,1.93,3.02,0.11
0.25,1.2,0.16,0.44,0.63,0.05
0.03,0.5,0.02,0.2,0.45,1.02
0.08,0.16,0.31,0.02,1.16,0.02
0.85,2.81,1.4,0.1,0.55,1.0
0.55,0.5,1.67,2.79,0.09,0.01
0.02,0.09,0.21,1.25,1.39,0.55
0.13,0.09,0.52,0.13,1.11,0.14
0.76,0.08,0.18,0.17,0.23,0.03
0.61,0.06,0.41,1.15,0.33,0.66
0.12,0.5,0.76,0.25,0.94,0.32
0.15,0.3,0.58,1.27,3.52,0.03
0.36,0.06,0.09,0.01,0.41,0.18
1.42,0.0,0.17,2.3,1.87,4.09
0.55,0.05,1.58,0.11,1.17,0.08
0.49,0.2,0.96,0.47,0.7,1.91
0.29,1.71,1.27,0.54,0.44,0.82
1.34,1.92,2.89,2.54,2.3,0.26
0.01,0.47,0.22,0.12,0.01,0.38
0.55,1.27,1.02,0.33,0.44,0.65
2.34,0.29,1.62,1.25,0.03,0.8
0.05,0.5,0.43,0.08,0.12,0.25
0.61,0.61,0.62,0.11,0.05,0.27
0.19,0.64,0.14,0.09,0.63,0.18
0.01,0.29,0.35,1.98,0.34,0.8
0.21,0.07,0.66,0.13,0.31,0.51
0.24,0.09,0.59,0.44,0.03,0.0
0.14,0.12,0.13,0.13,0.01,0.29
1.01,0.08,0.6,0.47,1.09,0.14
0.49,0.79,0.36,1.16,0.1,0.05
5.1,1.51,1.8,0.16,2.61,0.8
0.9,0.13,0.36,0.03,1.51,0.02
0.04,0.48,0.33,0.68,0.25,0.04
0.89,0.11,0.72,0.06,0.55,1.12
2.66,0.18,3.04,2.78,2.45,0.07
0.26,0.06,1.87,2.05,0.05,6.16
1.29,2.4,0.7,1.91,0.05,2.23
0.4,0.23,0.1,0.17,0.3,0.4
0.33,0.44,0.63,0.04,0.02,0.03
0.53,0.1,0.73,0.49,0.22,0.22
0.15,0.93,0.27,0.04,0.54,0.38
1.61,0.17,1.25,0.18,0.06,2.12
0.12,0.05,0.21,0.45,0.21,1.02
1.44,0.37,0.47,2.25,0.86,0.82
0.1,0.5,0.76,0.17,1.16,7.76
0.12,0.09,0.06,0.35,0.11,0.28
1.52,0.0,0.8,0.5,2.41,1.22
0.3,0.02,0.01,0.09,0.01,0.14
0.04,0.57,0.89,2.93,0.37,2.98
0.09,0.02,0.11,0.02,0.09,0.27
1.15,0.65,1.89,0.72,0.16,0.14
0.64,0.75,0.93,0.34,0.02,0.05
1.15,0.6,0.49,0.49,1.07,0.03
0.21,1.0,0.24,0.24,0.16,0.75
0.1,0.31,0.15,0.37,0.6,0.33
0.62,0.14,1.52,4.1,0.72,0.05
2.01,0.31,0.27,0.69,0.87,0.05
1.01,0.03,1.21,0.41,0.14,1.45
0.64,0.02,0.06,0.02,0.36,0.14
0.1,0.03,0.72,2.15,1.77,1.45
0.02,0.21,0.64,0.69,0.13,0.65
0.03,0.68,0.05,0.13,0.01,0.26
0.06,0.08,0.39,0.37,0.46,0.12
0.05,0.43,0.66,0.57,0.77,0.33
0.64,0.38,0.32,0.14,0.18,0.03
0.79,0.42,0.62,0.52,0.58,0.02
0.99,0.07,0.47,0.09,0.17,1.33
0.09,0.48,0.33,0.18,0.78,0.17
1.31,0.49,0.27,0.99,3.19,0.03
0.08,0.23,0.4,0.08,0.2,0.43
0.33,0.42,0.46,0.22,0.41,0.74
0.1,1.53,0.86,2.35,1.38,1.74
0.35,0.03,0.75,1.24,1.99,0.01
0.07,0.0,0.49,0.05,0.27,0.27
0.49,0.14,0.79,0.38,0.04,0.27
0.23,3.09,1.91,0.11,1.47,3.19
0.03,0.06,0.83,0.69,0.55,3.2
0.26,0.16,0.21,0.75,0.03,1.09
0.2,0.37,0.49,0.27,0.17,0.79
0.26,0.0,0.15,0.0,0.36,2.05
0.01,0.76,0.09,0.47,0.53,2.15
0.58,0.78,0.81,0.01,0.06,0.98
0.31,0.17,0.37,0.7,0.05,0.01
0.58,0.05,0.08,0.09,0.18,0.24
0.17,0.15,0.26,0.09,0.08,0.4
2.73,0.61,0.25,0.86,0.7,0.14
0.26,0.18,0.33,0.11,0.06,0.09
0.92,0.1,0.1,0.83,0.39,4.34
0.02,0.23,1.37,0.22,0.62,0.14
1.31,0.18,0.28,2.74,2.93,0.21
0.05,0.82,2.04,2.25,2.14,1.1
0.06,0.93,0.27,2.06,1.67,0.7
0.72,0.04,0.79,1.87,0.14,1.84
3.31,2.05,1.57,0.24,2.17,0.91
0.22,0.14,0.39,0.26,0.06,0.57
0.62,0.99,1.02,0.24,0.02,0.5
3.94,0.07,2.88,5.81,7.41,0.04
1.94,1.69,2.06,3.64,0.02,0.44
0.39,0.28,2.87,0.03,1.45,5.4
0.05,0.37,0.39,0.18,0.66,0.11
0.13,0.06,0.29,0.32,0.12,0.14
0.0,0.15,0.24,0.03,0.04,0.33
0.73,0.55,1.3,1.19,0.1,3.26
0.01,1.42,5.28,6.96,0.36,17.11
0.02,0.09,0.55,0.57,0.16,1.06
0.44,0.5,0.45,0.04,0.28,0.09
0.07,0.08,0.85,0.16,0.74,0.51
0.5,0.06,2.95,3.17,0.83,1.48
0.24,0.07,0.27,0.1,0.0,0.35
0.12,1.65,1.1,0.07,0.89,1.09
3.39,0.14,1.3,0.06,0.03,0.93
0.06,1.5,1.95,0.58,2.39,0.45
0.08,0.22,0.67,1.54,0.62,0.3
0.08,0.83,0.5,0.12,0.57,0.54
1.08,0.66,0.27,2.4,0.02,4.84
0.96,0.05,0.31,0.61,0.2,1.53
0.87,1.79,2.61,3.35,0.25,0.35
1.42,0.22,0.04,0.8,0.85,0.69
0.1,0.67,0.86,0.55,0.87,0.1
5.02,0.34,0.32,2.23,1.41,0.74
1.53,0.54,0.41,0.92,2.82,0.12
0.83,0.25,0.78,0.24,1.0,0.37
0.7,0.09,0.98,0.81,0.06,0.11
1.9,1.2,1.16,1.37,1.32,1.1
0.47,0.05,1.32,0.07,1.15,1.62
0.31,0.18,0.31,0.09,0.31,0.04
0.34,0.07,0.05,0.21,0.02,0.32
0.32,0.12,2.63,0.64,0.02,2.94
7.04,3.47,4.01,3.82,0.0,9.6
0.22,0.03,1.01,0.77,1.37,0.73
0.17,1.77,1.49,0.47,0.79,3.48
0.97,0.55,2.05,0.14,0.07,1.07
0.18,0.49,1.44,1.04,3.59,0.94
0.95,0.79,0.05,0.74,0.36,0.28
1.06,4.94,2.92,0.26,0.05,4.71
0.82,0.71,0.39,0.3,0.05,1.28
0.41,0.16,0.22,0.05,0.0,0.29
0.67,0.4,0.19,0.18,1.51,0.65
1.36,1.75,2.03,0.04,4.07,0.01
0.83,1.89,2.77,0.14,2.21,2.28
1.2,0.3,1.12,1.25,0.12,0.08
0.01,0.66,1.19,1.26,0.67,0.33
2.21,0.16,4.31,2.85,1.18,0.37
1.74,0.97,0.61,0.54,0.01,0.55
2.51,0.42,0.9,0.17,5.23,4.48
0.37,0.18,0.36,1.08,1.31,0.54
0.25,0.03,0.55,1.03,0.5,1.18
3.4,1.16,0.32,0.13,2.99,1.21
0.05,0.3,0.37,0.08,0.04,1.06
0.14,1.65,0.24,0.04,0.05,0.19
0.45,0.62,2.22,1.99,0.12,0.28
0.04,0.65,0.61,0.55,0.97,0.4
0.17,1.23,0.84,0.32,0.87,0.03
0.05,0.93,0.5,0.05,0.06,0.75
0.59,1.5,0.96,0.05,0.47,1.24
0.12,0.78,0.73,0.18,0.18,0.19
0.66,0.41,1.32,2.99,2.46,0.05
0.41,0.95,0.15,1.04,0.09,0.23
0.26,0.33,0.49,0.09,0.0,0.15
0.41,0.05,1.43,0.03,0.48,0.0
1.53,0.02,0.17,1.2,0.44,0.94
0.07,0.55,1.49,0.92,0.11,0.9
4.36,0.62,2.49,2.17,0.18,10.31
1.8,0.42,0.1,5.02,0.25,0.15
0.26,0.86,1.3,0.77,0.04,2.13
0.58,1.17,1.55,4.66,2.01,0.18
3.21,2.81,3.38,0.27,0.37,2.35
3.34,3.98,1.95,6.32,3.12,3.3
0.69,0.93,1.16,0.25,0.46,0.68
0.95,0.08,0.99,1.81,0.28,1.37
1.42,1.56,1.52,0.61,0.2,5.43
3.39,0.03,6.46,3.15,1.32,0.44
0.98,0.49,1.21,0.59,0.16,0.15
0.32,0.23,0.15,0.8,1.97,0.44
0.1,0.83,0.47,1.87,0.14,3.19
1.34,0.99,2.15,1.72,1.38,0.08
0.22,0.17,0.19,0.05,0.03,0.44
0.23,0.09,2.73,2.32,0.75,1.01
0.87,0.3,0.33,0.32,0.13,0.05
2.9,3.47,3.03,0.87,0.97,0.2
5.66,3.27,1.4,0.17,0.09,0.52
0.53,1.6,2.09,0.19,0.17,0.0
0.23,0.27,0.2,0.43,0.5,0.1
6.55,0.78,0.88,1.48,6.94,3.86
0.8,0.03,0.22,0.2,1.42,0.91
0.84,0.27,1.28,1.69,1.75,2.12
0.04,0.4,0.91,0.21,0.07,0.19
0.42,0.21,0.81,0.46,0.46,1.06
4.64,4.64,0.63,4.49,4.3,0.0
0.22,0.41,0.06,0.08,0.22,0.16
3.64,1.34,4.26,2.66,0.16,0.49
6.6,2.64,8.73,2.11,4.67,1.23
0.12,3.05,3.64,1.71,0.12,4.11
0.34,0.78,1.68,0.37,0.49,0.02
7.05,1.16,1.95,1.52,0.2,5.52
0.5,1.42,1.7,0.1,1.44,0.85
0.05,1.18,0.2,0.13,0.74,0.56
0.25,0.17,1.04,0.09,0.62,1.47
0.76,1.92,0.52,0.49,1.05,4.88
0.03,0.14,0.04,0.27,0.17,0.22
0.33,0.06,0.52,0.26,0.37,0.19
0.87,0.12,0.29,0.09,0.22,2.37
0.09,1.01,4.26,0.38,1.76,0.64
1.58,2.3,3.08,0.34,0.15,1.68
2.51,0.07,0.23,0.55,0.58,0.59
4.95,3.55,2.87,9.84,3.44,5.54
0.27,0.39,0.83,0.25,0.3,0.47
0.08,0.59,0.21,0.01,0.7,0.62
2.12,3.7,5.92,1.49,0.03,0.5
0.41,0.55,0.04,0.66,0.25,0.36
3.37,0.57,0.99,1.81,0.19,0.66
0.47,2.09,0.36,1.87,0.2,0.82
0.41,0.46,4.03,4.33,4.91,1.76
0.21,0.17,0.12,0.77,0.44,0.29
3.18,0.05,3.09,1.0,1.15,2.47
0.26,0.89,0.32,1.5,1.7,0.24
0.48,0.14,0.23,0.24,0.1,0.06
1.69,1.29,1.27,0.01,0.89,7.44
1.46,0.69,0.64,3.88,2.84,5.02
1.29,2.72,0.54,0.18,4.21,4.52
0.13,0.08,0.01,0.07,0.16,0.18
0.04,0.96,1.68,1.92,2.8,0.54
1.05,1.91,1.05,2.02,0.16,1.69
0.18,0.15,0.23,0.74,0.13,1.32
0.02,0.89,1.05,0.84,0.92,0.34
0.28,0.12,5.12,3.33,0.43,1.74
1.17,0.42,0.27,0.58,1.28,0.23
0.37,1.06,0.19,4.58,3.32,0.06
0.99,1.21,0.91,3.84,0.48,0.05
0.02,0.04,0.62,0.21,0.02,0.36
0.72,1.32,0.87,0.02,0.74,1.62
0.05,0.14,0.54,2.99,0.04,0.1
1.73,0.39,0.53,1.64,0.03,0.04
0.36,1.88,2.24,2.78,0.87,0.45
2.08,2.67,0.49,0.12,1.88,0.56
0.02,2.51,1.5,1.71,0.09,1.42
2.98,0.12,5.07,0.22,13.88,9.28
0.69,1.16,0.61,1.36,5.71,2.11
0.48,0.87,0.44,0.51,0.07,0.14
0.1,4.03,2.53,0.19,1.9,3.07
1.22,0.09,6.3,2.66,8.0,9.35
0.21,0.26,0.11,0.08,0.73,0.27
0.08,0.23,0.54,0.07,0.79,0.05
0.59,0.63,0.79,0.08,2.83,0.05
1.92,2.98,0.39,0.09,0.07,3.11
1.98,0.72,1.98,0.65,0.83,1.85
0.03,1.77,0.36,0.08,1.81,3.9
1.42,0.14,0.32,6.44,2.91,1.95
0.06,0.07,0.33,0.08,0.1,0.53
0.2,1.75,1.49,3.18,3.41,0.24
0.09,0.11,6.38,1.25,2.2,6.06
8.52,2.62,2.53,5.97,2.92,0.03
1.54,0.12,0.73,1.16,0.44,0.14
0.05,0.23,0.39,0.38,0.03,0.51
0.12,0.14,0.16,0.14,0.7,0.37
3.26,1.96,0.09,2.04,1.26,5.01
1.26,0.13,0.25,0.15,0.91,0.78
0.52,0.23,0.46,1.49,0.05,0.62
2.24,0.13,0.26,4.72,0.06,0.91
1.33,3.31,2.78,1.42,0.36,0.05
0.86,1.21,0.27,0.5,0.1,0.11
3.26,0.28,6.94,0.05,0.0,0.47
0.88,0.07,2.05,1.49,0.19,9.29
0.08,0.58,2.77,2.02,4.12,2.6
3.29,4.08,0.17,9.22,0.33,0.55
1.98,5.96,1.57,2.0,1.8,4.46
0.33,0.07,1.7,0.06,2.02,1.82
4.61,4.02,0.71,0.97,3.78,7.4
0.02,0.1,0.54,0.03,0.18,0.27
0.16,0.23,0.73,0.24,1.67,0.6
27.26,7.54,8.09,0.19,6.62,0.96
0.7,0.73,0.83,0.1,0.59,0.56
0.05,1.2,1.21,0.12,2.27,0.17
0.79,0.55,0.97,0.09,0.83,1.58
0.11,0.2,0.26,0.2,0.65,0.17
2.56,0.19,0.37,0.91,0.74,1.89
0.13,0.12,0.21,0.14,0.1,0.35
0.75,2.63,0.57,2.09,2.8,0.03
0.38,0.43,0.49,0.51,0.11,0.74
0.51,0.29,0.35,0.3,0.03,0.07
0.14,0.97,0.18,0.16,0.06,0.32
0.05,0.21,0.38,0.07,0.29,0.03
0.43,0.52,1.43,3.95,0.8,4.82
0.15,0.11,0.08,0.08,0.16,0.13
0.27,0.34,0.3,0.2,0.05,1.19
0.86,2.99,1.05,1.34,0.09,2.31
0.02,1.71,0.14,0.32,1.35,1.96
0.07,0.14,0.24,0.06,0.04,0.3
0.53,3.11,2.51,0.06,0.15,0.19
0.18,0.02,0.03,0.04,0.36,0.24
0.1,0.63,0.43,0.18,0.08,0.52
1.28,0.71,1.61,0.36,0.21,1.74
0.01,1.01,0.61,1.54,0.78,0.08
0.09,0.06,0.06,0.14,0.34,0.03
4.23,0.11,1.27,2.03,1.7,2.16
2.83,0.6,0.11,1.17,0.15,2.7
0.05,0.1,0.2,0.07,0.09,0.38
1.29,1.18,0.77,0.54,2.81,0.99
0.07,0.07,0.13,0.05,0.16,0.23
0.94,0.55,1.28,0.64,0.06,1.0
0.02,0.13,0.09,0.07,0.08,0.38
0.63,0.72,0.76,0.51,0.17,1.88
2.51,0.19,2.12,2.29,0.17,0.88
0.1,0.01,0.59,0.18,0.19,0.81
1.1,0.04,0.39,2.01,0.84,0.45
0.2,0.11,0.04,0.04,0.06,0.17
0.1,0.06,0.11,0.03,0.06,0.51
0.11,0.95,1.04,0.08,0.7,0.34
0.03,0.14,0.06,0.11,0.14,0.36
0.06,0.13,4.16,1.18,2.95,1.17
0.12,0.14,0.22,0.03,0.17,0.26
0.09,0.01,0.27,0.05,1.4,0.88
0.32,0.54,0.21,0.52,0.57,0.32
0.29,1.33,0.54,0.83,0.04,0.09
0.02,0.08,0.02,0.01,0.06,0.36
0.01,1.02,0.33,0.8,0.1,1.2
0.34,0.6,0.18,0.92,0.13,0.43
1.38,1.46,4.59,1.2,0.17,3.64
0.32,0.37,0.14,0.37,0.14,0.96
0.49,1.18,0.46,0.38,0.06,0.72
0.32,2.23,0.35,0.37,0.25,0.1
0.05,1.59,0.16,0.11,0.93,0.64
0.2,0.08,0.15,0.04,0.04,0.29
0.03,0.19,0.27,0.56,0.52,0.35
0.45,0.46,0.67,0.38,0.49,0.01
0.04,0.6,0.15,0.09,0.08,0.18
1.69,2.8,1.87,0.01,1.96,2.03
0.89,0.39,0.16,0.1,0.01,1.49
0.05,0.04,0.13,0.06,0.08,0.27
0.21,0.22,0.21,0.06,0.07,0.01
0.12,0.1,0.06,0.03,0.15,0.49
0.03,0.12,0.09,0.07,0.23,0.02
0.14,0.02,0.09,0.08,0.05,0.39
0.08,0.32,0.31,0.16,0.05,0.17
0.1,0.14,0.03,0.19,0.09,0.08
0.01,0.05,0.08,0.12,0.04,0.25
0.11,0.4,1.58,0.28,1.34,0.06
0.52,0.17,0.08,0.38,0.06,0.44
0.33,0.22,0.12,0.3,0.01,0.22
1.7,0.79,0.46,0.1,1.39,0.1
0.21,0.25,0.12,0.13,0.33,0.31
0.15,0.19,0.18,0.05,0.11,0.12
0.03,0.11,0.17,0.47,0.08,0.26
1.49,0.35,1.05,0.11,0.14,0.64
0.05,0.11,0.02,0.24,0.03,0.2
0.02,0.68,0.03,0.02,0.42,0.24
0.13,0.3,0.19,0.1,0.32,0.1
0.23,0.04,0.27,0.39,0.24,0.04
0.04,0.2,0.28,0.05,0.36,0.38
0.09,0.75,0.6,0.51,0.23,0.23
0.0,0.14,0.11,0.19,0.49,0.08
0.06,0.07,0.12,0.03,0.11,0.14
0.04,0.03,0.01,0.0,0.21,0.1
0.71,1.13,0.16,0.48,0.84,0.03
0.1,1.68,0.47,1.75,0.01,1.66
0.05,0.16,0.03,0.01,0.76,0.2
0.04,0.21,0.26,0.16,0.04,0.27
0.38,0.08,0.65,0.07,0.33,0.01
0.1,0.06,0.05,0.04,0.23,0.0
0.18,0.11,1.47,0.03,0.03,0.23
0.2,0.08,0.64,0.08,0.4,0.18
0.38,0.12,0.0,0.0,0.04,0.34
0.02,0.07,0.95,0.62,0.05,0.52
0.12,0.03,0.09,0.06,0.02,0.3
0.15,0.1,0.1,0.06,0.17,0.12
0.11,0.24,0.25,0.04,0.0,0.4
0.51,0.48,0.27,0.48,0.51,0.01
0.07,0.01,0.16,0.1,0.12,0.03
0.42,0.13,0.09,0.04,0.08,0.03
0.04,0.06,0.11,0.04,0.05,0.14
0.11,0.12,0.0,0.04,0.13,0.28
0.72,0.04,0.16,0.06,0.12,0.1
0.03,0.23,0.1,0.07,0.14,0.05
0.08,0.14,0.12,0.05,0.09,0.18
0.01,0.07,0.31,0.15,0.04,0.26
0.2,0.06,0.13,0.01,0.76,0.33
0.06,0.11,0.19,0.42,0.01,0.61
0.49,0.04,0.59,0.14,0.38,0.07
0.11,0.09,0.21,0.03,0.01,0.44
0.56,0.15,0.86,0.09,0.27,0.27
0.21,0.09,0.02,0.09,0.1,0.27
0.62,1.65,2.24,0.15,0.05,1.97
0.03,0.99,0.33,0.85,0.01,1.18
0.06,0.08,0.27,0.08,0.06,0.18
0.01,0.13,0.22,0.05,0.03,0.08
0.0,0.07,0.19,0.08,0.14,0.04
0.36,0.72,0.12,0.58,0.75,0.13
0.02,0.81,0.96,0.47,0.54,0.19
0.09,0.23,0.2,0.1,0.6,0.21
0.0,0.07,0.1,0.02,0.0,0.08
1.1,0.26,0.46,0.01,0.76,0.53
0.03,0.09,0.25,0.08,0.32,0.01
0.1,0.63,0.58,0.13,0.01,0.56
0.01,0.11,0.04,0.09,0.33,0.06
0.12,0.19,0.21,0.2,0.11,0.22
0.13,0.31,1.22,0.06,0.16,0.29
0.03,0.04,0.08,0.33,0.08,0.07
0.18,0.05,0.57,1.28,0.01,0.28
0.07,0.09,0.28,0.01,0.01,0.18
0.28,0.05,0.71,0.72,0.17,0.03
0.32,0.18,0.19,0.38,0.05,0.42
0.09,0.07,0.22,0.16,0.0,0.39
0.04,0.13,0.32,0.02,0.25,0.09
0.94,0.29,1.12,0.92,1.49,2.3
0.15,0.0,0.05,0.05,0.29,0.03
0.88,0.13,0.0,3.75,0.11,0.75
0.22,0.79,0.43,0.03,0.41,0.9
0.05,0.03,0.34,0.17,0.16,0.71
0.08,0.22,0.11,0.04,0.02,0.05
0.09,0.06,0.2,0.04,0.24,0.35
0.03,0.13,0.24,0.06,0.05,0.26
0.36,0.07,0.42,0.0,0.15,0.09
0.02,0.1,0.04,0.06,0.1,0.17
0.12,0.38,0.39,0.04,0.56,0.39
0.05,0.18,0.21,0.09,0.43,0.37
0.08,0.48,0.37,0.06,0.02,0.03
0.04,0.11,0.09,0.07,0.03,0.04
0.17,0.74,0.23,0.07,1.02,0.14
0.06,0.15,0.05,0.1,0.18,0.02
0.01,0.32,1.42,0.4,0.04,1.49
3.46,1.07,0.45,3.63,0.15,4.46
1.73,0.61,2.15,0.08,2.87,3.84
1.72,3.56,0.46,0.77,0.08,0.91
1.94,0.12,0.84,1.6,1.34,1.07
0.01,0.31,0.19,0.05,0.18,0.43
0.1,0.14,0.33,0.04,0.17,0.66
0.53,0.04,0.17,2.16,3.44,0.15
0.61,0.62,1.03,0.93,1.81,0.1
0.56,4.42,1.15,0.48,0.32,0.12
0.23,0.07,5.1,3.44,6.78,4.81
1.1,0.95,0.93,1.18,0.24,4.47
5.04,3.18,1.71,6.88,3.85,9.52
1.38,0.07,1.12,1.12,1.16,1.22
3.79,0.56,0.69,1.05,1.51,1.76
0.12,0.05,1.5,1.54,2.73,0.37
0.11,1.04,2.79,1.66,1.85,0.43
14.08,0.01,5.54,3.38,1.42,9.02
3.38,0.28,5.11,9.99,1.16,8.58
4.94,3.97,2.86,0.19,0.95,5.7
5.04,1.21,1.97,10.69,0.14,6.82
5.93,0.75,2.82,1.02,3.1,0.22
1.79,0.1,3.26,0.63,2.63,2.84
9.07,12.39,5.81,2.88,0.89,13.74
0.32,0.37,1.55,5.84,0.18,4.04
5.89,4.6,0.74,0.17,1.51,10.67
0.13,2.26,0.11,0.42,2.79,9.17
0.93,2.66,4.01,0.93,0.44,2.39
13.81,6.98,1.93,9.77,10.86,0.0
2.1,1.73,0.33,2.2,1.44,0.1
0.51,0.46,10.77,14.92,11.71,0.5
3.19,1.3,13.45,17.54,16.77,0.18
8.89,6.79,6.59,6.89,8.4,0.12
11.66,2.0,9.4,24.78,13.81,0.08
8.51,0.95,5.49,6.71,11.72,0.03
5.76,1.96,8.13,15.0,17.1,0.09
1.74,1.88,1.95,5.11,5.38,0.07
0.19,1.53,2.84,0.25,0.26,4.65
3.54,6.12,1.48,9.58,3.06,0.03
4.46,1.8,4.96,3.41,5.74,0.57
2.32,0.94,5.05,10.33,3.27,4.17
2.92,0.69,4.43,2.86,4.4,0.76
3.35,7.04,1.11,6.37,0.46,6.8
5.76,3.83,1.54,5.34,1.89,0.11
5.43,9.06,10.3,18.92,13.69,0.03
0.92,1.85,4.87,1.2,2.93,0.52
3.49,0.51,4.14,0.55,3.83,0.14
5.92,6.29,1.28,3.56,1.62,0.09
0.01,3.68,8.28,7.72,2.81,0.13
1.21,7.5,12.5,7.66,0.33,3.1
0.23,2.19,2.23,0.03,1.44,0.52
0.17,0.75,7.73,0.18,2.72,1.9
2.08,5.01,4.34,0.62,0.1,3.81
3.21,4.15,1.65,0.87,5.31,0.08
1.96,0.05,3.45,1.26,1.89,9.99
0.21,0.2,1.4,0.08,0.6,0.61
4.02,1.63,0.38,0.13,1.7,3.46
1.99,8.55,4.87,2.8,0.27,12.62
3.78,0.05,4.92,0.29,0.64,3.09
1.49,3.36,0.95,2.52,2.38,5.07
0.12,0.0,0.12,0.07,0.4,0.16
1.79,0.79,0.75,1.04,0.18,1.63
0.99,0.1,2.03,0.03,3.37,0.18
4.93,10.83,3.04,2.32,2.51,10.73
0.48,0.04,3.02,0.11,1.15,3.34
1.15,0.06,0.63,4.18,1.3,4.03
0.37,1.29,3.41,2.36,2.43,0.23
1.6,2.09,2.34,0.03,1.37,0.83
2.61,0.16,1.11,0.55,2.35,5.85
4.5,1.78,1.92,1.59,1.27,1.8
1.39,0.24,5.44,0.18,10.39,7.33
0.99,0.13,0.17,1.53,3.11,0.33
0.05,2.81,0.13,2.3,3.61,0.02
3.2,4.12,2.17,3.06,1.57,0.11
0.53,8.2,1.15,0.69,3.49,0.38
3.83,0.2,8.62,4.24,2.37,5.05
0.03,4.76,7.59,7.72,2.55,2.54
1.97,4.39,6.6,0.12,1.4,7.86
6.79,0.11,0.94,3.58,1.09,0.78
3.87,5.51,1.26,0.14,5.31,1.36
0.3,0.39,0.46,0.32,0.0,0.5
5.53,2.16,5.61,3.24,3.21,0.37
2.22,4.54,1.44,0.09,1.23,3.46
0.25,0.17,1.08,2.56,1.3,1.08
7.95,4.35,4.42,0.14,0.49,2.12
0.89,11.34,6.99,1.85,0.22,6.52
2.32,3.45,0.52,1.67,1.77,2.05
1.2,0.06,3.39,1.27,4.69,7.9
0.9,2.03,3.61,1.98,0.08,4.28
2.79,0.78,3.36,0.58,9.42,0.12
0.11,0.15,0.49,1.25,1.7,5.21
0.06,0.07,2.67,1.08,3.73,1.7
0.79,2.27,5.79,0.09,0.61,4.88
0.9,0.88,3.06,2.25,2.66,0.03
0.64,3.98,0.07,4.91,0.92,0.14
0.08,2.55,2.62,4.93,0.17,6.66
9.1,8.95,5.23,1.07,3.46,0.12
2.07,1.24,1.37,0.21,1.52,2.23
1.83,1.22,0.91,0.26,1.17,2.05
0.29,0.19,1.05,0.95,0.07,4.78
2.17,0.19,1.92,4.17,1.24,0.1
0.11,0.43,0.84,3.03,3.45,0.3
0.36,0.38,0.27,0.23,0.12,0.19
0.88,0.02,0.64,0.2,0.22,0.98
1.4,3.06,0.52,2.83,1.04,5.68
1.49,0.09,0.8,1.26,0.16,0.69
1.65,0.11,6.48,0.67,1.51,0.51
2.18,0.82,1.23,5.65,0.08,4.15
0.65,1.96,2.65,0.97,1.71,0.02
8.93,8.66,1.3,2.64,2.31,0.01
1.72,2.11,0.8,3.43,1.11,0.26
1.64,0.31,0.49,1.63,0.03,1.16
4.37,0.23,2.14,0.0,2.48,1.31
2.43,0.0,2.12,0.36,1.12,2.61
2.51,1.65,0.64,3.25,0.28,0.06
1.13,6.21,5.57,3.02,1.79,0.09
2.46,0.51,0.99,1.17,1.85,5.33
1.08,1.16,0.63,7.83,0.51,0.63
1.27,0.05,2.11,1.04,2.51,0.46
0.09,0.72,2.3,3.95,3.82,0.02
0.41,2.83,0.23,0.2,0.79,0.21
0.12,1.69,7.21,2.26,1.98,4.36
2.64,0.11,0.07,0.06,0.0,2.45
0.05,3.89,1.49,0.7,0.77,3.39
1.97,3.56,0.45,2.0,1.12,2.21
0.7,1.12,0.28,0.16,3.76,0.4
0.42,1.47,0.72,1.81,4.07,0.08
0.66,4.12,3.19,0.05,3.24,0.93
2.45,2.92,4.84,0.63,1.46,0.86
0.78,0.08,0.68,0.08,0.17,2.29
0.08,1.74,1.41,0.56,0.08,0.16
0.96,0.97,1.76,2.33,0.21,0.08
1.52,2.74,1.6,0.07,0.56,0.17
0.13,3.8,8.84,4.59,0.41,0.93
6.15,9.97,2.09,1.99,1.65,12.25
0.16,0.51,1.0,0.09,0.53,3.53
0.5,2.67,2.22,0.41,1.62,0.05
7.87,0.11,3.96,2.29,8.87,0.79
0.27,0.1,0.82,0.51,0.57,5.49
1.04,1.13,0.78,0.09,0.02,6.04
1.98,1.52,2.91,3.93,0.06,1.02
0.14,1.69,0.71,3.24,1.69,0.21
1.17,0.02,1.62,0.63,1.94,0.67
0.11,0.01,2.56,0.05,0.89,0.73
3.67,4.36,5.64,3.06,1.12,0.04
9.36,2.65,0.07,0.2,3.62,1.47
1.96,0.77,1.75,1.38,0.16,1.81
0.65,1.29,1.58,1.43,0.06,2.42
0.18,0.76,0.75,0.34,0.17,5.04
2.81,3.9,1.07,2.81,0.45,1.52
1.35,1.75,7.16,2.77,0.09,0.09
0.72,1.36,0.36,0.92,0.04,0.75
2.6,5.51,3.5,0.36,2.35,7.3
4.03,6.01,10.43,1.74,0.58,0.11
7.95,4.07,9.86,7.34,7.41,0.06
8.96,0.17,1.34,6.29,1.27,1.22
1.62,0.06,8.53,4.18,1.94,3.09
8.01,3.86,3.84,2.08,3.7,0.21
2.25,1.17,0.82,1.28,0.18,0.03
2.82,0.08,1.37,2.95,0.35,0.9
0.92,0.49,3.36,1.47,0.14,3.76
0.38,5.3,4.54,0.99,0.22,3.42
3.43,4.22,1.06,0.96,0.13,0.98
2.05,0.03,0.41,0.26,5.29,4.41
0.01,0.88,1.91,1.67,2.24,0.28
2.33,2.75,1.06,0.24,3.06,4.98
8.18,0.53,3.54,2.41,0.2,1.63
2.0,3.93,0.4,2.04,4.32,9.44
1.14,0.04,1.01,1.49,4.62,1.18
5.26,5.9,4.05,0.12,1.12,10.01
0.36,0.14,2.47,0.63,1.33,6.19
3.93,6.81,3.32,5.18,5.23,0.21
4.95,1.14,3.59,0.06,0.5,13.54
2.18,8.83,0.81,0.14,1.91,2.37
0.26,2.11,1.92,0.12,0.48,3.72
1.85,1.88,2.06,2.6,0.02,4.71
2.02,0.22,1.58,0.09,5.17,2.16
2.09,2.47,2.83,2.56,0.83,0.04
1.02,0.3,0.62,6.92,4.21,1.24
3.11,9.96,3.32,0.15,3.16,1.76
1.58,1.54,1.61,0.13,1.09,2.15
2.76,0.61,0.9,1.96,0.14,5.8
0.48,2.42,2.94,0.09,1.88,1.09
0.58,0.09,1.05,0.61,0.91,0.14
5.09,2.05,0.16,1.22,1.73,0.07
0.18,2.79,7.82,0.52,1.67,0.1
3.17,4.66,1.99,0.03,5.82,4.0
1.57,0.17,3.94,6.51,10.97,5.08
2.98,1.64,7.74,0.04,0.21,3.54
1.75,0.8,0.14,0.97,2.72,0.06
2.6,2.88,2.9,0.01,0.81,1.96
1.16,1.06,2.71,0.07,4.72,0.98
0.28,4.02,2.82,0.1,2.73,4.49
7.63,0.91,3.84,0.38,6.69,1.35
1.31,2.56,1.93,1.58,2.66,0.03
1.15,3.53,5.15,0.17,2.77,4.31
0.86,2.62,5.15,0.03,5.43,9.83
0.04,4.1,4.58,4.53,3.04,0.94
1.05,4.6,2.56,3.94,0.7,0.32
0.22,10.08,5.16,0.22,4.69,4.15
2.02,0.12,1.44,1.14,0.1,0.43
0.69,6.03,4.75,6.14,0.24,0.01
0.81,2.95,1.37,3.96,1.91,0.06
3.08,0.23,1.28,2.36,0.98,0.54
3.45,1.94,4.02,0.09,3.03,0.26
0.06,2.5,1.78,1.18,0.18,2.07
0.27,0.31,0.36,4.5,2.52,0.12
0.74,3.2,3.33,4.89,1.95,0.02
1.33,1.19,5.09,5.01,2.46,0.23
0.39,0.47,0.98,2.02,0.06,3.91
4.53,1.43,1.83,3.33,1.42,0.13
0.65,1.18,1.12,3.86,0.57,0.0
1.09,4.65,0.96,0.04,3.6,11.75
3.71,2.59,1.39,0.06,5.83,6.25
4.6,5.07,1.64,1.21,0.32,1.56
0.8,1.24,2.48,1.11,0.0,5.14
0.83,3.84,0.67,8.39,0.82,0.03
4.95,3.5,5.32,0.38,4.14,5.31
0.14,1.46,3.51,1.54,2.94,0.85
2.03,4.22,3.85,0.13,5.47,11.04
3.24,5.3,4.43,5.43,4.36,12.24
3.49,4.4,3.16,0.17,18.54,25.49
7.78,3.27,5.32,0.04,0.14,13.55
0.25,0.05,14.13,0.53,1.67,5.19
7.24,0.71,2.99,0.26,4.2,0.02
0.15,1.64,1.05,3.25,1.0,0.66
1.9,1.3,3.44,2.05,1.93,3.45
1.72,7.61,0.78,5.4,0.19,0.23
1.15,0.01,4.7,0.11,6.82,5.95
0.65,0.14,2.79,9.48,1.53,3.71
2.47,5.13,2.41,1.19,7.0,0.14
0.1,1.96,1.58,3.01,1.06,5.6
1.1,0.79,1.67,0.13,1.56,0.71
0.23,0.6,0.25,2.06,0.39,0.0
0.56,1.68,4.18,0.1,2.7,5.7
1.7,0.45,0.95,0.12,1.18,0.65
0.33,0.03,1.39,0.71,0.34,6.93
0.36,0.22,0.63,0.41,1.25,0.06
1.98,0.01,2.15,0.53,0.56,3.04
3.75,1.64,1.44,1.53,6.25,0.04
8.55,8.98,2.65,0.24,1.95,10.97
1.83,0.01,0.01,1.1,4.65,3.35
4.17,4.86,3.75,3.65,4.64,0.42
0.2,2.11,4.4,0.69,6.12,0.46
0.04,0.04,0.18,0.04,0.13,0.13
0.3,0.29,0.27,0.6,0.19,2.43
0.03,1.18,0.35,0.13,0.21,3.15
0.01,0.09,0.03,0.0,0.13,0.1
0.12,0.88,0.08,0.02,0.2,0.18
0.08,0.1,0.36,0.04,0.07,0.31
0.22,0.12,0.1,0.09,0.09,0.24
0.44,0.12,0.08,0.88,0.59,0.08
1.54,3.07,0.54,1.24,0.38,0.42
0.12,0.32,0.04,0.04,0.01,0.12
0.11,0.25,0.01,0.03,0.03,0.26
0.11,0.05,0.05,0.13,0.07,0.18
0.17,0.33,0.26,0.02,0.06,0.52
0.13,0.15,0.26,0.13,0.03,0.02
0.37,0.07,0.45,0.08,0.22,0.04
0.17,0.17,0.1,0.06,0.03,0.06
0.1,0.63,0.07,0.01,0.2,0.15
0.12,0.65,0.28,0.29,0.78,1.85
0.02,0.0,0.09,0.2,0.29,0.11
0.05,0.06,0.06,0.0,0.01,0.01
0.06,0.04,0.16,0.03,0.18,0.05
0.05,0.14,0.08,0.02,0.11,0.16
0.23,0.22,0.01,0.02,0.17,0.34
0.09,0.09,0.12,0.02,0.06,0.19
0.07,0.08,0.11,0.12,0.12,0.0
0.1,0.25,0.2,0.14,0.11,0.12
0.26,2.75,3.15,0.05,1.53,2.24
0.49,0.16,0.39,0.42,0.09,0.9
0.07,0.17,0.32,0.15,0.04,0.43
0.84,0.29,0.22,0.69,0.79,0.2
1.33,0.54,1.47,0.04,1.07,0.41
0.06,0.38,0.14,0.2,0.32,0.19
0.13,0.08,0.11,0.08,0.11,0.26
0.1,0.14,0.71,0.06,0.24,0.5
0.05,0.37,0.1,0.05,0.11,0.24
0.34,0.47,0.22,0.59,0.55,0.36
0.19,0.07,0.33,0.16,1.24,0.17
0.12,0.47,0.07,0.07,0.36,0.07
1.3,0.01,0.19,0.27,0.29,0.47
0.8,0.11,0.13,0.13,0.16,0.46
0.09,0.4,0.02,0.02,0.19,0.07
0.08,0.02,0.14,0.05,0.04,0.17
0.0,1.58,0.11,1.41,0.2,2.05
0.14,0.02,0.04,0.08,0.05,0.22
1.08,0.01,1.3,1.07,1.49,0.31
0.16,0.06,0.02,0.08,0.27,0.0
0.28,0.07,0.61,0.03,0.45,0.13
0.1,0.02,0.51,0.03,0.25,0.07
0.15,0.15,0.29,0.22,0.07,0.74
0.21,0.04,0.58,0.18,0.03,0.58
0.38,1.55,1.13,0.07,5.37,5.51
0.12,0.09,0.09,0.01,0.13,0.17
0.03,0.28,2.36,0.19,1.08,0.52
3.29,0.27,5.15,1.72,1.52,2.45
0.01,5.0,11.98,4.22,4.41,2.86
0.48,2.21,0.6,0.5,1.53,5.18
3.45,7.06,6.23,0.19,1.79,1.62
0.1,0.16,0.84,0.25,0.27,3.58
2.91,0.23,0.55,1.35,0.83,1.53
0.03,1.56,0.07,0.77,0.67,2.88
11.61,0.13,13.1,8.94,6.48,8.71
10.1,10.64,18.3,0.33,2.4,10.08
1.11,2.64,0.42,0.09,0.2,0.21
3.25,1.19,7.25,0.77,2.84,0.1
14.03,11.7,19.16,7.54,0.39,13.05
12.61,7.73,2.57,3.99,0.36,15.66
7.59,4.58,16.33,1.24,2.7,0.04
0.9,3.12,7.28,2.3,5.96,0.05
1.62,0.83,0.47,0.57,0.09,6.6
1.4,3.69,7.35,1.54,0.41,0.01
3.01,14.09,15.87,6.44,8.14,1.11
2.3,5.96,13.88,2.94,4.4,0.99
1.26,1.52,4.76,0.05,0.03,0.67
0.02,2.23,2.92,3.07,1.57,0.19
0.17,8.29,4.61,0.11,7.66,0.21
3.33,0.15,7.77,0.44,0.22,6.32
10.93,1.04,30.45,0.92,3.3,0.26
7.4,10.0,4.79,0.24,4.5,11.84
0.83,2.17,4.01,0.04,2.77,5.02
8.62,8.85,1.66,0.15,8.51,13.3
0.02,5.14,4.64,1.46,4.04,6.12
1.52,0.1,6.83,0.16,4.58,11.51
0.0,1.64,2.13,3.44,0.2,0.01
7.66,0.32,11.58,3.94,2.99,10.8
0.04,2.11,12.07,6.3,0.09,0.41
0.46,0.7,1.07,1.42,2.84,0.32
1.64,1.17,3.68,1.63,1.84,0.26
1.73,0.19,1.8,4.44,0.36,1.36
0.56,4.4,14.93,7.53,0.24,7.97
2.44,0.58,1.4,7.74,0.16,2.34
0.79,0.63,0.9,0.76,0.71,0.19
7.44,3.19,8.14,3.28,3.3,9.9
2.53,5.88,4.49,1.92,3.44,0.02
1.75,4.89,5.49,5.71,3.05,0.2
1.04,0.94,2.57,1.3,0.44,0.05
3.86,10.37,7.94,0.55,1.45,2.5
1.05,0.01,2.55,4.34,4.97,0.62
0.03,8.58,0.84,0.18,1.24,0.32
0.2,4.02,4.41,0.02,1.03,5.04
5.65,13.23,7.24,0.42,1.81,0.04
5.15,0.98,3.87,0.07,13.6,7.24
0.85,8.88,9.18,2.94,9.46,0.29
9.31,3.91,4.03,0.9,2.55,0.05
2.62,2.11,1.03,0.45,1.52,0.5
4.01,6.87,6.71,2.89,2.53,0.49
5.09,1.75,7.77,8.84,0.12,13.61
0.79,0.02,2.18,1.5,1.86,0.17
3.9,8.08,9.63,0.11,2.19,0.01
0.05,0.17,0.44,3.54,0.04,0.07
2.28,7.71,39.83,0.29,3.28,12.49
3.1,0.08,3.25,0.01,2.77,2.89
4.02,3.61,1.79,2.79,4.62,6.16
9.12,13.94,8.87,2.83,2.15,0.19
3.87,1.12,0.18,3.3,0.11,0.38
2.36,5.43,0.71,3.47,0.98,1.11
0.53,0.71,0.39,1.71,0.48,0.23
0.95,5.32,5.42,1.9,0.12,4.45
5.99,9.46,4.5,0.01,0.86,6.97
0.03,10.86,6.03,2.35,0.54,4.08
3.55,6.85,1.83,0.82,0.13,3.81
0.81,8.87,18.78,2.18,0.89,0.17
1.04,0.42,0.24,0.11,0.9,1.32
5.01,12.42,2.93,0.09,1.67,4.31
1.61,1.06,15.22,3.04,3.22,0.1
1.55,4.97,4.21,0.74,0.9,8.78
12.36,12.46,0.7,0.2,32.11,46.25
0.43,5.51,4.38,0.13,1.38,9.6
2.57,2.32,8.63,2.02,3.43,0.11
0.98,4.06,1.48,2.95,3.54,0.06
7.38,26.18,12.47,5.65,7.13,0.35
2.72,7.87,13.44,5.82,1.58,1.21
1.44,0.05,3.27,1.31,0.08,6.4
0.47,0.04,1.5,0.1,4.05,0.26
1.78,2.33,2.14,0.11,0.76,0.09
2.05,3.26,5.81,2.06,4.66,7.81
2.27,5.53,13.46,1.46,0.1,2.05
1.56,8.97,1.02,0.11,1.99,0.19
1.1,8.52,0.91,3.15,2.25,0.02
2.79,2.03,1.15,1.35,1.3,0.03
2.1,0.39,2.12,1.91,2.1,0.38
0.87,0.91,0.73,1.9,1.12,0.12
0.58,2.01,4.35,0.15,0.03,2.63
0.21,0.59,0.44,0.65,0.0,0.58
2.16,4.62,0.7,0.18,1.07,0.63
0.31,0.38,0.89,0.42,0.22,0.02
0.03,3.02,1.74,4.59,0.04,1.31
2.84,1.88,0.75,1.83,0.14,1.98
1.36,4.84,1.77,1.59,0.34,10.17
3.39,3.9,1.27,1.46,1.58,1.0
0.02,0.12,1.82,1.29,1.84,3.18
5.13,0.14,3.1,1.71,3.13,1.34
0.07,2.34,5.4,2.12,3.47,11.1
1.22,0.66,4.79,2.27,0.14,4.29
0.17,0.18,0.26,0.03,0.16,0.61
2.61,0.11,4.77,0.17,3.88,7.79
1.58,0.25,5.44,0.04,0.29,1.76
2.39,0.07,3.39,2.25,2.27,3.99
1.7,0.7,2.17,0.76,1.19,0.1
3.8,0.08,2.51,0.19,1.75,2.95
0.15,0.93,1.4,1.36,2.56,5.78
1.63,0.69,0.69,0.29,0.9,0.19
0.13,4.86,0.12,1.44,0.92,2.89
0.34,1.16,0.44,0.28,0.17,0.15
0.47,0.49,0.24,0.15,1.73,0.76
0.17,0.25,0.76,1.28,1.97,0.63
5.17,4.19,2.08,0.95,1.83,2.86
0.1,2.12,1.98,3.52,0.61,3.09
0.5,0.1,0.71,0.02,0.1,0.19
1.33,0.22,1.73,0.79,0.39,0.27
0.47,0.59,0.62,2.07,0.11,2.09
0.11,0.14,0.13,0.07,0.18,0.19
0.24,1.29,0.83,0.0,0.37,0.15
0.73,0.34,7.45,0.2,1.91,0.29
2.05,0.1,1.6,0.96,4.14,3.18
1.77,1.24,1.1,0.38,1.61,0.01
0.17,6.51,3.84,2.95,2.95,2.8
0.1,1.61,4.04,1.65,0.09,0.04
0.52,0.06,2.17,2.24,0.21,0.64
0.29,1.27,2.57,2.17,0.73,0.48
2.6,1.1,7.26,0.22,0.24,2.09
0.14,1.94,0.81,0.04,6.1,1.91
0.85,1.02,4.46,0.02,4.4,6.82
2.29,0.1,2.99,1.72,0.04,2.57
0.89,1.39,1.84,1.76,2.03,2.21
5.77,0.13,2.92,1.87,0.54,3.42
1.92,5.25,2.41,0.06,1.02,0.06
2.0,0.1,5.26,0.15,0.9,5.73
0.14,0.2,2.01,0.05,0.09,0.13
1.16,0.13,0.12,0.94,2.6,2.24
5.16,1.99,0.35,0.06,0.1,7.8
3.69,1.38,0.64,0.18,4.51,8.96
0.53,0.73,10.44,0.09,6.78,13.54
0.44,0.9,0.82,2.69,0.23,1.73
0.88,0.13,0.83,0.01,1.21,1.89
0.42,1.16,1.08,1.18,0.48,0.06
2.72,3.1,1.72,1.92,0.2,3.0
1.43,3.47,3.19,1.09,0.09,5.93
0.0,0.0,8.34,0.0,1.76,3.92
3.59,2.13,2.93,0.76,1.37,0.28
6.7,1.81,2.32,4.85,0.21,2.09
0.71,2.23,2.39,0.76,1.59,0.08
0.11,0.45,1.11,2.74,0.94,9.61
1.86,0.2,4.68,1.78,0.81,7.56
5.28,3.83,0.73,5.46,1.98,6.06
4.05,12.56,0.35,0.89,0.35,0.94
0.08,0.55,0.14,0.14,0.11,0.46
2.14,0.14,0.69,0.31,1.27,3.46
1.72,0.46,3.63,3.66,1.22,0.53
0.95,7.19,1.99,0.2,0.21,5.47
5.84,1.5,0.24,0.04,0.6,5.28
1.12,0.43,0.6,3.56,0.16,0.67
0.63,1.71,1.9,0.59,1.36,0.03
0.44,0.6,0.35,0.4,0.3,4.5
4.78,0.34,3.96,0.13,0.38,3.08
0.61,1.28,1.53,0.1,1.36,2.75
0.48,2.27,0.06,0.85,1.78,4.2
2.15,3.38,0.43,0.18,0.02,0.06
0.77,0.49,1.46,0.08,0.66,3.68
0.06,0.24,0.58,0.21,1.06,0.57
0.28,0.02,2.39,2.76,0.04,2.63
0.37,0.07,2.19,1.19,0.83,0.17
0.2,1.38,5.65,3.21,0.18,1.56
0.54,1.33,0.5,3.35,1.19,0.26
0.57,0.04,1.87,1.25,2.95,5.99
3.85,0.47,1.39,0.31,0.42,0.04
5.8,1.89,3.22,2.66,0.67,0.22
1.04,4.28,1.65,0.01,0.19,1.08
3.0,1.92,2.67,0.63,1.73,0.05
0.08,0.11,0.16,0.12,0.33,0.14
2.07,0.24,0.39,0.18,0.09,0.02
0.26,0.81,1.26,0.93,0.56,1.88
0.4,0.51,0.48,0.13,0.71,0.08
1.78,0.61,2.94,5.01,0.16,3.28
0.25,0.03,0.26,0.1,0.66,0.0
0.59,7.98,0.74,1.28,1.69,0.01
0.44,3.93,0.58,0.08,4.61,2.62
0.01,0.04,1.43,1.05,0.79,2.04
0.76,0.46,0.67,0.98,0.03,0.89
0.93,0.83,0.87,1.9,4.57,0.38
0.39,0.4,2.9,0.88,0.66,0.12
0.11,1.03,1.25,0.2,0.98,0.11
0.03,0.98,0.67,1.68,0.54,1.56
0.08,0.64,0.63,0.04,0.06,0.27
1.97,4.35,2.72,0.0,3.01,2.14
1.03,0.42,1.29,0.11,0.02,0.13
0.03,0.2,0.13,0.1,0.23,1.67
4.7,0.72,0.19,0.06,3.37,0.18
0.69,0.44,0.46,0.57,0.87,1.41
0.2,1.17,0.84,0.58,1.2,3.11
0.01,0.11,0.43,0.06,0.33,0.3
1.06,0.97,0.04,0.25,0.4,0.11
0.2,0.26,2.03,1.02,0.01,2.41
0.18,0.05,0.02,0.11,0.28,0.23
1.39,1.68,1.7,1.85,0.71,1.23
3.63,3.56,0.78,2.16,4.62,0.09
0.76,13.25,21.09,0.48,3.91,0.44
5.92,23.97,11.45,5.07,0.26,2.6
3.94,30.61,16.79,0.12,5.52,0.8
1.44,0.23,9.69,5.22,1.57,6.36
7.7,0.46,1.69,1.71,4.82,0.01
2.9,3.1,5.4,7.45,4.68,0.1
0.62,0.07,4.51,0.03,1.48,5.66
2.15,2.98,12.11,9.61,3.82,5.17
1.64,11.76,15.97,5.54,5.05,0.3
0.21,23.75,12.15,0.03,0.17,2.9
1.25,0.56,0.58,0.37,0.02,0.34
2.22,1.03,2.99,11.93,8.9,3.05
0.12,0.32,0.17,0.4,1.99,2.26
0.37,1.64,8.93,5.95,1.98,4.33
0.2,0.05,0.17,4.04,1.68,1.16
0.03,1.81,3.71,5.47,1.06,0.01
0.14,6.86,1.79,1.57,1.5,0.2
0.54,0.35,0.15,4.2,2.77,0.79
7.03,13.04,1.89,4.1,1.35,2.9
0.65,6.08,12.33,2.4,1.23,0.05
2.26,1.84,2.68,11.09,3.71,1.05
2.44,5.16,10.03,0.5,0.39,11.71
2.5,0.84,3.69,1.93,0.17,0.35
0.18,4.51,12.46,1.07,0.19,5.51
0.03,13.24,17.65,1.17,5.81,0.55
1.55,0.25,0.45,0.08,1.95,0.78
0.1,5.41,0.85,0.53,2.93,3.48
3.17,10.53,4.77,0.81,1.78,0.05
4.0,17.04,2.6,1.58,0.19,3.08
0.03,2.29,3.7,0.08,1.69,0.74
6.17,14.9,9.5,0.36,4.29,1.31
0.97,2.82,2.82,0.13,0.09,2.27
1.1,1.09,0.86,0.1,0.7,0.43
0.47,3.42,4.72,10.46,0.48,0.27
2.21,2.35,9.31,1.78,0.56,0.02
4.0,6.08,18.18,3.77,0.96,1.86
2.26,5.0,3.54,3.88,0.02,3.58
1.06,3.16,6.29,3.66,1.36,0.04
5.61,0.94,1.27,4.98,4.1,0.88
3.7,0.12,0.14,4.42,3.21,0.33
3.3,1.37,1.26,3.25,3.0,2.52
8.34,3.07,1.05,12.6,4.63,0.41
0.09,3.93,4.45,5.72,0.64,2.74
3.79,3.23,2.21,1.75,0.11,19.62
1.34,6.22,0.98,1.31,3.18,4.62
1.5,4.0,5.06,0.3,3.03,0.76
3.4,1.77,10.47,2.58,1.13,0.32
5.86,2.23,0.35,1.62,12.01,0.16
2.91,0.11,5.72,1.11,0.54,2.95
8.52,3.76,10.95,7.68,10.39,0.03
0.27,0.02,5.54,4.42,0.13,2.85
0.17,2.52,1.58,0.27,0.7,0.08
7.64,5.08,11.39,1.25,1.55,0.63
0.06,1.36,0.17,1.43,2.43,1.22
3.83,8.0,12.52,2.17,0.13,1.11
0.71,0.0,0.06,0.76,1.61,0.29
0.17,1.74,0.86,1.01,7.08,6.09
1.55,0.08,4.94,0.13,0.59,1.35
0.16,0.56,1.13,0.96,0.44,0.06
0.02,0.27,4.42,1.87,4.25,0.49
1.06,0.07,0.01,2.6,2.67,0.34
0.17,12.17,9.02,0.2,0.19,2.76
0.54,1.0,1.97,0.14,2.99,10.36
5.47,20.44,18.07,1.47,0.33,10.89
1.89,1.47,3.12,9.79,7.26,4.53
4.5,6.71,1.68,0.03,4.31,3.06
0.22,0.03,1.61,0.87,0.15,5.53
1.95,2.48,5.44,4.44,3.25,1.6
5.4,4.16,4.73,0.06,3.26,1.25
6.07,1.3,0.3,0.28,0.48,1.56
2.16,0.13,0.67,1.43,0.71,3.6
0.43,0.11,3.99,0.68,0.52,3.93
0.54,1.94,1.71,0.07,2.85,9.98
0.22,0.12,0.31,0.4,0.05,0.01
2.53,1.74,3.69,3.21,1.25,5.33
0.19,0.46,0.06,0.34,1.16,0.28
0.27,1.4,1.04,1.3,0.15,3.85
2.48,2.28,2.4,0.11,2.71,2.17
3.13,1.5,1.66,2.26,0.29,1.49
0.08,0.62,0.74,0.5,0.76,0.03
0.3,2.59,1.0,0.0,0.24,9.07
0.03,1.83,2.37,0.12,1.91,0.69
1.72,3.23,2.66,0.02,0.7,5.88
0.11,0.06,0.38,0.04,2.26,1.0
0.07,0.45,0.62,0.3,1.82,1.29
1.58,1.67,0.42,0.95,0.11,0.15
0.06,1.18,0.7,1.78,1.19,0.29
1.68,0.14,1.31,0.02,0.03,12.59
0.07,5.72,4.69,0.72,4.1,0.3
0.5,0.17,1.4,0.62,0.62,1.06
0.04,1.56,1.68,1.45,0.24,3.9
1.97,2.08,3.48,3.14,0.4,5.38
4.35,0.07,0.26,3.69,2.02,6.12
0.32,5.67,5.38,4.49,0.05,0.32
3.11,2.56,0.42,6.59,2.89,5.92
0.48,0.05,0.53,0.47,0.34,2.18
13.77,5.84,11.12,8.01,0.18,0.2
0.97,3.06,1.82,0.76,0.03,11.67
3.53,4.6,0.51,2.06,0.1,9.35
2.6,4.32,5.28,0.03,12.23,20.69
0.11,0.19,0.72,5.25,0.15,16.54
0.91,0.07,0.61,0.55,0.0,1.02
0.69,4.01,4.03,1.09,0.11,3.21
0.54,0.1,0.79,0.65,0.85,0.52
0.03,0.44,2.12,2.44,0.61,0.04
0.15,0.77,1.06,1.3,0.03,2.39
1.03,0.08,1.19,0.47,0.17,4.62
1.41,1.91,0.31,0.21,6.42,14.73
0.92,0.99,1.95,0.03,2.54,4.44
1.67,2.73,4.69,1.79,0.3,1.55
2.82,1.66,2.85,1.58,0.07,1.72
0.72,0.01,0.67,0.29,0.44,0.19
0.3,1.26,0.02,3.24,0.09,2.33
5.38,5.46,6.95,5.2,0.06,1.19
0.29,2.02,3.29,4.25,0.0,1.0
0.54,0.9,1.04,0.05,2.5,3.28
2.11,1.59,1.06,0.91,0.15,0.36
0.15,0.24,0.13,0.05,0.47,0.15
0.46,0.09,0.4,0.43,0.04,1.53
0.01,0.04,0.19,0.1,0.17,0.11
0.14,0.35,0.06,0.02,0.01,0.18
0.39,0.02,0.09,0.32,0.5,0.6
1.19,0.92,0.24,0.15,0.29,0.19
0.19,0.31,0.0,0.07,1.18,0.18
0.24,0.31,0.35,0.35,0.53,0.29
0.08,0.07,0.46,0.48,1.07,0.28
0.18,0.41,0.4,0.05,0.09,0.2
0.38,0.05,0.0,0.51,0.01,0.24
0.1,0.28,0.26,0.14,0.02,0.11
0.16,0.27,0.29,0.11,0.23,0.0
0.05,0.1,0.29,0.13,0.6,0.6
0.47,0.29,2.09,0.09,0.6,0.4
0.01,1.92,1.22,0.07,0.09,0.81
0.06,0.08,0.16,0.31,0.23,0.56
0.09,0.34,0.4,0.17,0.11,0.02
0.06,0.01,0.04,0.12,0.24,0.01
0.99,0.86,0.39,0.18,0.05,0.07
0.12,0.17,0.32,0.01,0.16,0.08
0.1,0.12,0.12,0.01,0.11,0.05
0.8,0.09,1.22,0.07,0.37,1.95
0.04,0.09,0.05,0.05,0.12,0.02
0.13,0.22,0.35,0.24,0.11,0.0
0.02,0.3,0.19,0.1,0.03,0.08
0.01,0.04,0.51,0.02,0.16,0.02
0.31,0.24,0.25,0.04,0.06,0.29
0.04,0.08,0.08,0.01,0.16,0.09
0.02,0.1,0.01,0.03,0.06,0.05
0.21,0.11,0.13,0.16,0.05,0.08
0.39,0.44,0.08,0.18,0.58,0.39
0.01,0.1,0.13,0.1,0.06,0.32
0.16,0.07,0.09,0.15,0.04,0.02
0.13,0.01,0.08,0.03,0.09,0.23
0.02,0.1,0.15,0.08,0.18,0.02
0.3,0.16,0.03,0.01,0.09,0.07
0.1,0.02,0.01,0.02,0.49,0.05
0.26,0.01,0.38,0.08,0.1,0.01
0.1,0.01,0.58,0.6,0.85,0.33
0.34,0.44,0.21,0.58,0.0,0.31
0.09,0.2,0.29,0.04,0.07,0.22
0.03,0.1,0.19,0.43,0.25,0.03
0.16,0.16,0.28,0.02,0.16,0.02
0.79,0.03,0.05,0.07,0.06,0.47
0.72,0.05,0.6,0.38,1.22,0.12
0.15,0.02,0.0,0.17,0.28,0.06
0.02,0.05,0.24,0.0,0.04,0.17
0.86,0.93,1.6,0.11,2.74,0.12
0.45,0.03,0.11,0.02,0.02,0.02
0.78,1.22,0.08,0.79,0.6,0.04
0.07,1.25,0.26,1.52,1.1,1.58
0.03,0.12,0.05,0.08,0.05,0.14
0.06,0.17,0.0,0.03,0.03,0.09
0.38,0.46,0.86,0.24,1.67,0.03
0.07,0.03,0.04,0.08,0.73,0.0
0.14,0.02,0.38,0.03,0.55,0.07
0.07,0.24,0.31,0.03,0.02,0.16
0.12,0.04,0.01,0.01,0.17,0.12
0.83,1.89,1.3,1.03,0.91,0.03
0.05,0.52,0.02,0.0,0.23,0.02
0.02,0.14,0.69,0.0,0.01,0.19
0.24,0.27,0.01,0.03,0.39,0.59
0.17,0.11,0.29,0.19,0.02,0.09
0.76,0.02,0.9,0.0,0.33,0.67
0.31,0.09,1.34,0.14,0.73,0.28
1.04,0.14,12.42,2.35,0.19,16.05
0.21,4.32,5.37,0.01,2.44,0.61
6.96,2.74,1.92,1.14,1.02,0.14
0.28,0.5,0.24,2.99,0.87,4.77
3.04,4.57,3.94,0.06,1.59,0.16
1.6,5.87,0.99,1.07,4.58,0.06
11.41,2.18,5.07,7.15,3.63,0.27
1.58,4.42,5.44,4.78,2.36,0.14
1.96,0.2,1.43,0.11,0.0,0.29
0.13,4.72,5.63,2.42,0.06,4.49
4.9,9.89,1.19,0.06,5.53,16.76
3.2,0.34,1.25,0.28,0.7,0.83
1.0,10.62,10.8,0.13,8.25,1.65
0.04,8.82,0.74,0.77,0.23,4.77
1.7,3.27,7.41,1.95,0.08,0.05
0.98,2.99,1.12,4.35,0.23,2.66
0.06,1.72,1.16,0.12,1.07,2.98
0.72,0.14,3.72,1.22,3.26,1.12
6.85,1.4,2.7,0.18,10.74,15.04
2.61,0.59,4.64,0.92,0.57,0.03
5.99,8.03,1.32,2.01,0.18,9.27
0.6,0.04,13.0,5.47,5.59,4.85
0.06,3.16,1.72,1.99,0.96,0.04
0.74,0.36,0.6,0.44,0.98,0.03
0.09,0.74,0.08,2.12,5.55,0.21
7.08,0.46,1.23,0.62,2.22,0.29
0.53,0.43,1.63,0.23,2.14,3.85
4.47,2.81,2.02,0.38,0.46,4.06
0.48,1.58,4.81,1.51,3.78,2.93
5.55,0.15,2.61,5.36,1.27,9.67
1.16,2.1,4.3,0.32,0.1,11.3
0.49,2.99,4.39,7.41,0.15,7.13
1.91,2.42,0.43,3.86,2.75,5.91
2.88,0.07,1.93,2.77,3.9,0.22
0.08,0.97,1.15,1.04,0.62,0.29
1.62,4.51,10.12,4.62,5.86,2.14
1.92,4.47,7.79,3.25,4.17,0.02
1.25,0.04,1.4,0.01,0.34,1.28
0.27,3.28,0.24,2.96,0.12,3.7
5.04,6.83,9.17,0.07,3.73,0.17
3.58,8.04,9.29,0.09,1.55,15.76
0.25,2.3,2.75,0.05,1.67,12.66
0.47,1.56,1.93,0.3,1.39,1.34
0.86,0.06,0.93,2.13,0.1,0.35
3.53,6.53,4.01,1.2,0.32,0.05
0.27,1.94,4.37,2.74,0.63,5.84
6.08,7.38,2.59,8.67,0.34,7.93
0.15,0.09,0.75,0.84,2.03,0.45
2.77,4.62,0.42,0.18,3.18,1.99
0.41,3.46,0.39,0.99,3.94,0.06
0.89,2.57,5.17,0.13,0.14,6.38
2.68,0.61,2.75,0.41,1.26,0.21
3.05,1.39,5.34,2.11,2.59,0.07
0.86,0.08,2.14,1.86,1.03,18.6
7.81,0.43,0.18,2.27,0.04,0.72
0.03,3.84,1.29,0.93,0.83,8.72
0.02,0.54,1.71,1.1,2.49,8.63
2.16,0.1,3.54,1.12,6.15,0.52
0.15,3.15,1.7,3.23,0.07,2.78
1.63,0.49,4.28,0.6,3.33,0.41
3.35,8.56,2.46,5.28,3.03,0.41
0.25,7.23,4.97,3.85,1.77,6.02
4.17,9.34,8.7,0.0,5.08,3.98
1.09,1.31,1.04,0.02,0.88,0.6
7.74,1.19,3.49,0.27,2.98,4.44
0.87,0.08,0.81,2.18,0.96,0.99
1.6,2.09,1.57,2.14,0.59,5.07
0.84,1.31,0.39,1.26,0.05,0.06
1.78,2.1,0.56,0.28,0.07,0.04
1.58,3.66,3.45,0.09,2.19,0.94
1.07,4.3,5.65,0.02,3.68,7.13
0.12,1.96,0.51,1.93,8.28,0.09
0.82,1.38,5.23,4.48,13.43,0.38
0.07,5.52,0.91,2.5,7.35,17.09
4.19,7.28,7.08,0.09,0.68,0.3
2.96,0.1,1.77,1.24,4.06,4.74
3.15,2.94,1.93,0.13,1.55,3.76
1.58,6.75,4.15,7.26,0.17,1.6
0.05,2.28,3.16,6.82,4.63,15.08
0.03,3.3,11.59,7.17,4.0,0.52
5.8,5.91,9.26,1.23,3.26,0.01
1.15,0.16,1.96,6.79,9.2,0.2
3.96,0.76,2.05,0.03,1.02,3.12
0.19,1.36,2.7,1.92,2.14,0.09
1.6,1.29,0.58,10.4,0.03,6.35
1.96,0.27,6.0,1.41,0.12,3.12
0.16,2.15,2.45,6.57,4.93,5.62
0.47,4.1,0.79,0.52,0.31,0.09
0.0,1.68,3.89,1.08,1.06,2.35
1.64,3.21,0.19,4.95,2.18,0.08
0.1,0.11,3.1,3.28,2.52,3.8
0.04,1.14,4.83,1.04,1.94,0.06
2.27,0.17,11.43,2.62,0.18,0.7
0.92,0.1,0.22,3.53,2.07,3.01
0.03,4.84,6.97,8.97,7.33,8.11
2.41,1.41,0.72,0.2,0.74,0.2
0.15,0.36,1.27,0.18,0.08,0.79
1.13,2.18,0.93,2.26,0.12,0.55
0.78,0.02,1.54,0.46,0.85,4.93
0.03,2.08,0.61,0.09,0.99,1.5
0.02,0.08,0.21,0.06,0.05,0.23
1.01,0.04,0.68,1.48,1.92,0.47
0.63,0.0,1.45,0.52,0.08,1.23
0.58,0.11,0.15,0.07,1.5,0.01
1.11,0.08,2.01,0.69,0.83,1.29
1.49,2.06,1.49,0.03,0.0,0.76
1.06,1.72,0.39,1.42,0.27,2.95
0.21,1.08,0.11,0.9,0.1,0.02
0.07,2.27,1.46,2.75,0.71,0.02
0.14,0.07,1.67,0.21,1.15,1.79
0.39,0.87,0.32,0.92,0.19,0.06
0.02,0.09,0.0,0.21,0.3,0.08
1.37,2.66,1.53,3.16,0.15,1.58
1.4,0.11,2.25,1.96,0.01,0.02
0.0,0.14,0.16,0.05,0.59,2.13
1.93,0.6,2.06,0.98,0.19,0.3
1.62,1.38,2.54,2.18,1.2,0.13
0.0,0.11,0.07,0.05,0.81,0.43
0.22,0.31,1.14,0.07,0.61,0.57
0.49,2.84,4.03,0.1,2.36,3.09
0.52,0.15,1.1,0.22,0.51,0.2
0.08,3.08,1.55,0.11,1.65,1.78
0.03,2.11,1.97,0.6,0.66,0.16
1.98,0.19,0.36,0.69,0.88,0.02
0.15,0.23,0.37,0.86,1.26,0.77
0.72,0.22,0.46,0.22,1.89,0.17
1.26,0.36,0.34,0.93,1.49,0.02
0.21,0.57,0.43,0.79,0.07,0.69
0.3,0.48,0.69,1.6,0.38,0.07
0.02,0.04,0.06,0.38,0.26,0.02
0.92,0.36,0.74,2.1,5.49,0.01
0.05,0.68,1.65,0.48,0.56,0.21
2.08,0.42,0.47,0.35,0.67,1.07
0.01,1.34,0.34,0.14,0.15,0.14
0.35,1.09,0.59,0.46,0.17,0.89
0.12,0.47,0.51,0.16,0.81,0.47
0.16,0.08,0.1,0.01,0.24,0.21
1.16,1.31,0.67,0.2,0.04,0.86
0.37,0.48,0.41,0.29,0.01,0.5
0.11,0.41,0.02,0.05,0.58,0.98
1.0,2.05,0.67,0.18,0.33,1.04
0.01,0.13,0.41,0.03,0.74,1.22
0.02,0.29,0.25,0.07,0.08,0.1
0.12,0.79,1.39,2.28,0.96,5.24
0.06,0.74,1.08,0.18,0.55,0.9
0.14,0.15,0.01,0.05,0.23,0.01
0.1,2.39,0.81,0.16,0.37,0.32
0.01,0.76,0.66,0.56,1.19,0.05
0.01,0.55,0.5,0.1,0.73,0.3
0.05,0.02,0.02,0.08,0.05,0.13
0.25,0.38,0.48,0.36,0.17,0.11
0.14,0.37,0.85,0.01,0.06,0.47
0.98,0.94,0.41,0.08,2.08,0.05
0.31,0.41,0.14,0.28,0.34,0.08
0.12,0.01,1.92,2.06,2.2,0.54
0.93,0.96,0.56,1.0,0.13,1.63
0.04,0.19,0.22,1.59,1.09,1.33
0.06,0.05,0.29,0.06,0.07,1.44
0.28,0.07,0.41,0.72,0.16,0.05
0.19,0.22,0.57,0.15,0.04,0.37
1.02,0.15,1.41,0.18,0.35,0.2
0.03,0.18,0.25,0.04,1.01,0.48
2.12,2.12,0.91,1.18,0.74,0.07
0.08,0.01,0.12,0.06,0.1,0.32
0.3,0.22,2.3,0.71,0.04,0.07
1.87,1.0,0.88,1.36,0.03,0.06
0.41,0.21,0.62,0.8,0.28,0.11
0.29,0.18,1.5,1.03,1.8,0.37
0.71,0.12,0.55,0.89,1.86,0.22
0.07,0.19,0.22,0.86,0.55,0.64
0.05,0.18,0.13,0.54,0.11,0.2
0.45,0.02,0.58,0.41,0.27,0.03
0.7,0.27,0.09,0.87,0.19,0.24
0.8,0.0,1.18,0.05,0.44,0.03
0.13,0.8,0.41,0.03,0.03,2.8
0.28,0.1,0.1,1.83,1.5,1.18
0.23,0.1,0.94,0.64,0.14,0.05
0.02,0.35,0.18,0.07,0.12,0.08
1.96,1.3,1.41,0.38,1.18,0.36
0.23,0.41,0.43,0.18,0.34,0.76
0.13,0.17,0.03,0.76,0.05,0.37
0.02,0.19,0.0,0.05,0.09,0.19
0.36,0.3,0.15,1.09,0.1,1.07
0.3,1.14,1.16,0.49,1.01,0.16
0.76,1.05,1.13,0.96,0.03,0.6
0.91,1.72,1.03,0.23,0.15,0.69
0.26,0.06,1.32,0.04,2.33,0.96
0.29,1.5,2.38,0.86,0.03,0.07
0.55,0.26,0.62,0.29,0.19,0.2
0.88,0.12,0.62,0.54,0.07,1.16
0.11,0.2,0.2,0.03,0.02,0.56
0.61,0.14,1.21,2.36,0.18,0.9
0.09,0.3,0.47,0.05,0.01,0.47
0.05,0.23,0.58,0.07,0.93,0.33
0.07,0.36,1.29,0.94,0.78,0.21
0.82,1.11,1.79,0.03,0.27,1.77
0.29,0.01,0.66,1.4,0.62,1.22
0.04,0.15,0.0,0.6,0.17,0.33
0.3,0.63,0.06,0.89,0.23,0.06
0.5,1.02,0.1,1.92,1.78,3.2
0.01,0.07,0.0,0.61,0.96,0.4
0.23,3.85,3.61,0.01,0.07,6.18
0.1,0.49,0.48,0.02,0.28,1.15
0.83,0.01,2.43,1.89,1.6,0.68
0.12,0.07,1.29,0.35,0.63,0.09
0.19,2.34,2.15,0.87,0.22,2.49
0.39,0.04,0.98,0.16,0.53,0.09
1.04,0.16,0.89,1.94,0.66,1.8
0.19,0.01,0.03,1.63,1.74,0.5
0.14,0.08,0.1,0.27,0.31,0.09
0.23,0.39,0.25,0.35,1.42,0.11
2.5,0.67,3.42,0.49,0.23,1.22
0.11,0.16,0.31,0.16,1.07,0.39
0.1,0.64,0.69,0.73,0.06,1.18
0.06,1.07,1.82,0.34,0.55,2.51
0.41,0.66,0.37,0.85,0.94,1.89
0.08,0.06,0.04,0.15,0.33,0.01
0.14,0.61,0.46,0.36,0.05,4.58
0.32,0.06,0.38,0.34,0.27,0.08
0.96,0.19,0.43,0.32,1.03,0.0
0.43,0.01,1.32,1.28,0.57,0.24
0.06,0.06,0.39,0.71,0.51,0.04
0.46,0.01,0.38,0.02,0.36,0.25
0.45,1.9,1.26,0.07,2.01,5.43
0.86,0.75,0.05,0.02,0.29,0.17
0.01,0.02,0.02,0.17,0.19,0.07
0.1,0.23,0.24,0.07,0.09,0.48
1.86,0.7,0.88,1.13,0.49,0.24
0.22,0.57,0.5,0.36,0.14,0.15
0.18,0.15,0.09,0.1,0.07,0.15
0.1,0.11,0.1,0.06,0.15,0.01
0.12,1.15,0.47,0.41,0.59,1.55
0.09,0.0,0.06,0.11,0.14,0.27
0.09,0.02,0.19,1.2,0.5,0.29
0.14,0.36,0.49,1.28,0.68,0.01
0.43,0.55,0.45,1.03,0.12,0.7
0.37,0.24,0.33,0.72,0.03,0.19
0.06,0.55,0.43,0.83,0.23,0.49
0.45,0.32,0.64,0.25,0.69,0.02
0.15,0.75,0.84,2.29,0.21,0.08
3.47,1.44,0.47,1.92,1.71,0.08
0.6,0.08,1.09,2.19,0.13,0.12
0.09,0.16,0.56,0.64,0.02,0.56
0.05,0.11,1.27,0.39,0.14,0.8
0.12,2.3,2.69,0.13,2.31,0.5
0.16,0.19,0.25,0.07,0.16,0.24
0.62,0.1,1.25,2.75,1.32,4.42
0.15,0.25,0.32,1.16,2.02,0.67
0.33,0.21,0.36,0.1,0.06,1.15
1.17,0.9,0.99,1.91,0.75,0.03
0.04,0.08,0.03,0.13,0.22,0.08
0.99,0.73,0.35,0.02,0.69,0.05
0.01,1.2,0.79,0.14,1.2,0.06
0.49,0.38,0.44,3.02,0.01,1.26
0.02,0.09,0.03,0.18,0.14,0.23
0.39,1.51,0.3,0.33,0.14,1.14
0.44,0.05,0.57,0.08,0.08,0.59
0.04,0.13,0.71,0.15,0.49,1.45
0.5,1.49,0.79,0.09,0.38,0.04
0.03,2.65,2.3,0.26,1.31,0.11
1.05,0.09,0.29,0.71,0.55,0.8
0.13,1.96,0.31,0.06,1.66,0.53
0.1,0.33,1.97,0.03,0.04,0.98
0.37,1.67,1.09,3.46,0.62,5.03
0.0,0.65,2.43,0.63,1.47,0.08
0.06,0.08,0.66,0.39,0.0,0.14
0.12,0.63,0.72,0.1,1.04,0.51
0.19,0.18,0.29,0.06,0.0,0.26
5.66,0.58,0.71,0.93,0.03,0.01
0.13,0.03,0.42,0.64,1.27,3.27
0.35,0.04,2.57,2.03,0.59,1.57
1.29,0.29,1.98,0.25,2.83,0.09
2.2,0.63,1.5,3.28,5.02,0.16
0.19,0.39,0.26,0.02,0.05,0.57
0.43,0.32,0.73,0.44,0.11,0.52
1.43,4.45,4.69,1.92,2.0,5.43
0.99,0.16,4.87,0.17,1.67,0.82
0.1,0.32,2.33,0.77,1.91,0.53
2.01,2.45,0.27,2.59,0.06,1.33
0.14,0.03,0.09,0.01,0.02,0.27
0.05,0.24,0.26,0.35,0.12,0.5
1.06,1.51,2.35,0.37,2.66,0.12
0.6,0.17,3.26,2.53,4.01,0.01
0.09,0.03,0.0,0.04,0.2,0.06
1.04,0.78,0.04,0.31,1.15,1.48
1.56,0.82,2.38,0.4,0.18,0.23
0.74,0.32,0.75,0.65,1.66,0.11
0.11,0.04,0.16,0.02,0.14,0.06
0.21,1.17,1.07,0.23,0.05,0.08
1.95,0.06,1.15,1.88,0.1,3.63
1.37,1.08,0.46,0.08,0.07,2.11
0.12,0.15,0.02,0.01,0.17,0.2
0.1,1.05,0.44,0.17,3.32,0.01
0.14,1.83,1.68,2.14,1.81,0.15
0.13,0.2,0.24,0.07,0.02,0.4
0.09,0.35,0.09,0.5,1.6,0.11
0.22,0.35,1.15,0.51,0.62,0.21
0.46,0.55,1.2,0.53,0.43,0.04
0.6,0.07,1.55,2.7,0.87,0.82
1.16,0.1,0.09,0.63,0.4,2.35
0.04,0.51,0.17,0.52,0.04,0.32
0.27,0.41,0.45,0.23,0.04,0.31
0.07,0.51,0.75,0.06,0.45,0.68
0.19,0.07,0.17,0.09,0.54,0.28
0.39,2.53,0.15,0.8,2.82,0.42
0.17,0.27,0.39,0.71,0.1,0.2
0.95,0.27,1.26,0.07,0.69,2.42
0.67,0.19,0.29,0.25,1.3,0.09
0.28,0.13,0.53,0.03,0.03,0.64
0.11,0.12,0.04,0.01,0.6,0.19
0.07,0.25,0.15,0.04,0.27,0.08
0.06,0.02,0.02,0.63,0.15,0.25
0.56,0.18,0.15,0.06,0.01,0.24
0.22,0.02,0.4,0.33,0.01,0.01
0.05,0.27,1.39,1.9,2.29,0.19
1.25,1.3,0.66,0.01,1.83,3.71
0.21,0.41,0.17,0.03,0.15,0.16
0.25,0.33,0.35,0.52,0.02,0.65
0.09,0.1,0.05,0.92,0.22,0.23
0.24,0.45,0.8,0.51,1.01,0.15
0.41,2.84,0.79,1.14,0.44,0.09
0.48,0.46,1.56,0.03,0.05,0.74
0.32,0.29,0.11,2.73,1.4,0.08
0.85,0.42,1.78,3.86,0.93,0.15
0.16,0.58,0.57,0.28,2.12,1.73
0.25,0.26,0.5,0.45,2.32,0.03
0.16,0.33,0.82,0.64,0.4,0.07
0.17,0.05,0.69,0.15,0.47,0.4
0.2,0.76,2.14,2.51,0.11,4.75
0.06,0.79,1.44,0.5,0.34,0.99
0.63,0.74,0.15,0.04,0.43,1.35
2.09,0.61,2.14,0.52,0.03,0.59
0.86,1.59,0.88,0.68,0.55,0.2
0.42,1.02,0.23,0.66,0.21,0.1
0.08,1.34,2.47,1.43,0.45,3.13
1.08,0.09,0.69,1.01,3.56,2.38
0.6,0.06,0.58,0.31,0.21,1.27
0.86,0.56,1.54,0.07,1.06,3.16
1.25,0.17,0.18,0.16,1.7,0.96
0.24,0.04,0.22,1.7,0.11,0.07
0.43,0.01,1.71,0.49,0.52,0.94
0.93,1.63,0.61,0.57,0.01,0.13
0.22,1.38,1.46,1.14,0.04,0.04
0.04,1.57,1.74,0.77,1.36,1.47
0.08,0.29,1.32,0.48,0.99,0.58
0.12,0.24,0.44,0.17,0.04,1.14
0.15,0.1,3.76,1.64,3.06,3.86
0.49,1.1,0.15,0.34,0.36,0.01
0.04,0.02,0.56,0.08,0.16,0.22
0.11,0.21,1.16,0.14,3.09,1.6
2.78,6.14,1.1,0.17,0.79,1.3
0.08,0.44,0.13,1.22,1.18,3.01
3.15,11.16,2.5,0.17,3.73,13.54
0.83,2.55,0.47,0.22,0.02,1.1
3.91,3.78,1.46,0.18,0.71,1.59
2.83,0.17,5.61,0.04,2.16,8.72
0.7,0.54,1.85,6.96,0.94,5.22
0.07,1.27,0.09,1.43,0.52,0.23
0.56,0.87,0.24,4.67,3.65,0.58
3.23,5.69,0.68,0.03,2.48,4.43
0.25,0.23,2.32,0.28,2.82,3.94
0.02,2.69,0.44,0.32,0.11,3.75
1.34,0.64,0.26,0.48,2.12,0.05
0.06,0.33,1.39,1.65,0.09,0.36
0.16,0.4,0.32,0.06,0.11,0.74
0.84,0.18,0.3,1.04,0.14,0.76
5.76,0.86,0.35,0.12,1.54,7.69
1.3,0.31,0.48,0.29,0.81,0.07
1.8,0.7,2.55,0.21,1.8,0.31
1.55,0.97,0.51,2.19,3.57,4.32
0.76,1.71,1.41,0.06,0.73,1.71
2.47,3.8,0.84,0.21,0.15,0.98
0.13,0.78,1.86,2.28,4.37,2.54
3.21,2.18,1.55,0.03,1.74,6.72
0.02,0.25,0.45,1.75,0.1,3.62
5.01,0.6,1.99,4.0,0.09,2.76
0.86,0.56,1.24,4.26,0.62,0.01
7.35,1.42,0.58,0.15,1.56,7.19
0.69,1.43,1.14,0.46,0.24,0.94
4.88,0.37,6.85,3.6,0.84,3.43
2.56,1.02,0.49,0.01,5.26,2.12
0.9,1.18,4.05,3.45,1.39,0.23
2.0,1.26,1.52,0.11,0.32,0.92
3.55,0.28,3.41,4.69,0.01,4.54
0.26,0.05,2.05,1.78,1.65,2.08
0.9,0.6,0.85,0.27,0.41,0.13
1.15,0.02,1.55,0.01,1.46,0.05
2.22,1.57,1.37,0.03,0.05,0.01
2.18,1.99,2.92,5.79,0.16,3.27
1.3,0.03,0.56,3.62,0.72,7.07
6.46,4.79,5.81,13.88,10.56,0.05
0.33,0.25,3.7,2.51,0.16,14.8
1.05,0.98,1.34,0.11,0.0,1.95
0.64,0.82,0.01,0.92,0.38,0.04
0.05,2.49,0.45,0.96,0.68,0.0
0.53,0.06,1.07,0.9,4.75,4.72
1.23,0.04,0.67,1.5,2.77,4.73
0.11,0.02,1.17,0.37,0.37,0.18
0.04,1.3,0.89,2.21,1.08,1.68
2.47,0.1,2.19,1.24,0.3,0.04
0.2,0.28,0.2,0.77,0.0,0.62
0.4,0.09,4.55,0.33,0.29,4.78
0.35,2.01,0.4,3.46,1.37,2.94
0.24,2.8,2.02,3.86,1.57,0.15
1.23,0.91,1.19,0.01,1.7,1.91
8.39,1.2,1.95,6.41,0.26,10.67
0.41,0.63,0.05,0.07,0.21,0.29
1.7,0.81,1.08,1.56,2.23,2.93
4.22,0.03,2.37,0.88,5.25,0.54
0.98,0.93,2.03,0.21,5.1,0.16
0.2,1.75,0.46,0.8,2.04,2.25
0.66,0.26,0.31,0.13,2.8,7.49
7.49,0.99,3.08,2.83,0.88,0.04
0.42,1.23,0.75,0.42,2.77,3.82
0.41,0.37,0.68,0.52,0.15,1.55
0.3,1.14,9.24,1.96,1.59,0.05
0.06,0.04,1.53,0.82,0.96,0.49
3.42,0.25,0.96,1.71,5.61,0.66
1.11,2.13,1.29,0.51,0.11,2.08
0.69,0.13,1.63,0.08,1.25,0.39
0.19,0.91,1.27,0.06,0.19,1.07
0.04,7.92,1.51,0.14,1.85,7.51
0.08,0.96,1.4,0.14,0.62,0.02
0.17,0.36,0.05,3.59,0.42,0.01
3.85,0.02,5.38,5.24,3.78,4.12
3.29,1.58,2.74,0.16,3.5,0.92
1.91,1.2,4.11,3.56,0.88,0.73
0.04,4.39,1.47,1.69,1.31,0.25
0.09,0.48,0.82,1.24,0.38,0.81
0.01,0.23,1.18,0.78,0.02,1.9
0.34,1.8,0.15,0.12,1.71,0.07
0.8,1.02,2.76,1.27,0.15,2.91
2.77,3.48,5.14,0.07,0.88,0.85
2.1,4.2,1.51,0.08,1.29,1.6
1.89,0.02,0.21,0.8,0.76,1.74
5.24,5.32,1.94,0.05,2.11,16.63
0.64,0.19,0.12,0.04,0.33,0.49
0.13,0.05,0.2,2.86,0.1,0.7
0.0,0.49,1.2,0.56,0.61,3.14
1.88,0.02,1.3,3.6,1.86,2.07
0.11,1.03,5.13,5.44,3.46,0.48
0.0,0.68,1.5,1.34,1.17,2.67
0.93,0.37,0.39,0.74,1.63,1.34
2.54,2.5,0.49,4.05,0.38,0.4
0.07,2.12,0.16,0.39,0.32,0.79
0.4,1.05,0.16,1.13,8.54,0.08
0.03,0.64,0.66,0.16,0.16,0.9
0.66,0.51,0.68,0.53,1.86,0.32
1.42,0.71,0.58,0.04,0.75,0.88
0.0,1.26,0.77,4.77,0.14,2.75
0.57,0.31,4.81,0.24,0.08,1.18
0.87,0.44,0.0,0.51,0.62,0.14
0.63,2.62,1.95,0.29,1.47,0.02
0.68,2.86,3.0,0.52,0.13,0.27
1.46,0.41,0.48,0.9,0.03,2.41
0.54,1.14,1.32,0.25,0.03,0.09
1.28,0.44,1.68,0.31,0.5,0.14
3.27,5.94,4.02,3.02,0.2,6.25
3.19,1.44,3.86,2.3,0.07,0.94
1.06,2.23,6.19,3.27,1.77,8.15
1.92,2.78,2.59,0.05,2.81,4.96
1.37,1.93,2.42,1.29,1.8,6.54
0.04,1.04,0.83,1.16,0.55,2.18
0.84,0.08,3.37,0.31,0.58,0.11
3.35,0.6,0.33,0.12,0.28,4.67
1.32,0.61,2.17,0.51,4.55,0.44
0.13,0.23,2.99,2.6,1.09,10.79
0.72,1.18,0.29,0.12,0.89,1.25
3.95,1.09,0.93,0.06,4.05,3.42
2.23,0.34,0.49,0.04,0.0,2.56
1.61,1.31,0.75,1.74,0.42,0.79
2.63,5.59,1.5,2.7,0.13,2.97
1.09,1.24,4.11,0.53,2.47,2.24
5.27,0.12,1.8,0.56,5.81,2.01
0.22,1.51,1.13,1.38,0.1,1.51
0.58,0.06,0.77,0.66,0.63,0.73
2.5,0.68,5.46,0.1,0.47,4.28
2.2,0.53,3.73,0.52,2.44,0.14
0.36,0.38,1.28,0.38,0.57,0.03
0.57,0.09,1.43,0.09,1.01,0.32
1.99,9.09,8.33,8.03,2.39,3.99
0.12,5.71,2.0,0.71,3.99,4.9
1.39,0.14,3.0,0.65,1.52,5.45
1.53,3.54,3.36,0.16,5.21,2.88
1.12,1.55,7.21,3.22,0.28,14.11
4.13,6.05,2.33,2.36,0.16,0.85
0.89,2.47,1.46,0.02,2.19,1.59
0.08,0.1,0.43,1.94,2.29,0.0
2.08,0.88,3.43,0.24,0.03,3.24
0.0,0.09,0.69,0.76,0.22,0.0
0.18,0.43,0.61,0.64,0.85,0.3
2.32,2.04,0.76,0.07,1.2,0.09
0.26,1.49,6.56,8.1,1.9,5.56
0.11,0.16,8.63,1.16,0.2,2.1
4.86,5.4,6.19,2.06,0.06,0.7
0.23,0.42,0.41,0.55,0.07,2.31
1.5,1.23,1.04,2.08,2.43,0.11
0.06,0.51,3.75,1.68,0.01,0.6
0.38,0.53,1.26,0.56,0.08,0.03
0.01,2.16,2.89,3.3,5.12,5.47
0.05,2.11,1.25,1.82,0.33,0.69
2.88,0.06,7.32,2.5,5.99,0.12
0.63,0.66,1.33,0.07,1.54,0.04
7.97,1.53,0.37,5.6,0.2,5.53
0.13,0.08,0.54,0.26,0.58,0.57
2.0,1.71,1.54,0.07,3.7,0.46
3.08,1.89,0.08,0.53,4.2,0.14
0.17,0.41,1.93,0.2,0.93,0.09
4.81,5.92,3.29,0.6,0.14,7.05
5.02,0.93,5.22,0.01,1.16,4.25
0.31,6.97,2.56,0.42,0.15,3.82
0.1,0.2,2.15,2.0,0.45,1.44
7.61,0.03,0.96,7.3,4.65,33.12
0.06,2.56,2.19,1.86,0.13,1.05
4.13,0.09,3.39,1.68,3.13,7.66
1.01,1.08,1.81,0.9,0.7,0.2
6.68,2.61,1.6,0.05,7.0,13.22
7.3,15.74,5.03,10.34,0.25,15.89
5.36,4.51,0.89,0.25,0.05,4.93
2.87,0.22,2.41,1.68,0.15,1.13
0.78,2.03,1.64,1.09,1.58,4.75
0.02,3.34,0.39,0.96,4.06,3.76
0.79,3.5,3.18,0.82,6.08,0.28
1.71,0.42,0.19,1.37,1.43,0.15
5.56,0.01,4.83,8.36,0.09,4.29
0.15,0.01,0.31,0.45,1.08,0.52
1.19,4.85,2.65,1.0,0.03,3.97
3.76,0.08,0.66,0.86,1.32,1.46
0.67,0.07,0.58,1.35,2.0,1.83
0.08,4.27,0.07,1.34,0.29,1.99
0.18,3.01,0.62,3.3,2.6,0.24
0.5,0.27,0.7,0.63,0.07,0.63
0.26,0.95,1.52,0.73,0.37,0.41
2.89,1.14,2.32,1.4,1.21,3.94
2.11,1.84,0.73,0.82,0.2,0.15
0.75,0.17,1.06,0.0,1.51,0.97
0.07,0.81,0.16,0.12,0.05,0.62
1.49,1.34,0.45,1.53,0.2,0.01
0.9,3.71,0.74,4.27,0.2,3.71
2.05,2.31,1.68,3.33,0.58,0.17
0.72,1.06,0.54,0.06,1.04,2.4
0.67,1.62,1.84,0.21,1.89,0.09
2.71,0.23,2.61,0.36,0.11,3.48
0.85,0.92,0.82,1.02,2.25,0.08
0.4,1.53,0.14,0.09,4.65,2.26
0.27,0.29,1.78,1.2,0.89,5.47
0.86,1.81,0.31,0.11,0.11,3.53
0.26,2.72,4.64,4.76,0.63,0.85
0.19,3.88,6.64,1.74,3.12,0.2
1.0,0.38,2.23,0.84,1.81,0.12
2.53,0.09,1.25,2.03,2.71,1.76
0.91,0.39,1.12,0.94,1.97,2.05
2.06,0.99,1.29,0.07,1.07,4.54
1.13,0.05,3.3,1.67,4.64,2.89
0.23,0.03,2.06,0.8,0.3,0.66
0.26,4.44,4.74,0.18,0.73,0.14
5.72,7.18,0.27,0.07,0.27,0.81
0.14,3.87,1.83,0.38,3.17,0.53
2.3,1.76,0.77,0.26,0.5,0.16
0.17,0.53,0.62,0.79,0.25,0.32
0.56,0.82,4.3,1.05,0.2,1.17
4.34,1.7,0.51,2.74,0.81,1.73
1.34,0.44,1.1,0.19,0.18,0.51
1.34,3.07,0.76,0.11,1.8,6.88
0.51,2.23,0.39,0.11,0.29,2.52
5.22,18.02,16.24,0.11,5.96,13.36
2.78,20.45,12.76,17.7,12.86,0.72
1.13,1.82,0.37,2.16,0.11,2.39
0.44,2.13,3.83,5.49,0.36,3.11
5.87,0.64,39.93,18.45,0.12,1.07
0.32,0.82,0.17,2.79,0.41,0.36
0.06,0.46,5.94,3.51,3.2,4.19
0.49,0.4,0.85,1.62,0.12,2.58
10.47,10.5,8.96,0.1,11.84,2.71
0.71,1.1,1.12,0.04,0.29,0.56
1.73,0.08,3.61,3.91,0.7,0.09
0.31,6.27,6.42,1.27,1.16,5.47
0.83,2.11,8.65,0.09,6.39,4.85
4.48,0.98,2.21,3.95,9.59,0.24
1.12,1.56,0.79,3.06,0.13,7.34
3.54,0.14,6.94,4.5,1.75,5.67
0.08,1.6,0.02,1.49,1.54,0.11
3.57,11.49,2.45,0.0,3.05,0.23
0.73,4.37,1.55,0.09,7.82,11.96
2.39,3.08,4.7,1.09,0.35,0.15
7.58,0.92,8.37,2.75,0.4,4.52
0.81,17.44,14.85,10.21,11.3,34.69
43.57,3.7,10.68,3.38,11.21,42.53
6.09,5.6,6.68,0.0,6.46,14.64
4.05,0.36,1.88,0.15,0.22,5.99
7.77,3.31,5.53,0.08,7.41,0.1
0.67,3.27,11.79,8.05,20.77,10.4
2.34,4.83,3.16,2.46,1.34,6.75
0.83,17.21,0.27,15.13,8.95,3.69
5.01,3.22,2.21,2.23,0.06,2.18
0.76,0.06,2.03,1.38,0.53,3.08
4.42,3.31,10.93,0.1,3.93,2.62
7.01,12.66,1.39,4.37,0.18,0.27
4.02,9.48,1.85,2.12,0.16,12.1
0.82,0.06,0.95,1.07,0.31,0.79
0.67,0.62,0.71,1.92,0.1,1.37
3.67,0.02,2.09,1.37,0.99,4.88
2.01,3.26,0.02,2.88,1.0,0.18
0.2,2.71,11.66,2.0,0.11,0.03
8.69,13.62,5.1,9.3,10.8,25.96
2.24,0.74,1.59,3.13,0.02,0.28
0.14,0.26,1.82,0.18,2.13,1.3
0.4,7.12,1.64,1.48,0.78,0.18
0.07,5.31,2.58,1.12,5.14,32.96
0.07,1.5,2.59,2.77,0.16,4.47
0.69,0.04,0.95,0.15,0.21,0.68
0.41,0.49,0.47,0.7,1.01,0.11
0.25,0.06,2.24,0.06,0.82,4.95
11.2,15.61,37.84,0.07,2.76,27.08
3.77,0.5,0.81,0.15,2.54,2.82
0.59,2.22,1.26,1.62,0.46,0.02
0.1,1.54,0.47,0.91,2.59,1.14
0.91,13.73,7.31,0.57,5.13,2.3
25.99,0.49,7.54,13.21,10.4,6.25
1.47,4.47,2.09,6.32,0.1,0.13
0.33,2.93,0.12,0.97,1.68,0.06
0.46,0.57,0.13,0.06,0.03,1.97
0.51,1.35,0.08,0.02,0.43,0.17
0.38,0.1,1.06,2.63,1.3,0.1
0.26,0.22,0.44,0.86,0.09,0.67
0.65,0.61,1.74,0.1,0.07,0.99
0.05,0.28,0.51,0.05,0.67,0.08
0.25,0.16,3.24,0.64,1.61,0.24
0.27,0.23,0.21,0.0,0.04,0.02
0.28,1.62,3.3,0.69,0.71,9.14
1.57,0.25,0.9,0.47,1.11,0.42
0.52,0.82,0.04,0.18,3.32,0.54
1.4,2.59,1.12,0.33,1.39,0.32
1.22,0.31,0.62,0.23,1.4,0.12
0.35,0.14,1.81,0.1,6.23,5.85
1.41,0.49,0.03,0.32,0.81,0.1
0.81,0.59,1.67,0.07,1.81,0.27
0.07,1.04,0.95,0.94,1.62,0.76
0.87,0.88,4.22,0.08,1.26,3.3
1.28,1.79,2.19,5.29,2.52,0.38
1.12,0.25,0.58,2.09,0.73,0.04
0.89,1.1,2.63,1.29,0.11,0.61
0.12,1.28,0.31,0.95,1.39,0.47
0.06,1.91,0.18,0.07,0.05,1.25
0.05,0.82,0.94,1.08,0.6,0.81
0.91,0.01,5.33,1.36,0.63,1.64
0.11,2.01,4.24,0.11,1.11,1.63
1.06,0.01,1.88,0.7,0.18,1.39
0.13,3.76,3.41,0.5,5.8,0.21
0.44,0.04,0.55,0.02,0.09,0.97
2.92,1.25,1.95,0.84,0.02,5.91
0.25,1.09,0.09,0.71,0.1,0.65
2.3,0.08,0.29,0.14,0.79,1.76
0.09,0.92,1.13,0.3,1.32,2.13
3.65,1.93,1.89,0.22,0.18,0.08
1.38,1.65,1.66,0.43,1.51,1.03
0.73,0.41,0.61,0.82,1.78,0.15
1.14,5.32,8.26,8.26,0.26,0.75
0.53,0.76,3.86,0.81,0.2,0.04
5.37,2.51,2.28,0.14,4.05,2.29
1.06,0.4,0.66,2.25,8.62,2.24
0.12,0.44,0.51,0.3,0.51,0.07
0.29,1.3,2.5,1.27,1.08,1.84
1.28,0.15,0.06,2.65,0.31,0.3
0.19,1.61,1.07,1.14,0.12,0.06
0.1,0.1,0.24,0.08,1.57,0.19
0.32,0.71,0.82,0.05,0.87,1.52
1.85,0.19,0.14,1.3,0.08,0.02
0.93,0.27,0.08,0.56,0.83,0.13
0.52,0.67,0.72,0.05,0.97,0.16
0.75,4.88,2.88,5.97,1.81,2.76
1.78,2.69,0.84,0.58,1.06,0.05
2.69,1.25,1.55,1.52,0.88,2.54
0.0,1.27,0.59,0.03,0.13,0.72
0.2,0.09,0.04,1.05,0.13,1.97
0.82,0.04,5.39,0.27,0.41,0.07
1.88,2.59,0.74,0.3,0.09,10.45
0.71,0.21,2.26,0.96,1.6,1.3
1.57,2.08,0.08,2.22,0.52,0.24
0.47,0.36,0.43,0.06,0.05,0.16
0.48,1.09,0.76,1.64,0.1,0.81
0.81,1.37,0.21,0.66,0.08,0.18
3.64,1.8,1.19,0.24,3.48,2.33
0.81,0.01,0.74,1.55,4.83,0.19
1.82,0.33,0.34,0.71,0.78,0.03
1.57,0.61,1.05,0.98,0.38,0.09
2.42,0.3,1.5,1.2,0.78,1.67
0.05,1.15,0.39,1.07,0.56,0.21
0.38,1.03,0.37,0.59,0.02,1.5
0.06,1.31,1.93,0.2,2.93,0.13
0.93,0.95,2.76,3.55,0.0,1.21
0.07,1.45,1.29,1.59,0.32,1.91
0.48,1.11,2.1,0.06,2.55,3.44
0.88,0.63,0.6,0.44,0.35,0.02
1.89,2.85,0.08,4.32,3.05,0.25
0.22,2.0,1.07,0.17,0.58,1.01
0.01,0.04,0.61,0.01,0.25,0.49
5.98,1.29,6.02,0.16,2.72,3.47
0.39,1.08,1.11,0.34,0.07,0.92
0.4,0.57,0.61,0.39,0.03,4.39
0.53,0.38,0.32,0.98,0.06,0.92
3.73,0.7,0.75,1.32,2.3,0.29
0.02,1.62,0.59,2.83,0.11,1.0
1.68,2.11,2.71,0.25,0.19,2.07
0.44,0.18,0.12,0.15,0.04,0.61
1.42,2.09,0.48,0.06,1.34,0.49
0.07,0.17,1.09,0.97,0.11,1.97
0.08,0.02,0.43,0.11,0.06,2.68
0.58,0.13,0.59,0.72,0.45,1.04
3.56,1.15,5.57,4.71,3.46,0.16
0.26,0.51,0.12,0.11,0.58,1.1
4.32,1.6,0.87,2.56,1.25,0.14
0.16,0.16,1.14,3.26,0.3,0.74
0.04,0.13,0.1,0.63,0.14,0.29
