2014 Dispensing Encoding,2015 Dispensing Encoding,2016 Dispensing Encoding,2017 Dispensing Encoding,2018 Dispensing Encoding,2019 Dispensing Encoding,2020 Dispensing Encoding
14.528519,14.28743,14.306923,14.890694,13.849022,3.1293757,2.5517523
-9.599402,-10.712543,-7.8275867,-8.2369795,-9.031276,-20.991768,-20.226631
-26.373917,-24.393585,-22.53423,-20.179691,-17.67818,-20.90021,-18.794159
-11.217572,-9.488838,-8.573548,-7.6067657,-6.758654,-8.390551,-7.8225656
32.47134,30.342056,31.501657,30.789331,27.929249,13.92861,14.542983
167.0105,154.33226,150.10823,135.81479,119.31352,80.105865,77.43821
-125.67391,-116.87333,-112.82002,-102.527,-89.51533,-64.87972,-62.274014
-73.070755,-66.608475,-62.743973,-53.699306,-45.444485,-20.333643,-19.173014
-122.06528,-111.34298,-106.76945,-98.13112,-87.37293,-54.26702,-54.355843
34.14415,34.06259,31.982409,30.669943,26.424181,22.756369,22.468801
45.285496,41.45637,41.263756,39.09176,36.72837,14.922083,14.223723
197.87727,183.3856,176.22157,159.51738,140.02705,76.82972,73.875725
26.623005,24.450684,22.12004,19.700275,17.59596,10.460907,9.254887
-48.39776,-43.774128,-40.689957,-37.355415,-34.03984,-25.721888,-24.178648
-7.853843,-6.44544,-5.554812,-4.5952907,-3.022515,6.192449,6.3021502
57.123806,51.74985,50.437557,44.603928,38.106445,17.50944,16.259161
-6.9612875,-4.9388075,-7.303199,-6.3118467,-4.6995497,7.3812075,7.8494406
-17.809237,-17.294144,-15.369617,-14.730278,-13.843755,-8.769731,-9.108736
-25.388294,-23.756628,-22.972105,-20.624544,-18.28618,-16.259987,-15.2619705
31.697948,28.328445,30.224972,27.423061,26.080204,15.410161,14.737307
16.141273,14.492449,12.043955,11.081465,9.010416,10.424736,9.684624
-2.7591717,-1.6159834,-3.4471123,-2.4932768,-2.6587613,4.502811,3.5336974
113.24312,105.00754,99.988815,89.782745,79.99303,54.42353,52.55231
-163.30327,-151.56442,-146.87581,-131.2549,-115.22881,-73.475296,-68.676865
-4.6145625,-3.0231395,-2.9348521,-3.129602,-2.8461642,0.7552341,0.4587158
-23.595339,-23.977541,-22.268784,-19.620583,-16.702888,1.0838201,2.4759338
80.281075,72.41914,67.73703,60.603497,53.48704,36.98985,35.683464
55.00184,49.868168,49.730053,45.751366,40.746773,28.435534,27.062384
-83.248955,-76.274925,-73.59086,-64.794136,-56.618393,-35.539413,-33.5535
34.591515,30.989079,28.621935,26.818308,24.129133,24.91794,25.127981
-88.09241,-79.24841,-76.642784,-68.70805,-60.755306,-41.306866,-37.45715
-17.915659,-14.949822,-15.327229,-15.656422,-15.75365,-28.838556,-27.158901
-16.14266,-14.475868,-11.759865,-10.442061,-7.845102,-8.641881,-8.576981
-11.364044,-11.52841,-10.534334,-10.323227,-8.732529,-11.365008,-11.491381
24.642782,24.352612,23.236511,20.63442,16.116852,16.169994,14.5615835
-0.57862717,0.93809074,0.87406677,-0.08045058,-0.13248973,14.671904,13.740466
-1.3584702,-0.25228524,0.40557647,0.5827739,1.18525,11.849906,11.890398
11.469368,9.371061,6.525606,4.785051,4.4809203,-13.001393,-14.315893
80.82916,74.29321,72.87061,65.928986,58.053566,33.615284,31.801676
-112.40129,-103.33171,-101.142075,-91.03885,-79.36897,-53.124805,-50.71443
-62.566135,-57.84639,-54.21575,-48.783306,-42.92529,-27.961306,-27.27846
-95.339714,-88.32607,-85.03632,-77.06127,-66.79632,-37.737656,-35.271767
-55.17527,-52.310444,-49.169765,-45.31567,-40.305386,-33.808937,-31.380722
-37.899498,-34.671238,-36.75741,-35.519936,-31.653154,-30.414568,-28.253134
-47.66607,-41.224953,-39.57235,-35.321255,-30.174786,-32.392216,-30.769567
-30.782911,-29.011984,-28.713102,-26.895271,-24.41226,-16.1397,-14.837778
7.807093,7.5101666,7.4384217,5.940026,3.3934696,-9.262807,-10.656602
9.505084,10.327534,11.113893,10.0652895,8.379626,15.515422,14.871253
-5.292499,-6.437698,-5.144258,-3.11117,-3.253403,0.7688433,3.6538603
9.015849,9.291522,9.34016,7.778148,6.9154963,13.719547,12.640126
11.149369,10.929364,8.491067,7.0882726,7.0026402,3.2329834,3.5356557
90.61519,83.67566,81.58049,72.71523,64.16896,42.201706,41.059002
-43.83437,-40.589573,-39.59516,-35.638084,-31.764738,-36.108013,-32.055176
-9.552944,-8.450569,-10.362695,-8.861247,-7.694852,-12.359957,-11.378473
-12.366105,-9.935066,-10.666763,-9.4548235,-7.674638,2.554519,2.403169
-21.010374,-19.68144,-18.914154,-16.780445,-13.989876,-7.1408515,-8.881898
31.866814,27.23143,25.344866,22.942356,19.714737,20.142685,19.887566
-152.47415,-142.61853,-138.84743,-125.67174,-109.979996,-66.277664,-62.946457
-171.25015,-156.56943,-151.52939,-136.32841,-118.01592,-74.04364,-71.967896
-124.08349,-113.85204,-107.74157,-96.20426,-84.72265,-54.15133,-51.10775
29.82379,27.182562,24.562141,21.637617,19.302324,11.218171,9.987137
-103.286705,-95.835434,-92.26705,-84.931755,-76.24985,-55.180187,-52.805634
42.379635,39.480015,39.18543,35.241817,30.492643,21.144072,19.873827
13.6673975,11.107215,10.643333,11.329576,9.705914,1.8909928,1.920921
-72.066124,-66.82848,-61.379845,-54.886074,-47.23207,-38.40225,-35.69109
3.5726228,3.4075646,4.0211587,2.2769437,0.7235036,-7.522884,-5.638844
-2.5836322,-0.40566504,-2.6679904,-3.467059,-3.7876232,-11.174815,-10.15523
-5.3402023,-5.573368,-5.7967453,-4.1046715,-3.8686655,-5.170965,-4.792872
-154.12553,-141.9804,-135.29964,-121.28013,-106.38244,-74.04174,-70.71627
-54.56095,-50.082703,-46.656696,-41.236893,-37.02942,-28.2025,-26.325665
80.53656,74.037796,68.834015,61.27165,55.91512,33.72997,32.01407
11.443035,10.299248,9.390593,8.771785,6.8293447,13.884695,12.50258
126.2957,117.53978,114.071144,102.94937,90.35045,59.782482,56.94212
-24.079803,-22.400637,-20.651243,-18.09844,-14.643876,2.0658836,-0.000303166
-78.92276,-74.002396,-72.352875,-65.62433,-58.37706,-32.270546,-30.470839
2.34974,3.2859068,0.6680879,0.5993051,-0.10180005,-2.5310316,-3.347499
50.7009,45.61566,45.45449,40.65471,35.93456,22.920053,20.910303
303.8774,281.16428,268.9498,241.57823,212.94925,138.77713,131.06656
104.462105,96.234726,87.68822,77.825325,65.52906,31.838907,30.330803
14.298262,13.687999,14.17338,13.438527,13.103201,10.994942,9.450308
58.39184,53.816936,52.844204,46.840797,42.23108,34.49706,33.215958
2.2136905,2.5099218,-0.24431925,-0.24385576,-0.046570104,-5.4433837,-4.1044774
-11.501282,-11.390472,-5.627653,-5.2821083,-3.9503992,21.904652,20.898008
-10.295922,-9.403617,-6.172434,-6.995076,-5.904682,-9.117495,-9.572353
3.898987,4.0672574,4.875609,5.1370854,3.1944697,-0.5876071,-2.02229
43.20831,39.03581,37.60043,32.934433,30.795662,8.487947,7.514615
66.48127,58.078747,57.638927,53.248463,48.19494,49.199875,46.419952
-46.415543,-43.04337,-41.509583,-37.877594,-33.539505,-17.031195,-17.03673
16.483027,15.623761,15.6087885,13.614728,11.544332,5.586499,5.449973
18.641392,17.67886,15.229456,13.206934,11.267369,-7.0386543,-7.691694
-34.109066,-29.641006,-29.185036,-26.618694,-24.573788,-30.244064,-28.016901
-95.67901,-88.43472,-86.86654,-78.599754,-69.87876,-47.239864,-45.98219
-1.7722065,-0.46811792,0.983691,-0.8206284,-0.22317813,-15.632294,-14.387284
103.76803,96.88912,93.04422,84.18136,73.6371,56.033985,52.72026
94.920425,87.44673,84.979416,76.2075,66.10322,36.14532,33.14378
40.960484,40.696934,38.137993,34.447647,28.887344,13.918824,12.117464
-17.292673,-14.541449,-14.012803,-11.684908,-10.677038,0.76901436,0.9010267
-87.449814,-79.87025,-76.641,-70.026695,-62.152065,-28.482822,-27.052536
73.08215,68.6691,64.95828,58.754734,52.32374,22.561674,20.814522
-56.707474,-52.268414,-49.27138,-43.9406,-39.27424,-28.809654,-27.366776
-11.395951,-8.113831,-8.138078,-6.4416604,-5.290823,4.191426,5.6985507
5.470143,4.229626,1.543134,1.9201424,2.114258,-1.3292959,-1.1444147
59.67649,55.029724,50.733208,46.939476,42.08207,27.067549,25.978195
9.491311,9.601058,8.4011965,6.864444,5.967067,20.29186,19.50855
-21.86519,-19.5087,-20.609682,-18.31581,-16.805792,-15.653514,-15.518545
39.222458,34.820335,33.728065,30.388958,26.732033,5.6214294,5.144724
-17.263172,-14.818589,-13.812676,-13.129415,-12.541697,-1.6414782,-2.726758
207.25122,191.6172,181.6775,163.61163,144.56105,92.7221,88.37307
65.37275,58.76703,55.27186,49.67141,43.268192,16.551962,15.461586
9.10353,8.965001,8.370723,8.757379,7.5416613,10.81919,10.656444
128.74072,118.17087,111.79082,98.7633,87.066475,63.512047,60.99843
31.472832,28.975567,27.141136,22.645872,20.144732,3.806452,3.4344637
-31.658003,-28.983932,-26.64639,-23.45343,-20.754057,-12.443678,-12.560543
-152.38577,-141.7787,-135.17996,-122.41865,-108.13062,-61.124725,-58.63308
-211.34865,-195.60634,-188.43596,-171.35881,-151.3394,-101.883606,-95.50744
45.642166,40.558224,40.33892,37.31514,33.421722,28.852533,29.338324
-38.18066,-34.050648,-32.03243,-27.83668,-25.57214,-12.237958,-11.221589
7.595745,7.022337,8.623182,5.7576294,5.806387,4.506076,4.146043
100.22559,94.50776,92.30619,82.68406,71.85436,36.885475,35.7287
24.050026,23.779541,21.605614,19.64407,17.021301,25.900314,25.522568
-0.9195616,0.04207636,1.1092823,1.6181486,2.1471927,-6.627863,-5.849387
93.70772,87.82942,85.88165,77.49302,67.34229,51.213894,47.86568
-130.79358,-119.78296,-115.31123,-103.83876,-90.69385,-55.6124,-52.655704
54.484837,48.928963,47.31311,41.868874,37.6884,24.987026,24.615778
-90.48548,-84.781,-80.75287,-71.931946,-63.575417,-37.988297,-37.044724
205.89116,188.31052,180.93993,163.89262,144.76624,81.80497,77.74542
19.72665,17.402946,18.533484,16.65053,13.076848,3.9582555,1.4921529
-13.887374,-12.925307,-13.094958,-10.731448,-9.881396,-2.8436515,-2.108834
-59.490036,-54.55783,-54.452557,-48.53417,-42.467896,-35.971573,-31.993967
-84.89456,-77.64651,-71.92931,-65.5363,-57.709084,-28.755527,-27.575052
132.92587,121.30831,113.52648,101.320076,89.77311,43.133137,41.46802
-54.08266,-50.407074,-47.73288,-44.12945,-38.984528,-21.32528,-20.29819
-8.658832,-7.528415,-3.049316,-3.454328,-1.9962249,19.431612,18.451426
-4.9517417,-7.190967,-7.4039083,-5.6256194,-5.048367,1.8327878,0.4053623
-35.19489,-33.518253,-32.81109,-29.300865,-25.148865,-14.803626,-14.932587
48.20766,45.66985,41.763287,37.53261,33.94985,20.718225,18.714516
-199.29878,-182.96994,-177.86176,-160.56697,-140.22221,-83.67711,-79.30036
-25.017014,-23.392744,-23.786827,-21.385586,-18.527466,-8.827798,-8.154725
-19.632822,-15.611283,-14.511971,-12.2468405,-10.593032,-4.8810844,-4.2429247
-1.8798665,-0.46621597,-1.8272847,-2.2099867,-1.146159,-17.21812,-17.203827
31.860966,28.61153,26.158092,23.842644,20.75771,10.774174,10.292694
-20.74348,-18.470362,-17.71928,-17.492165,-14.308425,-11.446617,-10.50423
13.352167,13.692991,11.133116,10.2151375,10.461903,13.650301,12.091005
35.444267,30.823332,28.772268,25.149084,22.378506,23.541956,23.24922
-54.908844,-51.048454,-47.42224,-42.141396,-37.640926,-37.709743,-34.887836
-126.081795,-116.49423,-111.50258,-98.77021,-86.03811,-49.752197,-46.445576
24.18241,21.206282,19.943792,18.243298,16.174927,10.600644,10.924998
-5.691468,-4.811318,-5.430163,-5.848328,-5.7975526,-16.573063,-15.034529
73.31589,67.33206,63.91772,56.23795,49.488445,24.841656,22.11496
15.295731,14.691711,15.36518,13.091699,11.635144,-1.0352455,0.05651507
-125.677124,-115.17372,-110.69531,-100.66789,-88.82436,-53.541126,-51.861225
85.95435,80.17124,77.48976,68.23202,60.63615,21.144392,20.352686
1.8243443,2.507791,1.4934365,1.3983599,1.6975695,-5.4554753,-4.3364472
46.053085,42.036957,40.001312,36.578526,32.612923,28.489237,26.073112
-43.209778,-39.863132,-38.291115,-35.593346,-32.038292,-21.258638,-20.25777
36.939373,34.503563,35.643803,32.58317,28.786667,18.413424,19.181263
-115.11493,-105.81639,-99.488205,-88.70017,-76.43878,-41.26414,-39.658264
-59.25798,-53.898502,-52.04165,-46.882664,-41.2763,-29.453938,-28.17023
32.505386,30.985796,32.11967,28.601007,24.973684,27.567495,26.789059
2.5201025,3.159934,3.9387503,2.9062223,1.5213462,1.364339,1.4056045
0.42638177,0.08195275,1.4487588,1.6137407,1.1301172,-10.575054,-11.043304
-158.48041,-148.40054,-141.17513,-128.20125,-113.25411,-75.58698,-71.034294
56.47047,51.33243,48.997425,43.424717,37.12941,26.456305,25.000546
-9.210418,-8.251212,-9.34122,-9.131011,-7.6329274,2.8978431,3.1994421
151.65474,141.93701,133.83017,120.722855,104.96682,63.033096,60.276695
-66.71956,-62.460835,-61.4063,-56.321556,-49.468876,-30.514124,-28.177265
16.703175,16.449814,17.593662,17.148869,15.117152,27.45362,26.945354
-42.616287,-41.523182,-38.296387,-34.600754,-31.462542,-25.012655,-24.085218
-45.653313,-41.634365,-40.109898,-35.362717,-31.758522,-18.638367,-16.383423
-104.40219,-95.1403,-89.755936,-81.755905,-71.10276,-42.419422,-39.469578
131.60925,121.92306,117.17067,106.01918,92.46082,68.39446,65.538925
-78.28962,-72.038574,-68.0668,-61.022022,-54.0689,-33.622482,-31.171167
116.06438,107.59438,104.78854,96.67437,85.4336,68.68449,66.04795
-31.864075,-29.281944,-27.03089,-24.965439,-22.275862,-26.303429,-24.661814
-15.954319,-14.649603,-17.508652,-17.305489,-16.085281,-23.448387,-22.296526
-21.626673,-19.834984,-18.763962,-16.770983,-12.395115,0.30325282,-0.95735013
-13.7066765,-14.486605,-11.775824,-8.690965,-5.757938,-1.4635116,0.15525621
-162.47713,-151.16754,-141.46162,-126.5482,-110.78656,-69.02475,-67.7366
-5.9802346,-5.3366075,-2.9662385,-3.5349736,-4.450483,1.4537377,2.486209
-72.53905,-65.72395,-63.818485,-57.52577,-50.997208,-36.48097,-33.41801
-5.5075727,-4.434426,-5.141667,-2.6672997,-1.0660996,-1.1474404,-0.8859171
149.35274,138.9009,132.26915,117.72199,104.35283,69.020386,66.23035
58.968513,53.464024,49.808308,43.53605,38.723747,35.26188,33.51385
-171.46051,-158.93292,-150.64868,-135.27939,-118.701706,-79.62805,-75.0584
-15.575739,-14.260624,-13.03097,-10.263677,-8.550085,-9.419189,-9.324841
50.929348,46.031544,41.95717,34.714775,27.961008,5.9843383,6.367769
-32.690735,-30.430578,-32.086906,-29.337217,-25.383108,-15.793601,-15.490121
7.14191,5.8154597,6.0010457,6.769341,5.694329,2.3867702,2.3220851
48.219086,45.6914,41.81015,37.679756,33.52389,20.891722,20.766506
-24.400194,-23.17778,-21.166367,-20.257769,-18.516895,-17.43833,-16.204784
100.76915,90.9995,87.14522,78.53276,69.19714,33.40589,33.337265
-180.30722,-165.88982,-157.91649,-141.72209,-126.76453,-72.63826,-70.771286
61.627884,56.69996,52.676487,48.039276,42.187542,22.25478,21.27201
53.423595,49.64453,44.471916,41.3109,34.817886,23.06968,22.23709
-78.13751,-71.32513,-66.659225,-58.496773,-51.128777,-13.7433195,-14.159296
12.211907,13.315418,13.867183,12.472273,11.465477,14.886009,12.400412
80.450195,75.51564,73.7318,67.04107,61.681713,41.542866,39.56821
-141.64432,-130.47571,-127.88311,-115.52941,-99.68924,-72.29123,-68.952065
-78.2581,-70.47156,-67.30076,-61.44465,-53.64435,-31.827932,-29.552778
-20.284746,-18.983316,-19.386597,-17.411446,-15.58298,-14.416849,-14.578193
125.33993,115.12184,111.64824,101.289215,89.11676,63.485386,60.112194
-115.949585,-106.044945,-101.62859,-91.54775,-79.80613,-30.847475,-30.083952
-19.12234,-19.168941,-19.852379,-18.759577,-17.272545,-0.0017808899,0.81766665
181.66936,166.45294,158.81483,141.35173,122.63996,75.66042,71.808525
44.13244,40.660076,37.721386,32.975742,29.010708,14.552854,14.947905
43.29399,38.99477,37.16399,31.993317,29.728533,18.14308,16.735939
-127.70609,-119.937706,-115.18304,-103.72255,-91.36806,-62.43756,-59.69922
12.705932,11.429221,10.466079,8.789479,6.4563766,30.484344,28.405405
-231.81027,-211.95088,-197.18932,-178.21484,-156.10544,-95.036835,-90.2857
-14.309519,-13.985779,-15.058468,-14.018103,-12.370042,-0.7157883,-0.6900191
51.7711,47.05897,44.793205,40.271088,35.793076,19.0736,17.673525
-0.1339851,0.7353634,1.9766393,3.4356942,3.1268983,5.89815,5.8649745
5.30888,5.110153,2.8711002,2.8035934,1.5879495,-3.7653942,-4.2580795
-55.57046,-50.207592,-47.0894,-43.505825,-38.750114,-28.928888,-28.884209
21.273842,20.402945,18.273298,17.292711,15.975003,11.227328,9.946382
5.603563,5.1419673,4.8903804,4.2489734,3.4013305,-0.72800314,0.209
-19.134975,-16.21084,-17.358416,-14.077458,-11.435458,3.986085,3.6588573
-98.142784,-91.27983,-86.968056,-78.87281,-69.064,-42.802376,-41.289177
-8.661442,-7.59964,-4.212879,-2.7779233,-1.5945548,8.648422,9.699644
-164.8881,-152.5795,-146.99489,-132.92824,-118.73782,-74.45616,-70.532036
176.13434,162.54169,153.36624,136.84256,120.13762,69.83049,64.6542
-47.625717,-44.39756,-42.351074,-36.929153,-32.187813,-20.649294,-20.018055
-129.91675,-120.26804,-119.2011,-107.85478,-94.7679,-74.42076,-70.247185
41.512753,37.01924,35.28285,31.14795,27.712936,20.161045,18.157454
-224.35443,-207.8644,-197.02736,-177.47334,-155.02534,-88.255585,-83.62612
-183.82848,-170.33826,-160.83589,-144.7485,-127.1696,-83.100975,-77.97258
100.63549,94.53461,90.95232,80.99243,70.673355,28.438335,27.061111
90.57849,84.16781,82.332726,73.644455,65.384026,35.506313,32.361855
-16.558146,-15.385656,-15.66387,-14.525106,-12.094118,-11.596655,-10.42231
-8.724536,-8.283349,-8.196342,-8.149219,-7.38227,1.829528,2.2945783
16.80951,17.525229,15.920698,15.23431,13.425728,8.462292,5.8465376
64.540436,62.099865,58.181797,51.558613,43.38565,24.511856,22.041677
-65.953064,-60.035255,-57.950443,-52.211758,-46.288197,-31.393135,-29.1196
-186.59222,-172.0699,-167.17973,-150.26761,-132.02072,-84.32052,-79.02765
69.91029,64.82988,63.078438,57.413578,52.250248,20.025728,18.96629
1.4041883,1.707604,-0.14109264,-0.45603073,0.65584433,-7.464699,-6.186081
113.03695,105.30929,101.02439,91.499916,81.45117,58.619576,55.866604
56.987343,51.47406,51.028973,45.050972,37.06567,16.997797,16.906029
-144.00674,-133.85551,-129.9693,-117.35046,-103.07855,-55.209656,-52.21498
-61.841766,-57.03342,-53.14435,-48.38582,-43.219364,-30.021833,-28.1295
4.8732934,1.918911,2.066875,1.6050944,0.45724255,2.3021438,1.909636
45.324387,42.305283,40.022263,36.71192,34.945797,39.03606,36.810867
-6.6011887,-7.7350883,-10.142357,-8.66251,-6.876934,-2.4431725,-0.5950946
28.655499,24.412521,24.216042,23.161398,21.387787,7.898493,6.3623805
-10.060974,-8.344776,-7.5950985,-5.9411435,-4.174791,1.1359313,3.0727632
43.93913,40.10897,40.644974,36.243317,32.224747,25.089684,21.720564
135.46822,123.47622,117.63912,106.018684,93.094696,69.79744,66.60743
95.00297,85.66474,81.18982,72.51022,62.271435,39.348507,38.033993
6.0220137,4.0352125,4.375922,3.2759545,3.6558983,-7.270485,-6.602133
6.7793784,4.611667,6.45104,6.936476,6.3024993,3.7682097,4.398133
56.97435,52.860237,53.20411,50.741505,45.49119,25.3998,25.586918
0.1262006,-0.9631396,-1.1312839,-1.1791736,-0.3778163,10.764971,10.075344
-96.06852,-89.0905,-81.850494,-75.95456,-68.17322,-50.196026,-46.84181
0.6284026,2.6689463,1.6824702,0.34508693,0.2537006,0.037725095,-0.23838997
-124.84736,-114.31704,-108.36095,-97.60937,-87.46521,-58.367893,-54.647316
-142.1589,-129.78127,-123.44252,-109.27655,-96.12038,-50.75323,-47.72128
-9.923501,-10.201104,-8.925992,-8.103884,-8.840803,-1.2759707,-2.536988
26.453968,23.64463,23.600576,21.04992,18.154032,11.334716,11.298074
-30.34231,-28.33524,-24.720188,-21.226757,-17.360868,-17.200764,-15.740224
-72.40139,-67.27624,-63.407978,-59.152065,-52.039604,-35.18422,-33.85988
-90.59052,-82.1382,-78.004456,-69.974304,-61.50562,-18.508232,-16.54126
-121.988144,-113.62183,-107.96345,-96.74596,-84.243614,-45.041027,-43.993725
3.1316385,4.1622243,2.7961884,2.6271868,2.3439448,-6.042659,-6.431886
53.360825,47.257645,44.364506,39.389038,34.23874,17.786436,17.323479
-15.33058,-13.077135,-11.144697,-7.811032,-6.359692,15.840223,14.337782
-63.544407,-59.2797,-57.34795,-51.463074,-44.690742,-16.950123,-16.80004
78.41547,72.63407,67.97976,60.819786,54.04439,36.605938,34.664692
-8.791971,-6.4993505,-5.192243,-4.874149,-3.4446485,1.0231286,0.6423628
-40.66546,-39.776443,-34.696133,-31.487488,-27.82555,-2.2533097,-3.551818
-122.975914,-112.0144,-106.4752,-95.49456,-83.82931,-45.20935,-41.384148
-69.34017,-63.15007,-64.82585,-59.493767,-53.005966,-30.002829,-28.774471
-62.374054,-57.927185,-56.211876,-51.900497,-46.60867,-47.636784,-44.62929
94.60645,86.741844,82.01632,74.51287,66.01765,50.29619,47.28564
-70.701515,-66.08012,-64.960075,-57.417484,-49.490913,-29.648798,-26.580784
18.00692,14.832717,11.936763,10.983138,8.608575,10.515698,10.134324
-95.66648,-86.894775,-84.378334,-75.82216,-67.67678,-48.06449,-47.50199
-72.89698,-68.85726,-63.355015,-57.3261,-50.053898,-24.031752,-22.633375
-124.93785,-117.303474,-112.39349,-102.04578,-89.72105,-52.767265,-49.831562
37.85784,36.633034,33.47606,28.616306,24.228678,11.742358,10.947418
-45.820965,-43.364162,-40.576073,-36.931705,-32.84965,-24.359268,-22.945496
12.134422,11.692407,11.499942,9.8204155,7.966784,-7.260758,-6.4079123
44.202198,39.93577,38.383057,35.111042,29.56932,17.539043,16.595285
-79.94017,-76.07113,-71.66866,-63.944065,-56.278103,-28.837355,-27.200905
9.888461,8.132696,5.325603,4.337092,3.0953784,-0.35802323,-1.5871067
2.3187659,1.6029851,-0.70525336,-1.0487826,-1.4869273,-8.843805,-6.614184
30.895231,27.0136,24.396532,21.418818,19.313972,8.884853,7.4262676
114.79586,104.85804,100.217384,89.71395,80.266914,52.663338,49.256767
-51.86959,-47.217426,-45.882534,-42.69556,-36.605312,-22.167522,-20.479206
-14.602401,-14.124593,-11.61277,-10.263745,-9.704472,-11.678801,-9.635259
-91.50838,-84.37418,-81.071014,-73.55411,-65.90925,-37.246704,-36.182735
-17.222506,-16.03466,-15.770405,-13.363296,-9.974303,1.2125463,1.4700108
-2.1069846,-0.06579149,-1.0490297,-1.5607466,-2.8504844,7.4230294,6.4079957
107.31154,100.434296,94.74472,85.065994,73.03939,33.29258,30.508999
-184.21362,-168.78456,-158.8755,-141.57771,-125.349174,-82.90232,-79.25558
19.56033,20.027218,17.165428,15.977003,14.742571,7.368618,7.420868
21.643541,18.53499,17.747837,16.243341,14.2661085,6.551655,4.949705
-6.745896,-6.960055,-6.8911443,-6.5685105,-7.0901036,-4.1015306,-2.3113616
-73.03462,-68.93199,-65.93697,-57.919983,-49.762115,-14.193355,-14.531847
67.732635,60.110588,56.339977,50.673992,42.93807,38.62533,37.469994
74.418884,68.12158,64.276566,57.22225,50.850624,24.94882,23.68285
-18.65374,-15.85023,-18.03199,-16.735527,-14.028241,-5.853684,-5.2365017
-23.148474,-23.677092,-22.800951,-20.46631,-17.935015,-11.665802,-10.81145
4.282451,4.0084395,1.7952114,1.714975,1.8755203,-5.9314075,-5.0886054
54.620407,48.448685,47.52961,42.28794,37.958935,34.787987,32.654152
11.59442,10.88574,10.629859,8.19999,6.7219563,7.9636745,7.5847273
1.3406346,3.2461245,0.71763927,-0.7816612,-1.1987822,-3.6542022,-3.9165494
37.58451,35.830418,35.518394,31.23464,24.293074,17.564325,16.618998
83.745575,76.39381,71.326935,63.975605,55.48264,31.563416,30.459877
-14.769978,-12.975254,-11.552546,-9.417839,-8.140533,1.1202347,1.3035367
37.262657,36.01491,33.19822,30.831297,27.88792,-1.96991,-2.4261951
1.0022179,1.1238905,1.7941357,2.7702107,2.14356,12.428069,11.803735
-43.605473,-38.897396,-37.658405,-34.17453,-30.885105,-45.553505,-44.0719
9.067899,7.739331,8.0970545,7.255375,8.0827,16.136337,15.32265
158.28748,147.16513,141.2721,127.07792,109.5651,76.34917,71.735535
-55.43771,-50.68445,-47.104153,-41.486988,-37.922245,-24.75632,-22.390923
84.23642,76.81378,71.00178,63.723915,53.11727,31.479954,30.041246
152.083,140.28691,135.20259,121.75453,104.91058,50.62101,48.502876
138.28093,127.33147,121.455154,109.53587,96.440475,55.186172,51.35971
-28.851227,-26.556648,-24.601738,-21.678898,-18.927925,3.9573834,3.7816591
2.7314541,2.097508,1.0545757,-0.5211957,-2.0544968,-0.8380068,-1.1223261
-49.636555,-43.097492,-41.48621,-37.57394,-32.82231,-24.074558,-22.53613
-7.020698,-4.68354,-6.2636294,-5.4926143,-4.479091,-22.271404,-21.687944
-5.1775355,-5.20293,-5.4927382,-3.6384904,-0.8184658,6.591274,6.0857606
-186.77382,-172.72115,-163.90828,-148.31297,-129.6602,-73.77646,-70.43249
56.421436,51.128227,46.64787,41.865234,36.668163,5.8872766,6.3129554
-11.036544,-9.1252575,-10.785915,-9.203915,-7.486924,-8.550438,-9.728095
-24.012836,-20.369007,-20.432026,-17.562592,-14.352019,4.6509867,3.8800879
25.392946,23.93016,20.620316,19.453093,16.441769,17.772427,15.608611
-2.5695279,-2.6527188,-3.098181,-3.1196396,-3.8049433,7.369955,8.528676
-35.177113,-33.288044,-32.198265,-28.994722,-25.46876,-18.089294,-17.38487
-175.34116,-160.90543,-155.75287,-140.56241,-124.33014,-77.11804,-72.9259
-18.875607,-16.831272,-16.340221,-14.013851,-12.424959,-26.268936,-24.794403
78.99861,73.40107,69.346886,60.702606,52.722256,47.02784,45.024803
-51.125687,-48.75414,-48.607716,-45.434586,-41.569454,-24.227757,-24.440819
-13.247073,-13.383399,-10.90268,-9.470499,-10.1974,-2.870255,-1.6883485
53.04085,47.065517,44.467815,39.52509,34.656033,9.363666,8.559176
-4.1446557,-3.548676,-4.0320916,-4.860476,-3.8845887,-4.8598676,-5.0595956
102.83419,94.68239,89.9885,80.40961,72.20483,49.12906,46.942337
56.188236,52.670437,50.96336,46.642826,39.99268,14.970881,15.25615
7.231347,5.953307,5.4674215,4.839822,4.484071,17.879267,17.624893
-0.49695745,2.7014987,0.58979166,0.0605248,-0.641801,-13.422234,-13.126709
-198.47476,-182.92632,-175.2647,-157.14085,-137.67216,-86.69528,-82.36315
16.874424,16.837492,13.804684,12.670273,12.431323,1.6711247,0.8957065
-1.8476447,-2.6653996,-2.0838,-0.16457216,0.13836057,-4.7001824,-2.9920201
-23.962564,-21.832468,-19.55501,-18.338661,-17.737577,-22.561079,-21.398823
39.93203,37.156284,35.348885,30.539963,26.374027,18.917662,19.86287
-87.66566,-82.45318,-77.27849,-68.84646,-60.076973,-33.69235,-31.198927
50.362816,46.61649,46.777393,42.69188,37.263504,22.421282,21.711208
136.41351,124.94121,119.707634,105.83588,92.70448,53.094955,50.501724
205.40373,189.87434,180.64955,162.51534,143.16164,97.16373,90.48673
58.28033,53.96468,48.278034,43.38735,38.451912,18.036013,18.209068
19.025766,17.409779,19.403095,16.441502,14.127562,8.015995,7.2042174
102.98086,94.91312,89.97573,79.2195,68.99198,52.95971,49.602287
7.1549363,4.729578,6.5292454,6.1948113,5.4913116,9.3114,8.820462
-84.12572,-75.867325,-70.36661,-63.058002,-55.205765,-32.908913,-32.00096
92.29282,85.32873,77.74209,69.65876,61.040756,45.505337,44.2416
121.77324,111.89708,106.111465,94.205345,82.72679,54.168087,51.257626
-37.115852,-34.23017,-31.99349,-27.344307,-25.294424,-15.383017,-15.060948
-92.56398,-84.06241,-78.03895,-70.96262,-61.220577,-29.195745,-28.615349
170.71829,156.73322,146.80127,131.67587,114.26392,55.226906,52.83841
-17.69818,-14.428218,-15.810924,-14.397082,-10.48767,-0.85666907,0.29581013
11.421786,11.994235,10.314619,8.456957,6.4250097,11.673587,10.679595
-15.812253,-14.328414,-15.512597,-14.90318,-13.038779,-17.517223,-16.110058
20.676207,19.572718,17.971666,16.73432,14.40925,11.421358,11.107557
2.183326,1.1496729,0.0275262,0.9629548,0.36388904,-17.6972,-16.911722
-82.07394,-76.30207,-70.91407,-63.51437,-56.325863,-22.27093,-21.02607
-63.956852,-58.690178,-55.95874,-50.62618,-45.500835,-21.12184,-20.402046
24.12332,23.958632,24.071026,23.360302,20.14301,17.98743,17.684467
-18.218756,-19.503757,-20.209742,-19.10839,-16.922945,-15.837482,-15.3485565
94.746056,87.25704,82.26012,72.91305,63.149307,36.895603,36.216583
-1.819372,-2.3505938,-0.4261063,-0.46767697,-0.5965603,5.793314,7.0844316
-85.0258,-77.7971,-72.955345,-66.08482,-58.532322,-36.03951,-34.628025
79.36068,71.85971,67.74542,60.54109,53.48269,29.274944,27.955744
117.07087,109.654045,104.573494,92.924034,81.61665,52.070705,49.5964
88.861244,82.62667,77.61173,69.721245,60.483925,40.658367,38.23509
-18.32124,-15.229296,-18.05088,-17.66332,-15.123358,-19.835644,-18.756382
-81.145744,-74.623116,-72.774155,-65.05207,-56.582817,-50.013145,-48.859188
-4.2451057,-3.267544,-1.0882455,-1.3566324,-2.1453822,7.1076517,8.171217
129.37804,120.547775,114.04703,101.7555,89.50863,38.838676,35.861332
-218.34439,-200.73544,-189.4306,-171.55904,-150.39467,-97.6005,-94.50227
65.459564,61.032898,60.768032,56.491047,49.85054,32.64502,29.706907
-49.646408,-44.326324,-41.76084,-35.987446,-32.119133,-23.16109,-22.713188
19.309212,18.116089,16.402111,13.446046,11.401407,-5.8082404,-6.914355
-30.2094,-30.142326,-30.035343,-26.033022,-21.527534,-23.192036,-21.551346
160.71475,145.18889,137.81865,122.410065,108.197105,64.90391,61.959694
-56.55665,-52.545753,-51.632877,-47.013523,-40.902584,-41.363674,-39.06424
-6.773282,-3.2637072,-4.7620993,-2.9963999,-2.267415,6.72243,5.7238646
1.7652998,3.075468,3.960167,2.691164,2.8364477,4.0995793,4.3820944
33.63462,29.739775,29.385689,26.768532,22.992754,1.568511,3.3907375
-97.75096,-91.18233,-86.2214,-76.64944,-65.900536,-40.377396,-38.704746
-64.80389,-60.427914,-57.951912,-50.280865,-42.937893,-23.294458,-22.043266
27.246044,25.660778,24.4568,22.00621,20.08907,1.8327305,0.63795406
-38.71058,-34.432667,-31.754246,-27.673927,-23.824669,-26.130001,-25.64927
-37.351162,-35.736713,-33.23918,-29.286024,-26.19824,-7.677277,-6.655376
78.50198,71.87996,67.76883,59.996197,51.69393,42.817177,41.989773
-22.203934,-20.056053,-18.86831,-15.417961,-13.202433,-3.2317333,-4.550272
-10.4981,-10.323269,-9.586681,-9.111195,-7.827068,-0.2851158,0.4931635
17.614832,15.240802,15.447255,14.044818,12.921645,13.739469,13.38769
5.489153,4.89587,4.5290203,4.1085052,3.4996488,1.7865239,1.767552
-31.607296,-31.699427,-31.947945,-28.952929,-26.371857,-7.4470277,-8.207438
-1.3424402,-0.6088749,0.23141992,-1.1301514,-2.757016,-13.137052,-11.815776
-1.6184773,-2.5907025,-1.9912896,-1.9768624,-1.7118268,7.750648,7.5381293
7.9242215,6.4640994,7.037646,6.368818,3.6011043,1.1605449,0.31409073
116.998024,107.24653,103.60513,93.56626,81.77357,45.68393,43.81753
-40.27289,-36.728252,-36.714615,-32.642204,-30.078798,-10.705102,-10.915447
-10.987428,-10.285098,-10.950088,-10.943895,-9.414337,-14.482725,-13.811223
-88.38214,-82.379,-78.27964,-70.40142,-61.952473,-52.541317,-52.876415
38.459534,35.201775,32.98107,30.119026,26.61321,19.518888,18.549212
-110.45583,-102.31786,-97.231575,-88.6752,-79.078835,-53.42192,-50.461708
-27.298925,-22.789307,-21.464245,-19.801872,-15.989114,0.34453624,-0.31639248
-55.45543,-52.88593,-48.06978,-42.48129,-36.06678,-36.824512,-34.098423
-50.936733,-46.48853,-44.203236,-40.52061,-35.00926,-21.407822,-20.680891
26.783686,25.633165,25.54297,23.195227,20.23459,23.472895,21.911493
-112.103584,-101.55601,-99.03667,-89.114395,-78.1861,-46.162544,-43.941822
-6.5229025,-4.9121566,-4.8195176,-4.9402823,-7.627274,-20.225786,-19.961815
43.143562,41.80308,41.49035,38.8885,36.04002,31.766506,31.234226
-117.43831,-109.218796,-104.50585,-93.928185,-82.462006,-45.05913,-43.543045
3.5823407,3.6208882,3.2799888,3.700097,3.0268526,10.710154,8.933853
102.25098,94.29438,91.55638,80.86597,69.72954,33.554222,32.1693
-121.274666,-111.10196,-107.32709,-97.046585,-85.38013,-58.140507,-55.892635
-56.513096,-52.68408,-49.026432,-45.204525,-39.834217,-30.70187,-27.902412
18.316185,16.138662,17.608238,15.281774,14.109361,8.951471,8.878447
-8.368109,-8.080732,-9.265093,-8.345343,-7.379303,5.736603,5.1979976
6.7207203,5.0731483,3.347825,2.2359743,0.66935843,2.3576722,3.5029025
46.96834,45.246338,42.016773,37.555,30.955446,16.49752,15.256399
90.683205,82.909096,80.85451,71.88366,64.772766,34.22152,32.11041
138.09874,126.22902,119.987404,107.67286,94.3862,55.695477,53.8308
-29.56672,-27.385517,-25.922668,-23.77153,-22.235775,-12.98476,-13.528683
-172.2846,-158.9658,-150.83606,-134.37949,-118.826096,-65.25776,-63.60372
-21.305906,-19.25799,-16.505419,-12.890886,-10.454102,-3.0048335,-3.865578
98.36621,90.80943,87.39465,78.816696,68.43924,56.416344,54.216133
36.931057,35.747562,36.073925,32.45924,28.271109,22.537186,21.12084
-27.782644,-25.610973,-24.550707,-22.774483,-22.603483,-29.730793,-28.765158
149.74821,136.3439,128.70233,114.77995,100.99899,72.01011,69.80574
36.631298,34.689716,35.268955,30.891851,27.2991,19.889318,17.95877
107.10437,98.06466,95.43585,84.997795,72.80654,41.131905,39.268112
-59.35181,-55.002323,-51.402912,-47.1621,-42.73328,-22.907694,-22.766413
-36.874554,-34.630566,-31.074194,-27.663828,-24.822199,-14.584847,-14.159467
41.07968,38.39005,37.60194,33.75111,29.641336,11.465765,10.250866
-2.2696347,-0.4440141,1.952806,3.0627894,3.4081378,2.9675746,0.840115
6.416966,5.634769,3.4921424,2.9018695,2.236324,-9.486076,-10.179928
-40.07112,-38.276913,-37.17984,-34.032906,-30.10834,-21.356436,-19.755484
-41.408314,-37.298058,-36.143486,-32.62497,-26.096682,-17.298332,-17.654037
81.04908,73.5045,68.46479,61.78792,53.224113,20.159517,17.850498
66.62564,60.131863,56.04884,51.336613,44.407017,30.098553,30.505857
6.15445,6.3973165,8.713724,8.047452,7.1339536,15.898666,14.586596
2.7956438,2.1366892,1.1199064,1.42239,2.2029371,28.461979,26.070992
33.920067,30.728077,28.601116,24.615967,21.352203,14.074892,13.101101
-12.561106,-10.8333845,-10.364792,-8.639258,-7.176467,5.3902197,5.6627846
-49.067844,-45.10319,-45.25767,-41.22027,-35.574314,-13.733769,-12.935867
-91.90936,-85.04173,-79.674835,-72.78129,-64.06408,-30.764744,-27.619415
92.394035,84.53851,84.2341,76.280594,66.38133,34.716564,33.910103
295.47952,271.77277,261.19058,234.24611,206.65288,122.54574,117.85549
-97.51862,-90.15708,-85.92095,-76.27847,-66.490715,-48.061054,-44.640465
14.366628,14.660882,12.782126,11.209275,11.241199,6.8376584,6.6703715
11.367731,9.959623,9.382997,10.827101,9.282555,-11.08307,-10.698553
-68.03092,-63.40024,-61.146942,-54.922398,-47.556442,-34.463818,-31.674328
64.60048,58.593296,57.00262,52.067234,45.067337,37.05123,35.358284
1.6274029,3.0156372,3.0815132,4.603252,3.9923398,16.724333,14.0049925
14.789631,12.2430105,8.3858,5.8848143,5.5908833,5.8052855,4.846944
19.072306,19.83473,19.499617,18.92341,17.480263,24.651272,22.78572
-19.348024,-17.097694,-18.46718,-18.274117,-16.39881,-20.633257,-19.493824
13.734906,13.131965,14.610276,12.558784,9.654656,18.16204,17.430847
-113.560905,-104.286446,-99.10935,-88.01246,-75.56992,-44.09419,-43.15124
-65.21195,-57.8682,-56.674072,-50.38226,-45.277523,-37.588135,-35.568172
-36.673286,-34.597992,-32.597115,-30.382603,-26.685215,-11.276199,-10.840441
-22.731964,-23.40522,-22.688612,-21.450481,-20.522589,-28.072563,-25.182545
213.06224,199.01259,188.03615,168.23164,146.51015,81.80654,78.26757
161.80913,151.48146,145.28865,130.9901,115.35843,76.18823,72.29617
-20.724403,-18.429085,-17.218876,-15.133339,-12.298889,-2.2257404,-1.4918194
-81.2144,-73.73082,-70.861664,-64.39976,-57.095562,-31.349829,-29.172972
-6.1282744,-7.0907235,-6.707989,-5.797523,-5.301574,17.661095,15.104579
-62.987022,-59.295315,-61.05854,-55.128845,-48.871635,-17.18231,-15.727552
74.39617,70.13243,65.48247,59.98618,54.398415,31.198458,29.989809
-9.002675,-7.776487,-8.459809,-7.076587,-7.795072,-10.843091,-11.1861925
14.5803795,15.89346,14.586829,13.911247,13.582043,17.439505,15.576796
-209.70795,-193.44714,-185.19254,-167.4429,-147.21231,-83.01677,-79.096985
0.931643,-0.6134372,-2.1707573,-1.6651616,-1.5776925,-11.854828,-9.844984
-81.30342,-74.70485,-72.30101,-65.40638,-58.285656,-26.566381,-26.32182
117.96951,110.53722,104.61755,92.982185,81.48377,58.51289,55.823315
7.2012057,6.6253924,5.413259,5.3893466,4.458524,8.775146,8.291216
-117.49375,-110.457306,-103.77178,-93.048,-82.607475,-47.641476,-45.563423
39.611053,37.717617,36.065456,32.751537,27.965105,23.264294,22.830196
57.225334,52.038452,47.266224,42.272865,37.659527,11.861169,11.04605
-39.885372,-36.21859,-35.983643,-32.019012,-29.690405,-26.444113,-24.915833
18.350163,16.623787,16.354916,12.839629,11.232457,-8.037101,-7.6170073
47.731842,44.12319,42.304523,38.378178,32.584927,26.267675,24.486126
-13.041089,-11.664732,-10.638118,-7.8372746,-8.467204,6.1524887,5.1331987
-40.528618,-37.92528,-36.347027,-31.901827,-28.413097,-33.592754,-31.05401
14.870931,14.813726,12.380234,11.0255995,9.082632,9.67179,9.491819
-178.94218,-164.5226,-155.37994,-138.9793,-120.75034,-59.473885,-56.82019
-4.767095,-6.804292,-2.9956126,-0.6191401,-0.67862743,3.4383693,3.6661096
186.87599,172.23573,163.78154,146.67587,129.42987,81.2207,77.5973
-55.39183,-51.81656,-50.1884,-44.78409,-39.577106,-24.71733,-24.509174
10.935376,9.816365,10.144123,7.7847285,5.6693635,0.19944279,0.7610983
12.553551,11.919001,14.539523,13.982843,11.957394,-1.0717931,-0.5694412
0.6779852,0.11970045,0.38021377,-1.131608,-1.6288061,-7.094268,-5.58949
-32.276585,-30.919806,-27.628004,-24.144617,-19.405293,-5.5537286,-5.1848626
31.031178,28.48271,24.067705,22.069345,20.56993,13.007576,12.331263
-46.54064,-43.96001,-38.921215,-34.61585,-29.706646,-14.136861,-14.621608
-223.14015,-207.8725,-198.6373,-177.3017,-154.83537,-96.920456,-91.794586
-60.962845,-56.6502,-53.52709,-47.45083,-40.908257,-27.187737,-25.612648
2.1470857,1.9004025,2.1736035,2.4478478,2.2116723,6.0009704,7.2324815
-12.557276,-13.212735,-10.872939,-8.069661,-7.0895977,5.774875,6.803646
117.974686,110.06343,104.29573,92.43083,80.479576,54.963657,51.56406
3.8828108,3.9523041,5.1172447,5.7119865,6.2004433,16.723238,16.731674
35.24696,32.665108,28.647293,24.437777,22.02615,28.346338,25.688118
-12.461451,-10.720188,-7.513244,-6.792173,-4.934138,-3.1769588,-3.054012
54.941326,50.568665,50.564438,45.345234,40.73443,16.083055,16.451017
-7.3701043,-8.764501,-9.059152,-8.702458,-8.38391,-0.09823045,-0.7117578
7.534766,4.2820654,5.118331,4.1582117,1.7982781,-7.425373,-7.9819956
-140.39682,-131.09903,-123.87373,-111.1201,-97.866295,-58.115685,-53.984924
185.41289,173.99574,164.50697,147.83867,130.2289,92.11201,87.08024
26.736273,24.305178,24.745604,21.8187,19.75552,30.237394,28.900408
-17.624283,-16.889,-15.179374,-11.969035,-9.650105,-2.48703,-2.5163798
57.316315,51.430954,50.907036,46.476723,41.750996,23.768646,23.419594
55.408436,51.9707,49.945763,46.779446,41.11317,33.037743,31.633316
104.205864,97.04649,94.99061,87.50573,78.60879,58.429405,55.26173
-5.992111,-5.1418266,-6.8694725,-6.0835457,-3.5749016,-7.29432,-6.8524237
28.350998,25.19762,24.705494,21.368992,18.723286,3.542549,4.4145746
-27.232794,-25.0648,-23.715569,-20.698454,-18.27018,-7.094364,-6.4822426
-20.253988,-18.169561,-15.516099,-13.235902,-11.740995,-5.7993107,-6.1632504
-94.5845,-87.51161,-85.401886,-76.30195,-67.50027,-46.42698,-45.05125
-150.05452,-138.5773,-133.57661,-120.91971,-107.35765,-70.34562,-66.911446
25.52067,21.615814,18.268473,16.742117,15.033607,-4.002214,-3.071815
2.9017184,2.918988,3.604109,4.19905,4.5273347,26.883532,25.359428
123.77313,113.68924,107.562454,96.65602,85.9839,51.475525,50.043007
21.10335,18.191238,15.201089,12.9839,11.184855,0.53800523,-1.0642451
-57.625603,-55.305202,-54.46222,-47.389587,-40.739292,-19.765905,-18.370485
187.05945,170.55241,162.25793,144.4954,127.19503,79.21037,73.61079
39.540142,37.104523,35.156372,33.011475,30.841751,23.059439,21.167665
68.53678,61.930656,58.70752,52.846443,45.399956,22.612616,21.821484
6.1972475,5.3995667,2.6741126,2.4772508,2.561437,-19.217772,-18.679638
76.55816,69.63799,64.49811,57.926605,51.575203,28.91094,27.23366
-131.48712,-123.56388,-117.97303,-106.83216,-94.46766,-72.52548,-69.80226
-87.43933,-80.53542,-80.09589,-71.63199,-62.475636,-51.047108,-49.082516
66.273506,61.886944,58.4136,51.902027,44.761158,26.147953,24.574848
155.296,144.54341,138.04189,123.26124,107.33971,62.083733,60.506798
-3.7331822,-3.0797675,-2.5022748,-1.2121356,-2.4862225,2.1363304,1.0791786
60.014866,55.274242,53.45021,48.98751,43.85384,25.114885,23.65864
15.813923,15.53627,14.722866,13.72286,12.102465,1.9516112,0.97154677
-26.006495,-24.791653,-23.303816,-20.369722,-17.389563,-11.321615,-10.9111595
41.380062,38.52094,34.841354,31.3112,25.362667,10.354618,10.3614235
190.51877,175.23708,169.38588,151.37851,133.28433,79.31805,76.46707
-0.3265545,-0.84355474,2.1943328,2.6461933,3.0899265,20.729956,22.23576
2.026935,2.0284343,0.5269504,0.5698162,0.19360116,-3.1212382,-2.3030353
0.47886768,0.27942386,-1.2316273,-0.3228558,1.0030032,6.5907583,6.1824455
-192.31886,-177.89783,-170.15239,-153.52632,-135.79991,-87.116844,-84.707695
-137.74106,-125.763985,-121.15637,-109.1352,-95.39207,-50.7146,-47.954254
-82.96337,-77.99075,-71.428856,-64.15507,-56.141193,-14.874838,-14.951247
51.023148,49.4966,47.788113,42.80793,37.12179,18.254631,14.886479
51.630512,46.14497,42.58059,38.06841,33.656982,25.113476,22.919039
-2.1507967,-2.1352174,-2.0901735,-1.0747964,-1.1210783,15.49367,14.008202
41.928722,38.12264,34.803955,30.010958,26.04261,-1.3188306,-2.027935
-53.779842,-51.505665,-50.737858,-46.274944,-42.548138,-36.25028,-33.376648
4.484944,4.2867217,5.4424872,5.8882995,6.3756094,17.996952,17.177177
-39.43997,-36.203056,-34.267277,-31.654842,-27.957712,-28.39523,-26.219822
123.45982,112.95332,108.95861,97.17021,85.88335,59.464714,55.737152
10.127701,11.002228,11.020508,8.280222,7.422196,-10.121424,-9.326349
-51.37207,-46.784737,-45.68912,-40.40015,-34.09746,-15.043992,-14.478513
-42.24856,-38.135166,-35.806698,-31.422213,-26.071089,-15.547824,-14.935339
-24.928856,-23.904522,-20.59316,-18.987106,-17.175861,-7.242746,-7.3617234
118.97125,108.658646,105.64619,95.10098,83.67892,49.94271,48.473618
-9.938976,-10.651653,-11.968647,-10.690955,-8.105581,-16.640144,-16.813625
-39.639294,-37.85507,-38.335148,-34.28108,-31.418196,-22.542643,-21.711288
-214.83125,-198.62918,-190.02943,-171.38391,-151.63072,-106.64831,-100.50172
47.245716,42.804657,41.275833,39.108265,34.823566,15.737332,13.882182
113.98258,103.76284,99.738106,88.6707,79.37464,45.913902,42.304115
2.6089752,3.055226,3.2970836,3.3583724,3.850726,2.1908348,2.3717449
-2.0977776,-2.5485604,-3.0967085,-1.8806069,-2.8094342,-8.020331,-7.210777
150.8695,139.20845,133.43192,119.366974,106.114044,65.98199,61.107727
-114.35479,-105.20869,-100.17735,-89.61342,-78.6276,-32.157124,-30.899712
38.31025,35.395382,33.267696,31.957054,29.020336,31.874468,31.271006
-39.365124,-37.572216,-37.26534,-33.281685,-28.910334,-30.282084,-28.946938
19.656372,17.332956,15.382833,13.691742,12.218158,3.718639,4.2479525
-35.935787,-32.63059,-30.115486,-27.436861,-22.498093,-20.660294,-19.425314
-45.883553,-42.380074,-43.870026,-41.306602,-36.125526,-28.831175,-26.816143
-74.11798,-67.12345,-63.88028,-58.894543,-50.993084,-36.584328,-35.61571
27.878138,26.943663,27.639963,25.456652,22.289968,-0.88943446,-1.6074196
-2.1363697,-2.0355196,-1.3140678,-1.0761557,-1.7222033,-5.032523,-4.4217052
-9.732705,-9.183168,-10.844376,-10.404212,-10.894547,-13.098028,-12.486744
-3.8841708,-3.1422808,-5.1292667,-5.5588436,-5.1088924,2.4020216,1.1095072
-6.6146474,-5.857613,-4.933781,-2.464907,-4.2013783,-14.671679,-13.49571
45.543396,42.356236,42.259457,37.551655,35.17181,25.649714,24.858793
-62.692825,-57.5806,-55.023872,-50.620617,-43.980606,-30.680285,-30.380556
-64.36769,-61.585247,-58.410954,-52.460373,-46.75549,-22.84684,-22.931488
104.04061,95.65658,93.12947,83.86643,73.96839,63.539745,60.816433
-12.86475,-12.449884,-10.543667,-10.229972,-9.59523,1.947552,0.10653895
3.2449052,1.5170877,0.82370156,-0.26752692,-0.958895,-1.2586062,-0.6693652
100.253746,91.90545,86.08509,77.98852,66.40827,43.250095,40.195152
69.05451,66.016594,62.112194,55.927197,48.869984,37.56939,35.256294
112.383224,104.091484,100.838875,90.10155,79.88613,50.58902,47.44949
80.213356,74.18892,71.94305,66.51256,60.00738,46.502476,44.950077
176.34941,163.86577,157.25285,140.95784,124.22099,70.5281,66.50371
-87.14748,-81.078384,-75.316925,-67.84561,-60.34483,-35.65996,-32.465065
8.131057,8.518571,5.3706055,5.14213,4.117112,-4.3798575,-2.6284401
26.412453,24.7831,20.898329,17.625257,15.723252,6.229672,6.2517395
27.005798,24.237488,23.345224,21.324482,19.05017,14.807994,13.0402775
47.195168,43.333305,40.349045,36.80519,34.461357,36.832764,33.9112
-7.193245,-7.193451,-4.277153,-2.9793818,-1.5088398,-0.14701767,-0.63219565
57.328106,50.369225,49.063625,44.067684,37.552757,31.53446,28.655344
19.92568,17.550114,15.887047,12.7635975,10.071545,-4.860979,-4.7233458
63.227177,59.179108,56.720547,50.21847,42.432903,20.238655,19.341875
-26.883251,-23.491402,-23.031422,-21.028288,-18.666903,-8.781087,-7.9828405
-112.246704,-103.53172,-98.41011,-88.38495,-79.410225,-52.84654,-50.574875
-43.31724,-40.355396,-39.8959,-36.804276,-33.7843,-23.73204,-22.060736
-60.517963,-54.77512,-51.773403,-45.83521,-39.486874,-28.377367,-26.810509
-9.34532,-9.646091,-11.530634,-10.98913,-9.605716,2.1309552,2.8741117
-77.104485,-72.14487,-70.72131,-63.401752,-56.315777,-31.849382,-30.57863
-112.69145,-104.65611,-98.30339,-87.74728,-76.81033,-41.274563,-40.694584
-21.163765,-19.749187,-19.592672,-17.95241,-15.254148,-13.904014,-14.587602
1.4258586,0.7165061,3.1672518,3.6596334,3.865401,8.389106,8.102438
37.6442,33.780426,33.88345,29.917318,25.583357,6.0938544,5.8238316
-32.555096,-31.601469,-31.56878,-28.026398,-23.43014,-28.321371,-26.98885
-136.05844,-124.393005,-118.8476,-107.47852,-93.89255,-63.771854,-59.18346
56.004566,50.419224,49.163353,43.574436,37.483345,27.348162,26.427275
-126.510445,-117.11373,-110.10017,-98.76766,-86.10323,-43.720867,-40.983246
25.766354,20.674364,19.809708,18.763815,15.60532,18.341011,17.240717
-112.20606,-104.42442,-98.15418,-88.48952,-77.6736,-48.026554,-45.7925
19.244282,20.332794,20.049292,20.158062,18.855911,-3.6823819,-2.875963
65.70457,60.95337,59.407738,54.449528,48.842945,39.96784,37.76779
17.199377,16.178873,14.506987,14.023584,11.498163,8.682472,8.717856
145.7116,135.32155,129.36449,115.41869,101.0993,56.877186,53.829323
15.475393,13.88381,14.138382,11.954618,10.2322645,-3.0015142,-3.1254985
34.93561,31.157116,29.023449,25.797125,21.746923,20.179094,21.356144
60.466614,56.923157,54.639233,50.14512,43.992344,29.140137,28.93671
-19.192327,-18.930973,-18.83063,-17.742579,-15.664338,-8.279654,-7.451222
-32.067593,-30.554836,-29.329458,-25.20282,-21.31805,-25.709455,-23.25704
8.81716,7.2824135,7.58251,8.779356,8.710162,-0.6207094,1.3827295
-115.21883,-106.77011,-103.43728,-92.033905,-79.46471,-58.937492,-58.195335
16.546705,17.105452,14.867576,12.82278,9.716941,8.346946,7.6378484
-3.5567515,-4.19368,-4.097267,-3.5848553,-2.3831904,1.3228921,0.9561414
-33.53654,-32.01207,-31.943893,-30.272503,-27.283821,-31.533373,-29.99408
46.802937,42.924694,41.120872,38.03657,35.35423,28.918118,26.936396
15.843062,15.220532,14.978923,13.485488,10.041802,-3.711755,-3.7240078
-55.792625,-50.92739,-50.968395,-45.893433,-39.377846,-15.741125,-14.801512
127.09459,116.24095,111.522064,101.421364,89.198555,53.677414,52.103542
-90.274605,-82.73534,-75.718315,-68.12227,-59.877647,-29.629354,-29.333471
3.6352036,2.3858206,2.5463192,2.8258011,2.7310603,1.6018687,1.2611104
-57.877087,-53.754,-52.020504,-47.94448,-43.760014,-35.053703,-35.118015
16.466824,15.009564,13.614995,12.05483,10.194762,4.554354,5.1239686
57.729694,51.531193,49.29572,44.04053,36.91625,25.323492,23.113482
105.15625,97.89288,92.8247,83.811295,72.12514,45.5903,42.492287
22.150908,19.168526,17.345543,15.034754,12.965682,5.3987813,5.696321
-10.20948,-9.640793,-10.160528,-8.570551,-7.091921,-10.66286,-10.481884
-18.480234,-16.404182,-15.691297,-13.898156,-11.192224,-13.905776,-13.4708395
-78.573586,-71.032616,-65.84718,-58.70237,-51.707954,-39.29411,-37.01025
14.68283,13.903007,13.663562,12.294685,11.150302,17.943428,17.832191
41.40331,37.724586,35.80859,31.348911,26.44537,9.761332,8.845501
-133.80078,-123.73737,-117.1554,-105.57424,-93.61846,-54.91321,-51.408764
-121.05959,-111.362144,-105.65801,-95.18923,-83.923645,-47.9278,-44.682755
-101.58752,-95.63493,-89.27249,-79.277374,-70.8273,-55.018703,-52.194714
100.202225,92.424484,86.955635,78.831726,70.55138,48.4937,46.32122
168.58125,155.03152,151.351,137.3519,119.85831,77.832214,74.06924
-26.903458,-24.593203,-22.80867,-20.548935,-18.881298,-25.990593,-23.665747
-7.0760827,-5.4900746,-3.6237872,-4.4296074,-4.7293386,-3.9050279,-3.039892
-39.253155,-37.231476,-35.52184,-32.62941,-27.199383,-14.4893265,-14.531506
25.235277,24.75056,26.018536,23.09147,21.054646,26.329493,23.931448
103.39053,96.51596,91.277885,81.151344,70.52743,41.93876,40.496593
-43.543762,-38.91089,-36.06843,-33.87512,-30.51548,-15.0292225,-14.560563
53.86147,50.189404,49.489315,44.51585,39.03483,30.48364,30.069687
39.09409,36.350452,36.2004,33.970142,29.18954,21.947823,21.311451
-93.71171,-85.79723,-81.05463,-72.93509,-63.68103,-47.190193,-44.787647
-6.924964,-6.5219603,-4.3214216,-1.9318093,-0.9918603,-8.07094,-8.098322
-39.502308,-37.02666,-35.02598,-31.155504,-27.69997,-23.89944,-22.00412
-64.36151,-58.405434,-53.556892,-48.029972,-42.85846,-26.323032,-27.118958
10.8524685,9.477554,10.131565,8.355691,6.3469896,1.4294994,1.7463272
-0.8651251,0.43034035,-0.7125544,-1.5266355,-3.5486674,-18.72054,-19.873945
32.027565,30.13168,28.290956,23.87389,20.349617,23.25496,20.631886
3.0074956,3.0232017,2.9436967,3.6008813,3.7126405,12.470215,11.524003
24.8548,23.182943,21.539877,18.889832,16.707811,22.741297,20.71684
119.899284,111.502525,106.278,95.6988,84.59887,60.661858,58.98352
131.8168,122.887856,117.51428,106.345085,93.45197,54.488976,51.758884
-77.57567,-72.57691,-70.27758,-63.021065,-54.001705,-39.267796,-37.964577
6.0273585,5.4933023,5.0410876,5.2838235,5.2986193,1.1781015,0.513164
16.561144,15.265366,13.706737,11.6868105,9.27661,-0.89773107,-0.41486573
218.20265,200.35358,190.98285,173.7925,155.14638,89.01701,86.1469
-68.11918,-62.52934,-59.552696,-53.170998,-46.867096,-48.02418,-45.451035
-4.0989347,-4.739287,-2.7402768,-1.9941125,-1.7656264,2.2982807,1.3601751
-48.490955,-44.99744,-42.797855,-37.72694,-33.41452,-19.316992,-17.478825
-6.046911,-5.026839,-3.7160487,-2.7581296,-2.2394004,-0.010062916,-0.7999735
37.32724,35.481087,28.231106,25.439566,21.105032,-3.4654162,-2.7469065
-4.744351,-3.7735677,-4.292545,-2.914474,-1.5660148,4.1444097,5.234795
-67.37661,-60.21569,-55.837498,-48.926548,-42.218765,-12.555327,-12.372146
-18.764294,-20.199951,-17.25138,-15.056953,-12.993084,-12.544375,-10.774415
-9.7562275,-10.183527,-10.05073,-8.127985,-7.975244,3.417945,3.7116337
-100.18925,-94.82279,-90.16399,-82.469666,-73.63371,-42.783955,-40.516506
-63.883602,-58.65382,-55.613983,-51.669262,-45.593945,-23.715258,-22.496029
42.01416,37.306942,33.320328,29.265238,23.75723,27.803783,25.869068
3.5922146,3.914813,3.0557032,2.0437593,1.6924601,-7.6288414,-7.530879
-28.62391,-25.409002,-24.680311,-22.958578,-20.680431,-2.2225335,-0.39700484
-115.40797,-107.64634,-99.611885,-87.54809,-76.260445,-48.164494,-44.963284
3.2220685,1.9190136,1.7744633,0.79928935,0.653278,0.69513094,1.0706345
-127.3861,-118.411766,-111.29015,-99.78706,-87.29181,-54.68936,-53.73002
24.546942,23.47282,25.231464,22.887125,20.290628,14.344691,14.505763
-123.69715,-114.170654,-109.60066,-97.94502,-84.025345,-36.222557,-34.015747
-63.788956,-56.734898,-52.252815,-46.143112,-40.29033,-32.424377,-31.194777
-84.93459,-80.18422,-76.730156,-69.715294,-60.659542,-33.645885,-32.818943
29.107086,27.164824,27.791767,24.107473,21.504894,15.921892,13.635615
-9.543246,-6.5560594,-6.135821,-6.3632903,-6.3088803,6.7907925,6.5588975
18.988794,18.776165,19.730045,19.514212,16.29867,6.5851727,5.1806984
22.531801,18.954096,18.29574,15.621004,12.93276,-7.0123324,-5.661044
81.73175,75.84585,75.81001,69.12462,61.341278,34.92252,33.9378
8.517099,7.0678535,7.615394,6.872606,5.050166,6.69741,6.7803407
-78.9316,-74.84578,-72.30832,-65.659004,-56.671967,-41.59854,-39.82724
-4.032481,-4.4853544,-5.6682158,-3.9873626,-3.013686,3.3338664,4.731255
-56.0245,-51.10254,-47.53658,-40.950066,-35.42274,-29.23775,-25.795866
-97.155754,-88.30593,-84.06223,-74.463745,-63.625565,-40.13398,-37.537285
-22.46073,-21.158323,-20.185053,-19.977102,-18.521477,-10.808644,-10.249146
74.16885,68.54813,64.10515,57.27023,49.930637,21.507715,22.500084
-0.9667152,0.0907785,-1.8735203,-2.3917773,-2.164563,-5.5753217,-3.5073788
-10.313802,-10.241942,-8.830868,-7.6143513,-6.6855016,5.2750134,4.5302734
-26.71771,-24.39916,-23.358116,-21.770779,-18.976807,-32.468704,-32.434795
36.898067,35.78342,33.992767,30.97684,26.04936,21.717508,19.897045
-15.563623,-14.415688,-11.981178,-10.2292385,-7.258632,0.18643412,-0.035200745
-6.240106,-4.3810296,-1.6254449,-0.6174229,0.8295867,-3.8547747,-3.2473242
-56.417828,-49.61095,-48.70772,-44.990955,-41.49426,-22.197906,-21.192406
-22.933592,-21.210281,-20.535244,-19.584774,-16.267012,-4.2721386,-4.9600053
-19.009346,-20.119747,-18.172276,-16.603054,-15.375723,-9.025959,-8.251037
-18.14273,-16.670837,-16.270199,-14.7606735,-14.135323,-16.09275,-16.253199
153.53107,141.44807,135.0215,122.02641,106.96935,74.62523,71.86821
170.76729,155.3177,147.59442,132.85179,115.92877,71.79092,68.36655
-38.175068,-36.30005,-35.892506,-33.85055,-31.655895,-25.795906,-23.512295
66.89388,63.440907,61.834988,56.55703,49.871128,32.59571,29.791306
-201.67366,-185.0762,-175.2711,-157.12889,-140.20012,-95.63753,-91.83551
-99.77466,-93.827965,-90.99418,-82.462524,-74.0663,-55.959114,-52.43365
35.826233,34.91637,31.705269,27.870197,24.11584,29.428904,27.409336
40.090576,37.61975,36.633133,34.613796,29.45013,14.851754,15.09816
0.17412563,0.32079405,-0.7115784,-0.7752381,-2.2422886,-16.094173,-15.24483
17.47568,14.85693,14.996593,14.331822,12.673662,19.152157,18.54866
108.47996,101.940605,96.66062,88.106224,77.82052,61.324093,59.036385
56.66407,51.178978,48.358486,42.886635,36.748016,28.9161,28.152353
-148.91092,-136.37779,-131.19385,-118.55167,-102.45852,-78.711365,-75.0475
-9.170798,-10.139228,-8.671454,-7.8090315,-7.2736535,6.5347643,5.628858
-39.310116,-38.778126,-39.03019,-35.9296,-31.901472,-23.617624,-23.13171
175.00774,159.33195,150.79285,136.29297,120.485825,66.8275,63.10568
27.542631,24.19143,24.930613,21.2897,18.463428,13.155527,12.830617
2.6121356,2.9083354,3.7164314,4.339186,4.307368,26.46488,24.304222
-97.763245,-90.06701,-86.7697,-76.085014,-66.53712,-26.621042,-25.647753
-3.9348948,-1.3489267,-1.1550523,-1.0300676,-0.6020471,4.831196,1.7159804
101.66211,92.69486,85.408104,77.063354,66.354485,30.533813,29.517586
116.302475,109.83346,104.83213,96.06057,85.26841,50.296253,48.41062
-9.350203,-8.652873,-9.184263,-8.535352,-7.894393,-14.136564,-13.985683
-16.004032,-15.6196995,-16.486229,-16.317533,-14.299807,-8.449274,-8.221681
29.96503,25.123978,23.587305,20.846342,17.77555,30.377323,27.85311
111.53707,103.823135,99.92825,90.63574,80.14795,55.048008,52.423946
10.837147,11.281467,8.547349,6.462737,5.9249086,-8.074619,-9.934625
-8.433101,-7.7484274,-7.6678095,-6.824189,-5.4924116,-16.418749,-15.553945
85.73563,78.8561,75.15385,66.970375,59.72709,38.004345,35.968372
14.54974,14.703119,13.550692,11.409697,8.888583,4.236206,4.6658726
-65.87331,-60.007618,-55.270657,-48.83459,-43.090435,-22.651525,-22.020561
73.23126,68.16084,65.43059,59.956627,52.197,33.077663,32.26489
-15.424579,-14.197991,-14.143092,-12.5631,-11.129809,13.450048,11.541675
37.07204,34.341557,33.320396,31.218721,27.848562,20.79138,20.862144
54.65704,49.833736,47.299034,42.219547,36.50515,31.162443,31.286684
-14.6308365,-14.647824,-14.951433,-12.725097,-11.570105,1.0601397,1.218379
126.34402,116.871346,109.77917,99.15165,86.68174,47.970245,46.916077
-86.335815,-80.0479,-78.9675,-71.07077,-62.87914,-47.905315,-46.13352
18.77475,16.126993,15.350563,15.040586,12.761906,7.9379,7.6234345
7.468826,5.9666467,6.9187174,5.833114,6.2465243,20.413048,18.42725
-135.52626,-124.700806,-118.0986,-107.0099,-93.96515,-44.517796,-42.448746
-143.37308,-133.28104,-128.51785,-114.42833,-100.80776,-58.442806,-56.003242
0.73552924,1.8926734,-1.0837532,-2.0346177,-2.0805914,-0.2838289,0.5461758
1.8718392,0.16040382,-0.43894425,-1.3283123,-1.2548641,-10.304143,-10.408511
127.636536,116.88955,112.283356,100.81357,88.371185,59.50365,57.72116
-76.64838,-71.71166,-69.01613,-62.609467,-55.083824,-27.936539,-26.849098
-1.6419326,-2.2721474,-1.1468726,-0.8320324,-1.7038375,-7.039544,-8.113307
42.001423,39.473568,38.74014,34.440487,30.81057,28.867636,27.916231
-155.30736,-143.98967,-134.84273,-119.72406,-103.71641,-59.008823,-56.12636
-60.394234,-56.170837,-52.40475,-47.060337,-41.321556,-27.404943,-25.323286
-21.70776,-19.384089,-16.826138,-14.872737,-13.67575,-7.699966,-4.4855514
-18.066883,-15.417898,-16.492537,-13.111036,-11.992449,-8.193895,-6.766031
-11.742035,-10.350237,-10.837319,-10.130309,-9.581809,-7.0718336,-6.8171167
40.88387,38.242527,38.039593,33.120716,28.882582,21.329344,21.132605
-104.81581,-98.81625,-95.33655,-85.31081,-73.0894,-44.723473,-42.276295
120.72436,113.191574,107.30478,95.825226,83.25222,54.781914,52.313755
32.487385,29.077496,27.893202,24.32222,20.66514,-0.561963,-2.9297762
-84.77004,-78.055626,-73.06264,-68.37864,-60.897793,-41.81713,-40.444897
-16.650047,-15.259687,-16.2913,-15.562133,-14.013002,-9.489801,-11.004386
-130.553,-120.57335,-116.18561,-105.05165,-92.25671,-51.04852,-47.39452
128.74042,118.342255,111.34076,99.81058,88.07886,62.78124,59.18416
4.828695,4.033561,3.4048457,1.8244691,3.3322587,0.17588569,-1.5649447
-139.68262,-128.1542,-119.77758,-108.30901,-95.06634,-54.64604,-52.39794
-47.48909,-45.37281,-43.857876,-39.478474,-34.13537,-15.639644,-13.467375
-26.842476,-25.43053,-27.48996,-26.523846,-24.276623,-16.455221,-16.530174
-14.709671,-11.963655,-12.050562,-10.656963,-9.467857,-12.839239,-12.012182
77.36028,71.83986,69.88447,63.665813,57.13617,38.930305,36.55274
-98.05926,-91.79223,-88.091225,-79.318306,-70.33039,-54.39693,-51.080284
-7.8179345,-5.611714,-5.169951,-5.3949056,-5.505674,-11.493653,-10.907241
95.30176,88.91222,84.67364,76.22941,67.57499,40.701786,40.20566
17.883867,16.97952,16.517956,16.012886,15.908069,14.617297,14.679349
-24.354036,-22.889584,-23.059858,-21.432941,-19.785091,-20.203289,-18.041737
33.152454,30.015121,27.649769,24.35529,19.76489,2.7533984,2.7954955
-68.39497,-62.93623,-59.106155,-53.91159,-48.613415,-35.388542,-33.48495
-63.514378,-58.75479,-56.09037,-51.80407,-45.831417,-21.49149,-22.44763
-47.249306,-42.184814,-37.70613,-33.056633,-28.899153,-11.15313,-11.3388195
50.665287,45.477398,43.08334,37.915848,34.0536,14.841894,13.02555
-34.334515,-31.93751,-30.348978,-26.964342,-23.466303,-4.1059594,-5.5449166
-9.4193125,-9.614708,-8.081064,-8.35696,-8.506769,-6.9539676,-5.9521036
84.21212,76.00209,73.243904,65.65183,59.313038,43.592136,42.136818
-12.480745,-11.434423,-10.507609,-10.802012,-9.5146885,-17.804169,-16.67397
-8.49701,-7.265922,-7.219153,-6.441626,-4.2318616,14.672747,14.330917
-53.413567,-50.41435,-48.381824,-43.45951,-38.47034,-39.706547,-37.439793
54.91843,50.78488,48.903706,43.527405,38.90447,40.754086,39.670258
17.230476,16.859137,16.042015,14.033832,10.991092,6.2751074,5.209981
-32.921215,-30.590605,-30.133425,-27.87441,-25.720663,-27.632738,-28.113138
116.47893,105.36677,101.25288,91.818016,82.05158,51.404865,49.871952
148.5593,137.62216,129.331,116.35003,102.66808,56.31307,55.72737
-30.657812,-26.44031,-26.837246,-25.348032,-22.325825,-19.467836,-19.383055
14.208202,11.982021,9.521301,8.063625,4.8368535,4.6394906,3.8212895
-5.9072547,-7.858997,-5.397907,-4.5202384,-2.9375255,6.808272,7.149795
32.841064,29.862377,30.199486,27.78191,26.247581,4.667005,2.8033576
14.680594,12.77481,11.960494,12.007838,12.636257,10.338635,9.90006
24.192583,25.227549,20.44592,19.789196,19.266151,22.055063,21.076038
47.30886,42.09829,41.503166,37.05394,32.649292,12.627807,12.430476
-2.2804208,-2.8435607,-1.8268285,-1.9082551,-1.8407788,11.496894,10.781712
100.303024,92.28559,87.584175,77.30335,67.195946,39.756523,37.13416
2.314478,2.4361439,4.4957714,5.3967876,5.14485,19.598818,18.547495
-114.983826,-106.48447,-103.51405,-92.849785,-81.94511,-38.636734,-36.086937
-32.95796,-29.259233,-30.46988,-27.597057,-25.594334,-24.732487,-23.434143
50.34797,47.51133,43.731552,38.273014,34.417316,21.001179,19.09873
92.639824,85.12536,81.162186,71.8442,62.736885,39.235718,37.752617
10.576996,10.442353,9.474526,8.709756,7.612437,7.602807,7.8378434
-36.738472,-34.625454,-32.391254,-28.410261,-24.091394,-21.541143,-19.662838
95.34758,87.292656,84.61069,75.5281,66.629486,53.15784,51.15716
119.351204,110.07694,106.9192,98.05546,86.71948,60.677216,58.907295
16.713577,17.074556,17.59042,16.254526,15.305353,17.312239,17.194717
67.09315,62.04819,59.297546,54.936134,47.58958,29.534454,27.496733
117.72901,106.37746,99.328606,89.16674,77.94229,49.304558,47.74443
-44.21984,-42.201065,-39.053925,-35.332745,-31.32185,-15.543069,-13.675051
-6.049337,-4.201069,-3.8472912,-1.5591595,1.6706564,8.016081,6.3948326
131.56001,121.05563,117.04968,105.25433,93.45029,55.360275,51.43607
-19.74997,-19.218414,-19.90205,-18.024284,-16.004969,-7.8909373,-7.1070457
44.09675,40.34887,37.95006,33.675163,28.690407,18.490759,16.528076
-56.05509,-51.08481,-48.792667,-43.826828,-39.95104,-22.424871,-21.212357
14.848014,11.2908945,9.255964,8.641145,8.260375,8.0372,6.7869716
-70.61601,-66.004715,-64.68022,-58.57011,-50.936123,-37.38286,-36.79887
61.53712,56.104458,51.217335,45.95986,40.879852,28.254732,27.601295
17.47851,17.095474,16.873537,15.210256,12.367696,5.7469215,5.161478
-3.2932436,-2.9500773,-4.664101,-5.4602075,-5.3618903,-0.48623878,0.6304566
-184.98686,-171.84395,-162.94283,-146.87566,-129.0128,-80.80392,-78.19304
-47.97564,-44.685844,-44.77541,-40.59033,-34.970158,-28.831234,-27.689484
-126.24694,-117.56984,-109.881424,-98.53478,-87.07673,-61.195145,-59.25524
35.41588,32.692265,31.889174,31.947874,28.422789,32.11354,30.353922
22.802593,21.359177,18.59476,15.925192,14.788392,7.610963,6.718632
-16.915726,-15.818172,-14.978241,-12.247431,-10.520287,19.6263,19.07819
81.247086,74.99204,70.59685,63.29926,55.14019,31.228542,28.419153
-15.847336,-13.964336,-12.7064705,-10.16946,-7.6903224,-9.654916,-7.4699883
-126.6292,-117.73962,-114.41015,-103.36469,-91.46938,-63.643093,-59.363033
0.6116359,-0.41955683,-1.6374648,-2.4203598,-1.4780495,6.128537,5.930467
-50.431923,-45.830917,-44.81216,-40.606056,-37.727512,-17.786093,-17.562605
22.257915,21.310648,20.061365,17.392593,14.60784,10.066597,9.707736
160.43494,149.32486,144.45418,129.54202,115.740585,87.29253,84.207985
-30.822874,-28.1725,-28.594378,-26.84801,-22.573366,-27.420847,-26.684723
39.116207,37.032215,33.06281,29.778456,26.093063,15.888016,14.723352
148.32506,136.60555,129.40886,115.73735,102.33654,54.8721,52.102997
65.09501,61.328407,56.864346,50.68235,42.996414,21.904585,21.115742
-82.80787,-77.36085,-73.67611,-65.88258,-57.88126,-29.525623,-28.038254
182.85474,168.83516,161.93837,146.0041,129.19644,77.6998,74.40928
-21.761265,-20.718132,-19.270287,-16.15366,-14.732712,8.050411,8.418739
-115.55849,-104.156784,-99.984505,-90.50464,-79.50661,-44.00263,-42.761993
7.2228093,6.334431,7.946648,7.855389,6.4463696,9.048286,7.6185365
-47.828472,-44.840034,-45.168427,-41.080482,-35.09649,-18.213858,-17.438713
-120.452194,-111.6422,-106.63295,-95.996666,-83.75715,-48.449043,-45.090927
5.2650433,5.7322617,4.116583,3.2237003,2.7499597,-8.023301,-7.303155
30.652761,27.531542,25.958849,22.046232,18.859419,11.089359,11.942766
-1.412914,-0.46714616,-3.2894676,-3.1548545,-3.5407856,-18.403084,-17.622297
-104.731026,-96.77579,-90.552536,-80.15843,-69.944145,-38.256813,-36.24501
74.91309,72.43704,69.309006,63.476017,57.29126,38.7125,37.398907
101.572525,93.5594,86.44794,77.035774,66.580215,37.053265,33.18873
53.312397,48.651318,45.386467,41.29981,37.2315,27.82433,25.808138
11.726501,11.617184,11.658735,11.019485,11.959557,6.5779953,6.3171062
-1.7169113,-2.2816896,-3.231203,-4.1419363,-3.8228483,4.8277493,4.049592
-128.13676,-119.11661,-112.38059,-101.31731,-88.7921,-51.10096,-48.315006
19.249378,18.998503,16.917667,16.072454,13.587375,-7.948253,-7.1537905
-53.878708,-50.958572,-49.047493,-44.80415,-40.475784,-11.448566,-11.343915
159.1918,148.00304,141.87378,129.44138,114.34849,85.61115,82.62115
61.671543,56.45564,53.93716,49.604595,43.043102,24.640913,23.528563
20.722122,19.269474,15.984635,12.393064,10.334153,7.6807294,6.7493443
-29.715265,-27.276588,-25.468266,-21.981537,-19.680079,-5.617743,-4.592153
-33.84201,-33.04086,-32.762577,-29.833654,-27.01856,-39.05241,-36.220127
-130.93643,-122.76275,-118.7973,-107.548515,-94.69584,-54.00699,-51.645832
19.274532,18.410349,20.322643,19.50742,18.452051,4.4584007,3.1869502
51.10864,47.513107,45.302647,40.726505,36.20275,36.037052,32.83921
15.108053,14.418022,13.054693,13.103197,12.492374,21.290918,20.075628
-79.10047,-74.216934,-73.33233,-67.098274,-58.91249,-25.099092,-22.445498
-8.302265,-9.470848,-8.190149,-6.953371,-4.466688,3.4954834,3.7989902
120.54393,111.57659,106.071724,95.906715,84.12536,41.05936,38.97931
-15.983251,-16.600195,-13.315474,-12.524777,-11.799563,-8.845559,-8.005452
4.77126,4.400622,4.630305,5.296828,4.664223,-16.386713,-15.230469
5.580951,4.07402,4.4487643,3.522457,4.8841224,-2.3150752,-1.9494938
-33.406174,-28.390379,-25.505299,-22.364544,-18.129427,-9.0957,-8.872954
80.8682,73.297516,73.62904,67.42551,59.500786,43.77076,41.91889
-146.30453,-135.76495,-132.24767,-119.600624,-106.29069,-73.044975,-69.964516
17.55275,16.286549,16.323746,13.225956,11.011793,-5.499737,-4.9387245
-81.69401,-75.928406,-75.444626,-69.30355,-61.58229,-24.612041,-25.66637
49.665264,45.34704,44.811775,39.990894,35.96394,15.017376,14.64708
149.02704,137.02942,130.80806,118.07626,107.135994,72.62697,68.42276
3.3608463,2.1515167,3.5462081,3.9170063,4.063674,6.4741716,5.896036
15.610693,15.55456,12.910554,12.11666,10.293242,3.583254,3.704222
52.73753,48.172165,45.47612,41.29175,36.08746,25.824905,24.654541
-137.37115,-126.75737,-120.96633,-108.298904,-96.86492,-64.70796,-61.971836
4.74763,6.9829473,7.426875,6.5831747,6.171817,10.938029,10.367839
25.164867,21.169275,19.499907,16.268785,13.195407,-9.0317335,-8.372178
43.89584,39.12101,36.004215,32.39164,28.780926,38.505703,37.09929
100.50002,92.06798,85.99737,76.34061,65.17953,29.789762,28.49211
-221.04314,-204.92638,-194.85811,-175.05682,-153.92241,-84.63208,-80.98901
-11.168188,-10.804066,-11.4286175,-12.136608,-11.743123,-17.33178,-17.07983
-15.689632,-15.830406,-14.409571,-12.5428,-11.487991,-0.7001862,-1.4717379
-22.38293,-19.243029,-18.675632,-16.903744,-14.306752,-5.819212,-4.256611
-38.5351,-34.992386,-33.259304,-30.382835,-26.140701,-6.495409,-6.8346243
-3.1378808,-2.3877368,-3.5376782,-2.6720538,-2.7336984,-0.94456184,-1.9638499
-35.329338,-32.23517,-31.731426,-28.531927,-23.897457,-4.6682734,-3.4138641
-68.62353,-64.203316,-61.590187,-56.170586,-50.914013,-33.790447,-32.90808
-83.42294,-78.01111,-73.23302,-65.97513,-59.79379,-35.587803,-34.121113
-38.917038,-33.745037,-33.871864,-32.234028,-28.656998,-20.666058,-20.416021
-9.066607,-9.312043,-10.874883,-9.938344,-8.2796545,-14.8049965,-13.868831
59.230167,54.831516,51.23909,46.5292,41.842564,23.569777,21.440933
-1.1749947,-0.6975568,-1.0918753,-0.7493661,-1.3216078,-13.605588,-12.812307
-94.844475,-86.2787,-82.40535,-74.70975,-66.00856,-44.998642,-42.4959
-48.47164,-44.828224,-41.780853,-36.28217,-30.621626,-14.633629,-13.729664
156.25856,143.81577,137.47607,125.12074,109.89499,73.78062,70.52234
164.70317,152.48802,145.90167,132.28914,115.79954,65.6356,60.860382
-43.94563,-38.45445,-35.9426,-31.986095,-25.046597,-9.994033,-8.735053
51.084293,46.22408,40.852898,36.73129,32.184887,24.36641,24.251316
-6.4143543,-5.8702183,-7.631365,-5.3976097,-4.706436,-0.5466939,-1.1461974
44.748817,40.201134,37.793594,34.432873,32.105614,18.464392,18.167774
65.439606,59.118416,57.029915,50.3664,42.425392,26.554035,24.124958
-65.94581,-60.532852,-58.675133,-51.839222,-45.400284,-25.83321,-22.772623
15.183992,15.311577,14.482178,13.228557,10.2658415,1.3009918,1.1928637
-71.885544,-65.42677,-65.60826,-57.83099,-49.65254,-33.003723,-32.132473
39.02085,33.82982,33.71341,29.467577,26.930513,16.51121,16.558403
1.9292233,2.109465,3.344887,3.3251889,2.692651,4.693518,3.8392303
-6.2311654,-6.1564374,-4.115023,-3.9979918,-4.7642217,-6.637309,-6.4437275
-86.47276,-81.61841,-79.63707,-71.854095,-63.884117,-37.95908,-37.06376
36.41554,31.654667,31.313858,28.363457,25.089367,20.750208,19.89798
-78.629944,-73.24756,-70.84216,-62.95807,-55.858753,-30.700504,-29.636211
39.89495,37.88695,36.55813,32.980984,29.063066,6.7737727,5.933964
-13.321845,-13.902755,-14.313252,-13.3553705,-12.804703,1.8132159,1.0080434
20.704065,20.086372,21.041466,21.385324,18.748178,20.775267,19.467255
-79.37633,-74.74033,-69.52434,-61.91812,-55.347137,-40.67943,-37.986282
-111.78609,-103.21393,-98.02399,-88.6576,-78.84964,-37.7591,-35.49151
10.430975,8.957373,7.4237804,7.0324135,5.571,1.5412387,1.256008
-11.601605,-9.418092,-7.81733,-7.097279,-4.8491025,4.2390685,3.003944
-45.897053,-42.949265,-40.839245,-36.187565,-31.213566,-27.422026,-24.493755
-51.68607,-47.580387,-46.303375,-42.895683,-39.71717,-32.01065,-31.034517
109.4567,100.34321,94.60885,84.48705,73.25823,47.64167,44.88232
135.1272,127.05708,120.788,108.33886,94.05566,51.27104,47.903305
-73.751144,-67.96792,-67.08162,-60.88085,-54.040268,-24.654148,-22.678467
24.232504,20.604586,17.878443,16.29547,13.178072,-0.42719224,-1.4274459
-169.92781,-157.42294,-151.48537,-135.41559,-118.34502,-81.035065,-77.00205
-4.218887,-4.015842,-4.373636,-2.9588177,-1.7596695,0.808686,1.7519176
-41.62798,-38.186543,-35.252575,-31.892511,-28.782122,-18.470045,-16.46166
0.27434343,0.89947504,-2.5061312,-3.434176,-4.619045,-18.446041,-16.033152
-13.083045,-12.553992,-11.562608,-10.259858,-7.191884,1.9249791,2.6186895
-7.876542,-5.8947325,-3.6964633,-4.9397078,-4.7877684,-7.831153,-7.750045
1.8155708,-0.3162441,0.80976677,1.3306828,0.43488505,-3.750731,-3.7343273
163.92902,151.70995,144.01305,128.54034,113.48113,76.22233,72.2332
-1.0084044,-0.5254491,-2.5026796,-2.735442,0.04887741,2.0727289,1.1067935
17.710852,16.664864,18.44144,17.59286,15.824763,22.398592,21.901978
29.70993,26.15968,27.161072,23.037676,18.838364,5.159816,4.729411
-140.45517,-131.4786,-124.86736,-111.6282,-96.24258,-60.528355,-59.079666
-29.257523,-28.220566,-26.75782,-24.006094,-20.351028,-10.148565,-9.362789
-76.70457,-69.255165,-64.12461,-57.23665,-50.168728,-30.210526,-29.209219
96.83375,88.57806,85.99497,77.101555,68.05084,55.660484,53.757523
-43.779106,-41.765514,-39.87312,-37.056114,-32.241554,-17.873844,-16.27089
13.782174,13.131193,14.132594,13.408931,11.846794,19.807024,18.095022
-93.78374,-89.075836,-83.77769,-75.381,-64.685425,-50.685123,-47.795
-9.780801,-9.846204,-12.009976,-12.772242,-11.940727,-0.61983764,0.7779399
-50.53662,-46.856476,-44.32329,-39.181744,-34.5272,-21.063059,-20.021704
-69.516754,-64.61975,-59.86634,-53.48642,-47.904884,-26.793745,-25.787033
61.945408,56.857872,53.14371,48.686237,44.58446,29.116583,26.64258
-4.7306576,-3.8854618,-1.9300174,-0.35430136,0.12895404,1.2446204,1.2859021
-88.064316,-81.73343,-80.32614,-71.50361,-61.328392,-41.65169,-39.010796
-5.644011,-5.6080623,-4.3918076,-3.6105165,-3.9620726,10.44649,10.386291
-119.15327,-107.609344,-99.05452,-89.60149,-78.11683,-43.057728,-41.24562
-171.71352,-157.94408,-154.0976,-139.15312,-123.36867,-78.68706,-74.53819
95.3356,88.39727,84.74858,76.24622,67.06389,30.032862,29.193142
-29.69128,-27.328535,-26.52184,-23.278107,-18.943346,-6.816061,-6.38364
16.628124,17.050962,17.638058,15.4592705,13.945108,4.512766,3.642079
-21.259314,-19.33983,-19.134186,-16.548952,-14.225127,-11.547815,-11.644922
-43.70936,-38.14381,-35.385902,-32.850754,-28.034628,-9.53296,-7.9569097
12.255774,10.029005,9.762129,7.657207,6.107946,1.0497948,0.86336476
-2.2758558,-2.8566148,1.2494652,1.3453314,0.16140674,18.49509,16.74314
52.783848,51.24576,49.542942,45.064274,39.1579,39.399654,38.565144
-96.20673,-87.102356,-85.356186,-76.357056,-66.945435,-33.020847,-31.430744
50.11708,45.788338,43.37152,37.987297,32.634586,15.372211,15.996605
-0.37720355,-1.2126385,-1.3506447,-0.7855331,-0.9261638,-15.383787,-13.946349
34.245083,31.019224,30.138132,27.055216,25.25253,9.266073,8.513911
-11.068812,-9.219916,-9.430925,-9.132871,-6.7098265,7.454086,7.452093
-3.1298192,-3.7268422,-2.710171,-2.8060553,-2.721288,-8.31378,-8.083334
70.8294,66.12391,63.78049,58.73019,52.021923,32.290657,31.440702
19.849476,16.914799,13.64872,12.471214,11.866838,11.573647,10.20884
-51.545902,-47.68028,-43.903187,-39.977726,-36.470173,-30.103876,-27.652658
-194.14268,-179.75026,-170.81967,-154.25558,-135.9379,-98.967125,-93.43798
-145.22794,-134.65594,-128.56786,-117.3041,-103.78444,-59.176525,-54.680405
73.98395,68.255135,65.38832,58.06932,51.81431,30.557775,29.11471
-20.07696,-18.334215,-17.578196,-15.206555,-11.558724,1.241087,1.5241351
32.114464,28.152798,26.208826,24.448133,22.905947,19.927097,19.016273
-2.542641,-1.9995118,-6.265339,-3.8360026,-3.0602076,-5.7637405,-6.043272
