2014 Mortality Encoding,2015 Mortality Encoding,2016 Mortality Encoding,2017 Mortality Encoding,2018 Mortality Encoding,2019 Mortality Encoding,2020 Mortality Encoding
-6.147867,-6.290001,-6.959981,-8.087954,-7.367023,-7.2674565,-9.955278
-1.3588059,-1.8696833,-2.2280278,-2.496951,-2.7633822,-2.7887874,-3.7187748
9.840343,10.570103,12.51395,14.380495,12.674749,13.051973,18.069204
-11.3037615,-13.117592,-14.86159,-15.64267,-15.735078,-15.34769,-20.61161
20.228073,23.308138,25.845882,27.88161,26.322163,26.905022,35.68971
3.3144898,3.161064,4.0407844,4.1886544,3.666407,3.734486,5.393864
13.195268,14.847096,17.765781,18.373041,17.108473,17.674732,23.273285
-5.8270297,-5.8557563,-7.2461004,-6.886193,-6.9871435,-7.05666,-8.086458
1.5108668,1.4153806,1.7606314,1.7160203,1.190919,0.36521277,0.4544892
7.8398294,8.333639,9.016432,9.52448,9.640734,8.916847,11.848138
10.053777,10.570249,12.308328,12.319202,11.974006,11.5549755,16.08092
-14.052915,-14.831727,-16.572351,-17.506723,-16.749527,-17.284264,-24.263824
-7.410714,-8.497989,-9.387212,-9.487915,-8.481528,-8.997377,-11.637464
2.078168,2.4981542,2.5345483,3.3770337,2.594565,2.96691,3.6557803
-13.662409,-14.643078,-16.383503,-18.208801,-17.065145,-17.142256,-22.318377
5.766271,5.5901823,6.6176195,7.3421006,6.257409,6.6286225,8.675656
16.244005,17.24356,20.307,22.119406,20.900759,20.875439,26.442133
-9.092202,-10.055638,-11.561052,-13.02232,-11.596129,-12.032071,-17.062635
-11.298185,-12.656694,-14.80699,-15.798505,-15.120488,-14.363982,-18.851694
7.0431495,7.5995803,9.020753,9.461209,8.860754,9.17504,12.558417
18.735046,20.51337,23.748337,24.772905,23.511261,23.872475,32.698433
9.956224,9.942323,11.839417,12.199296,12.172008,12.107084,15.254407
1.9988089,1.8341384,2.8410196,3.5017934,3.6759753,3.4546733,5.2809815
7.047739,7.0433745,8.821129,9.292403,9.257437,8.907133,11.76298
11.552867,12.57875,14.585599,15.248515,14.158341,13.7321615,20.019571
12.419454,14.0408535,16.032063,16.177235,15.1081085,15.256381,20.38221
0.6446295,0.8714657,0.861218,0.91679335,1.1852031,0.35067987,1.7439332
5.1725316,5.9487834,6.357454,6.3995023,5.625574,6.4104753,8.434926
4.320981,4.410525,4.8061666,5.605247,5.50138,6.121324,8.093154
2.2231026,2.43992,3.3626337,3.0078053,2.240404,2.8950953,3.3151073
8.177251,9.5149555,10.900783,12.440612,11.705976,11.769626,16.050121
1.4505014,1.5436554,1.3905525,2.0311813,1.6459293,2.0765584,3.3342586
2.2468429,1.9695777,3.0347135,3.0078964,2.3012345,3.0790122,3.1804547
4.74288,5.1183014,5.449758,5.1382227,5.0066476,5.2045746,7.830165
4.0658503,4.6284924,5.1115723,5.9835005,5.135239,5.527033,6.787696
11.051113,12.319674,14.328873,15.439741,14.30767,14.501206,19.622145
16.283058,17.594461,20.456646,22.062828,21.088495,21.75472,28.564865
-11.287406,-12.334763,-12.71578,-13.625546,-13.2533865,-13.709299,-18.066124
-23.37689,-25.273453,-28.584637,-30.916864,-28.947712,-29.4146,-39.834927
1.3851346,0.97368324,0.26647365,1.0475835,1.1205109,0.77500045,2.0126784
22.64185,24.96033,28.640968,30.596926,28.497288,28.862093,38.01359
15.574979,17.536154,20.04138,21.296152,20.326523,20.393871,26.767843
19.744577,21.28808,24.346315,25.745615,25.47932,25.452597,33.495686
-1.3386815,-1.6108048,-0.669853,-0.5974128,-0.9639299,-1.2654979,-1.8230412
7.8126745,8.348576,9.658549,10.657194,9.634607,9.764526,12.497812
2.478162,2.4963977,2.807667,2.562869,3.0618296,2.3805268,4.189506
-0.66764796,-0.87543356,-1.0247124,-1.7008449,-1.5849727,-0.8569709,-1.7720109
-12.231266,-13.841557,-15.503778,-16.33261,-16.243597,-15.103798,-21.35332
-7.923466,-8.475863,-10.579573,-11.287816,-10.866967,-10.952101,-14.492888
5.5580416,5.687665,7.0090723,7.642143,6.891996,8.007959,10.35891
6.320963,6.6284504,7.1531363,7.450514,8.026693,7.3921847,10.280482
-10.401364,-12.188304,-13.926677,-14.80767,-14.336145,-14.538766,-20.284794
1.8947178,2.515214,1.6474818,2.6478572,1.9983684,2.7606936,4.22332
-2.323465,-2.7244241,-4.011679,-3.8456256,-3.6731975,-4.0255017,-5.9850593
-2.3441722,-2.953027,-3.0331376,-3.559775,-3.5102086,-3.1787608,-4.179942
3.8558006,3.828289,5.185032,5.725709,5.754311,5.2223043,7.1010814
2.958093,2.4728994,3.600963,3.1868796,2.6513422,3.1275463,4.598541
2.7877588,2.4034746,4.034297,5.146025,3.5926192,4.1560216,5.45421
-2.8795767,-3.0151503,-3.1442726,-3.2650363,-2.9363368,-3.7316508,-4.679896
-9.514594,-10.294291,-12.50059,-12.218622,-12.442298,-12.672764,-17.801855
1.2100611,0.88233274,0.997256,0.37967393,0.6828627,-0.29505756,-0.4214237
4.123753,4.5898786,5.1918325,5.5245667,5.4375033,5.5201406,8.453727
-0.2269082,-0.284822,-0.30089378,0.012524605,-0.622108,-0.43008184,-0.60564184
5.546014,6.0632677,7.1253686,7.2811522,6.2653465,6.8290296,8.162354
11.109628,12.335586,14.403315,16.036343,14.93209,15.220463,21.252842
2.0434103,2.7244198,2.7006278,2.212138,2.6206443,2.4345021,3.2675393
9.202977,11.082621,12.338407,13.587704,12.543219,13.588892,18.127028
12.5186825,13.664732,15.510359,16.891073,15.90633,15.415489,20.457535
22.538376,25.349764,29.19684,31.842255,29.809586,30.213438,41.500282
-6.738643,-7.2617564,-8.479701,-9.597826,-8.544151,-8.919449,-13.209869
-6.294427,-6.4306006,-7.616938,-8.379545,-7.6739545,-7.567808,-10.464253
2.3228357,2.8437865,3.3386376,3.8120387,3.304095,3.4299014,4.9226456
-13.208698,-14.43651,-16.055073,-16.903955,-16.340496,-16.825148,-22.24563
7.24008,7.579197,9.067026,9.343998,9.190754,9.67011,11.858742
-1.3555783,-1.9164995,-1.4978677,-2.2529087,-2.6389902,-2.9597657,-3.0704408
-16.111975,-17.14456,-20.228968,-21.353401,-20.167776,-20.129538,-27.668507
-3.8380039,-4.270195,-5.4385977,-4.8855996,-5.427181,-5.5682898,-6.2813206
0.39688417,0.036081757,0.11796948,0.36104056,0.74773115,0.6502251,0.6354155
-10.480716,-11.445255,-13.061711,-14.049728,-13.296922,-14.401366,-18.31671
1.8126138,1.8472933,2.7413707,2.453279,2.6753602,2.9592671,3.597425
6.10763,7.5492616,9.369988,9.520162,8.712573,9.5643835,12.568923
-6.524902,-7.227037,-7.7285295,-8.481254,-8.457889,-7.9362254,-10.871351
9.100058,9.6592455,10.8576765,11.338923,10.212769,10.62283,14.6037
23.198328,25.459028,28.945536,31.527313,29.574131,29.967813,40.340477
14.994472,17.397253,19.731049,21.407835,20.023577,19.645708,26.644075
10.093732,10.764585,13.471849,13.956269,13.270635,13.798358,18.632402
9.263888,10.379176,11.66159,12.291805,11.464823,12.298842,16.559122
-1.096022,-1.1814015,-1.8590612,-2.4587386,-1.2280701,-1.6063329,-3.0521495
5.5874624,6.7943006,7.383674,8.408994,8.271485,8.531524,10.718892
-5.8789783,-6.965936,-8.115012,-9.167782,-8.150431,-8.783745,-10.978056
-20.29546,-21.836636,-25.818954,-27.337357,-25.254871,-25.545828,-34.786873
11.739049,12.52694,14.310451,15.963404,14.924858,14.42034,19.631008
-21.701633,-22.898132,-26.77833,-28.803646,-27.405396,-27.686827,-37.332993
5.173038,5.412152,6.9949455,7.517864,6.3019834,6.2889028,8.616026
-2.5265145,-3.0768442,-2.8705144,-2.5890937,-2.7667413,-3.0354018,-3.763533
6.0761995,7.1146607,8.17823,8.275814,8.111925,8.813461,10.367408
0.9450938,0.99714106,0.9304716,0.46782604,0.6778676,1.368538,1.8707978
5.8751163,5.842207,6.809717,6.70133,6.8417664,6.925791,10.1830435
-5.101971,-5.029297,-5.1910815,-6.0705028,-5.247417,-6.1803966,-6.387068
2.0655851,1.1302015,2.3216808,2.7677705,1.161918,1.881977,2.8032994
-14.092509,-14.98217,-18.028984,-19.232805,-17.651695,-18.244076,-24.105154
-13.1807785,-14.012752,-16.194866,-17.881031,-17.176876,-16.886238,-23.313616
0.24100018,0.13167292,-0.20354623,-0.5172284,-0.16741842,-0.060781542,0.13129097
0.17173976,0.13734049,0.485609,0.56410855,0.3034057,-0.4304965,0.13120288
17.982872,19.543882,22.096476,24.42783,23.295195,23.939638,30.492598
4.2014947,4.4877763,5.3956475,5.6495447,5.876481,5.3703613,6.8440146
10.57632,11.391934,13.1521435,14.064614,13.801966,13.685012,19.166636
-0.6396646,-0.41719624,0.2761028,0.25719646,0.21497992,-0.1686978,-0.033785313
24.946617,26.870077,30.936365,32.344894,31.340334,31.24819,42.589943
-4.371589,-5.070414,-6.1308947,-6.104937,-6.6101213,-6.120409,-8.859532
-7.977937,-8.595145,-10.11378,-11.5270605,-10.9009695,-10.460768,-14.45901
-2.5192144,-3.2733932,-3.7845397,-3.8090334,-3.5117345,-2.9969053,-4.076103
12.130551,13.781043,16.665083,17.516125,16.147903,16.443487,21.281532
6.8145785,7.732856,8.443288,9.295243,9.068395,9.221417,11.555596
-4.6619606,-5.401851,-6.7535677,-8.428751,-7.307342,-7.0144854,-7.725974
-8.543502,-9.54373,-10.522203,-11.56858,-11.151969,-11.431777,-16.010208
-15.988142,-17.49446,-19.674166,-20.979845,-20.374111,-19.830559,-26.917898
-13.807515,-15.29969,-17.181793,-18.290783,-16.880703,-17.660744,-23.507183
-3.1238394,-3.2372909,-2.8510766,-3.2656813,-3.6901608,-3.389299,-4.7096114
18.453508,20.224232,23.705784,25.43204,23.611664,23.479677,30.632734
7.193655,7.0680017,9.618822,9.725519,8.782504,9.5026455,11.956252
-21.523228,-23.790691,-27.353817,-29.229939,-27.601461,-27.222628,-37.336243
-20.663254,-22.464348,-25.432425,-26.85474,-24.96979,-25.655275,-35.05746
4.8593917,5.5142136,5.643954,6.5619545,5.647791,5.93598,8.373234
14.674531,16.385948,19.468931,20.542624,18.577255,18.649902,26.10748
-13.944971,-15.241345,-16.752028,-18.403105,-17.84729,-18.480898,-23.73611
-0.022600655,-0.63570786,-0.50636816,0.14854932,-0.16261029,-0.27890325,0.67817736
3.0479176,3.4548485,4.0943756,4.7538633,3.1878862,3.2245047,5.705509
-6.332706,-6.512314,-7.868633,-8.332498,-8.650396,-8.133763,-10.905171
8.23957,9.208346,11.254079,12.120397,11.327153,11.998906,15.649877
-9.097036,-10.431446,-11.621104,-11.979452,-11.186523,-11.568118,-15.487595
3.0102918,3.5862052,3.9198108,4.273352,3.9178169,3.300189,6.026028
13.970288,15.539038,18.34529,19.896688,19.243004,19.240345,26.196135
-9.7940235,-11.198521,-12.938543,-13.554182,-12.436235,-12.005438,-17.588175
-9.437538,-11.21664,-12.961187,-13.893503,-13.476875,-13.867719,-18.336143
8.931008,9.83511,10.513297,12.051115,11.2161,11.713168,15.737634
24.205513,26.167791,30.149311,32.22812,30.269127,30.96,41.02889
3.1129675,2.7003722,3.0841079,3.5003028,3.1009393,2.9880452,3.8551822
-12.621667,-14.469201,-15.75927,-16.713959,-16.408638,-16.499159,-21.935783
0.056718916,0.6858617,-0.2020916,-0.49859515,0.15880594,0.028290838,-0.29379812
9.659316,10.96349,12.409356,13.816353,12.095719,11.898812,16.768871
1.3911515,1.7053119,1.6713234,2.1822307,2.1956651,1.7821041,2.8572357
4.360041,4.5870047,4.8962026,5.28848,5.0715384,4.8433704,6.8414516
-2.0342515,-2.263424,-3.9453142,-3.2782319,-3.1321518,-2.8786762,-4.3112607
-1.1355523,-1.3446907,-2.0073874,-0.8293255,-1.4217714,-2.059385,-2.2706435
9.900005,11.245421,12.82718,13.566218,13.254341,13.631451,17.678339
8.056087,9.147911,10.668976,11.930968,11.206771,11.439822,14.32097
14.294233,16.028244,18.434135,19.193047,19.030476,18.739567,24.903133
-2.9452875,-3.2146032,-3.732641,-2.935767,-2.8972929,-2.4224274,-4.241715
-14.345564,-15.753636,-17.316511,-18.635143,-18.40271,-18.022566,-23.931547
-3.900766,-4.399762,-5.54116,-5.398763,-4.5877213,-5.523557,-7.055488
-27.129137,-29.445127,-33.449673,-36.24985,-34.455235,-35.092785,-47.104736
6.595805,7.0847654,8.077579,9.158536,8.4195795,7.524933,10.6764345
-14.651391,-16.432266,-19.216862,-21.000904,-19.996063,-20.292114,-27.047686
-8.20684,-9.48149,-10.793084,-11.05781,-11.461749,-10.725434,-14.037834
12.614675,14.059241,15.899354,17.245699,16.053862,16.382204,21.437016
5.0542903,5.612701,6.1909924,6.3697357,6.303605,5.999907,8.137597
9.215224,9.883744,11.59431,12.165347,11.841896,11.236483,14.813883
-7.239694,-8.038709,-10.10884,-10.113379,-10.135216,-10.730842,-13.410568
3.8204703,4.1360855,4.8482533,5.2609634,4.2820435,4.428923,6.281889
-0.59319264,-0.8932696,-0.95348483,-1.0357229,-0.91037136,-1.2874784,-1.6058924
-1.9866391,-2.2728136,-3.0912795,-3.6074138,-2.9873457,-2.5961585,-2.9774165
-0.67940587,-1.3312861,-0.7635806,-0.9742585,-1.6003045,0.06045595,0.50880665
0.14422137,-0.067115605,0.2107349,-0.3099317,-0.14238507,-1.3008622,-1.468711
-11.444596,-12.459913,-13.958503,-14.851679,-13.436903,-14.239075,-19.79473
15.788042,16.206873,18.727072,19.774536,19.556417,19.264652,25.975346
12.12067,13.781435,15.57084,16.236559,15.784626,15.549215,21.772013
-6.9212627,-7.4062204,-8.285877,-9.328604,-9.06197,-9.007231,-13.109085
15.48273,16.460585,20.283035,20.970333,19.63259,19.272516,26.550283
-4.072912,-4.197969,-5.519434,-5.454582,-5.107424,-5.3931007,-6.641753
20.697527,22.582136,26.388931,28.077486,26.57393,26.978415,36.18626
3.6501794,3.8273685,4.003131,4.7883883,4.5065985,4.2712,4.4823165
-1.8366828,-2.661343,-2.7652445,-2.798172,-2.1275618,-2.1602643,-3.1019351
15.576626,16.835926,19.479092,20.375664,19.30391,19.669985,27.08342
-28.468718,-31.43481,-35.53557,-37.831524,-36.433105,-37.34161,-49.91251
1.5423987,1.8299685,1.8037666,1.9165689,1.8734772,2.102876,1.4661701
-10.460319,-11.94855,-13.854211,-14.531509,-13.783914,-13.457504,-18.73161
22.151728,23.91907,27.57439,28.817156,27.079924,28.458647,36.778774
4.8099003,5.6603174,7.1125817,7.4665346,6.0360794,6.4722033,8.61344
-5.429778,-6.421197,-6.6760545,-7.1606097,-6.330197,-6.7498307,-10.010303
-8.963064,-10.515513,-11.827973,-12.318212,-11.67771,-12.196414,-15.723983
-0.010303173,0.12876448,-0.16218844,0.38375244,0.6518281,0.8667565,0.4549559
-17.638346,-19.436422,-21.799473,-23.759699,-22.818583,-22.955399,-31.053854
0.05722275,0.4124607,0.37597314,0.12683693,-0.1404179,0.4411179,1.2948066
-10.53691,-11.292629,-12.164479,-13.833899,-13.006414,-13.009275,-18.54017
1.7300539,1.8356375,2.6204684,1.9073411,1.9494774,1.4797449,2.018523
0.87198204,0.80809015,1.4607323,1.5861868,1.0769793,0.8988907,1.3300017
3.6908772,3.7677448,3.8756773,4.308649,4.19399,4.1062016,5.724065
-13.177546,-14.919311,-16.034601,-18.309092,-17.385138,-17.62815,-24.021132
6.412718,7.1382747,7.1470385,8.097804,6.842011,6.9234066,10.118315
1.1901267,-0.042988293,1.076694,1.7790847,0.68861914,0.83260727,1.0467043
-1.1377155,-1.1576774,-1.7134361,-1.7716986,-1.2782379,-0.62180215,-1.9010464
-17.490803,-18.801218,-22.46923,-24.03494,-21.980051,-22.7813,-31.312946
3.6932514,3.9633167,4.2630615,4.2915783,4.760584,4.461229,6.39791
2.2822576,2.4415798,3.5821872,3.7365885,4.071901,4.3245506,4.8373065
-8.259949,-9.102011,-10.269741,-10.792271,-10.159663,-10.888011,-14.729802
-0.006725588,0.83096284,0.12817283,0.2907407,-0.6274443,-0.04683379,0.9799425
-5.8390374,-6.0559163,-7.4902925,-7.3225617,-6.8153815,-6.338716,-8.786264
-19.358063,-21.086157,-24.38844,-26.150675,-25.088198,-25.53855,-33.889343
-7.749601,-8.361245,-9.7112055,-10.152531,-9.564022,-9.764625,-12.627772
3.9245646,4.223471,4.537225,4.0712233,5.2126083,4.7057166,6.933179
3.8957932,4.676652,4.8032684,5.210361,5.3320622,5.122168,6.5751247
4.7100773,4.867054,5.3801765,5.885029,5.371739,5.792225,8.795141
-1.0818655,-1.0209181,-0.45682123,-0.9325016,-0.9559415,-1.2559488,-1.7296789
1.0893005,1.3306984,1.4266843,0.9200486,0.8349651,0.9485768,1.701114
-11.651926,-12.758013,-13.697509,-14.191727,-14.07975,-13.769769,-18.901112
5.797753,6.396682,7.168561,8.45635,6.9836216,7.2164297,10.069928
-2.0169044,-2.3808806,-2.356254,-2.1178832,-2.2167902,-2.3016984,-3.0626936
13.820351,14.626109,17.744068,19.07047,17.785364,18.965223,23.960188
1.6930696,1.721475,2.5350049,2.1507525,3.2075307,2.7599094,2.894702
9.825875,11.021999,12.345777,13.682939,13.241456,13.547518,17.073654
-17.411924,-18.9098,-21.696665,-23.138277,-22.42444,-22.29872,-29.809092
7.063458,7.962678,8.696252,9.318182,8.621807,8.401415,10.244381
0.21074088,-0.39542758,-0.2817306,-1.1478938,-0.9390168,-0.52574533,-0.41602033
-7.372372,-8.269512,-9.816364,-9.581753,-9.511171,-10.056115,-13.085673
-30.610096,-33.830124,-38.403255,-41.2771,-39.49371,-39.254326,-52.963524
-11.778368,-12.486106,-14.3124485,-15.475714,-14.863601,-14.980469,-19.439745
9.778499,9.859147,11.287604,12.185649,10.623355,10.178809,15.072398
-0.37035087,-0.40255567,-0.17818078,-1.1206927,-0.4881017,-0.90484196,-0.4285544
7.061488,7.809958,8.839132,9.564749,9.286428,9.26522,13.975581
-1.4176413,-1.6227459,-1.4712912,-2.1071463,-1.6384622,-1.9099275,-2.7040179
2.5661936,3.3911927,3.2352514,3.6166773,3.4659817,3.1910114,4.5988636
-4.1902075,-4.3507285,-5.4290037,-5.4559016,-4.7869143,-4.8649955,-7.1911964
0.9220229,0.92844504,0.90428305,0.8596801,0.62119406,1.7051867,2.2380786
3.582486,4.1876836,5.0034766,4.4788494,5.4719353,4.7847605,7.667639
-23.007593,-25.299446,-28.966385,-30.692793,-28.778719,-29.077915,-39.271385
10.430547,12.222499,13.89299,14.7289915,14.024197,14.552735,19.618416
-0.8767975,-0.2566708,-0.6493166,0.83728284,-0.14823945,-0.34186968,-0.25956473
-3.3635392,-3.3134894,-4.3584003,-4.5099316,-3.9926324,-3.6732764,-5.3873653
1.8381287,1.8065792,2.9047525,2.8015249,2.0110788,2.1000042,3.2649343
-1.4618303,-2.2108305,-2.314402,-3.0557837,-2.854898,-2.841538,-2.9281483
-0.03877161,-0.35769936,-0.75708246,-0.9661484,-1.2569423,-1.0023661,-1.3629651
-7.178457,-7.9517365,-8.508743,-8.929384,-9.213928,-9.018941,-12.746013
-8.379201,-9.35132,-10.387156,-10.983975,-10.353455,-11.072876,-14.599863
10.589073,11.200497,13.194328,14.217202,13.65218,13.846666,17.93429
-5.85042,-5.9905777,-6.8760486,-7.018439,-6.4093485,-6.9713135,-9.06253
16.122309,17.200352,20.183628,21.679794,20.440334,20.832886,28.636501
-1.7969983,-1.8866551,-2.303714,-1.6819293,-2.1537526,-1.570627,-2.1924314
16.300247,18.238941,21.114845,22.858185,21.534252,22.133343,28.928888
-0.22163273,0.05019949,1.0933816,1.3414807,0.6028304,1.2650495,1.2031803
-1.352333,-2.0534093,-1.8730849,-2.0936062,-2.5075352,-3.0019147,-3.1664684
-14.894542,-15.571725,-18.207962,-19.361212,-19.179619,-19.376701,-25.372583
7.9041734,8.432375,9.615319,11.199351,10.846244,10.737214,13.779395
-14.955568,-15.671853,-17.817518,-18.931059,-17.65167,-17.175825,-24.19081
-12.71797,-13.88126,-16.295044,-18.604856,-16.712284,-17.034771,-22.500988
-3.7089672,-4.356845,-4.223986,-5.2654963,-4.65399,-5.3745146,-5.272932
-14.881458,-16.068485,-17.891666,-18.618574,-17.966206,-18.260445,-24.592346
-5.157772,-5.6572614,-6.650695,-6.7751474,-6.096418,-6.231536,-8.346907
10.3962,11.190427,12.974883,14.119801,12.931265,13.589305,17.996456
11.895437,13.306979,13.936448,14.470492,14.170429,14.850625,18.733116
-14.488633,-16.476103,-18.500546,-20.045532,-18.968082,-19.351849,-25.775494
1.8071784,2.009998,2.0831048,2.0757773,1.9631399,2.0061364,4.138474
18.015072,19.607437,23.025677,24.535149,23.702417,23.999645,32.024185
-2.9140718,-2.8015666,-4.0281987,-4.220916,-3.3292005,-4.245578,-4.946855
-12.597959,-13.561111,-15.746206,-17.17079,-15.018018,-14.878279,-20.969652
34.963936,37.592255,43.554955,47.39853,44.402435,45.484493,60.184788
25.203018,27.484419,31.073595,34.35576,31.851973,33.39704,43.92326
-15.762249,-18.247868,-20.803925,-22.876272,-22.100443,-22.131678,-30.076385
2.5674875,2.9547284,4.4291387,4.75517,3.876765,4.745706,5.587367
-22.00651,-24.172577,-27.507128,-29.59267,-28.312788,-28.46173,-37.10318
15.610064,16.893826,19.010569,20.613192,20.282976,20.568575,28.223806
15.914405,17.233263,19.75599,22.120474,20.70173,20.970108,26.865053
0.13961838,0.02513073,-0.04295065,0.5446429,0.79786444,0.61628485,0.44133803
-3.8695793,-4.0087547,-4.2486176,-4.4368663,-4.681495,-3.8473928,-6.0728593
1.6147618,2.1216831,3.1955545,3.802647,2.8174667,3.2711127,3.854874
-12.851213,-14.308292,-15.650253,-17.180683,-16.451315,-16.226164,-22.699305
-16.65373,-18.266176,-20.80577,-21.99265,-21.164478,-22.241547,-28.551527
-1.2195988,-1.3038807,-1.1210198,-1.8363347,-1.5444613,-2.2524295,-2.6592264
0.3868209,-0.0012856703,0.4936856,1.3213435,0.70582473,0.9743215,1.7423674
3.0368123,3.4376204,3.6432555,4.275161,3.9039142,3.6871448,4.8495197
-13.0576105,-13.9894085,-15.515508,-16.551441,-15.470269,-15.142486,-21.16465
13.381509,14.795206,16.481764,18.027603,16.898417,16.504005,22.955715
-2.1261563,-1.9758836,-2.0971065,-3.1466274,-2.1498146,-2.7289953,-3.313902
22.332682,24.827698,28.970724,30.682991,29.435797,29.361757,38.924877
-18.10118,-19.338417,-22.044292,-23.364153,-22.80038,-23.13699,-29.27139
-2.8328812,-2.4905446,-3.4592178,-2.9167278,-2.207328,-2.2966392,-3.704384
2.717677,2.8555098,2.7987866,3.471147,2.3202806,2.0115724,3.4875598
4.359478,4.1927404,5.317322,4.966944,5.3017187,4.6607103,6.19643
-15.519739,-16.577879,-18.964754,-19.861399,-20.075655,-19.63235,-25.426722
-5.646501,-6.0470347,-6.4102316,-6.4628735,-6.0581245,-6.1049953,-9.8667555
-8.545084,-8.927174,-10.08333,-11.173051,-10.854554,-10.641385,-13.217033
10.842988,11.007776,13.545741,13.986789,14.396808,14.66102,18.21572
-11.687656,-12.905457,-13.636039,-15.66377,-14.194026,-14.975676,-19.381151
-9.435151,-10.782141,-12.371779,-13.808822,-12.39111,-12.633403,-16.234856
0.8507586,1.2866352,1.3672614,0.75349385,1.0945327,0.9952088,0.18947795
30.582647,33.52131,38.402325,41.264683,38.460526,39.255173,52.012447
4.383521,4.6039467,5.8496375,5.9143505,5.2776256,5.656928,8.58345
1.5531192,0.75767773,1.4656694,1.7486875,2.0792933,2.1260114,2.2066324
17.11993,18.227608,20.749916,23.290932,22.517992,22.748363,30.194038
-1.8254166,-1.4416636,-2.4087033,-2.2179625,-1.5946751,-1.57088,-2.9067626
-2.1177714,-2.215183,-2.457785,-3.0746205,-2.8678238,-3.1127656,-3.9879096
-10.037702,-10.510304,-11.454619,-13.573525,-11.65828,-12.107733,-17.793215
-6.0702047,-7.4084473,-7.662372,-9.320131,-8.047373,-8.241387,-10.733123
9.836783,10.7534075,12.482701,13.113009,13.083429,13.697568,16.716213
3.649372,3.4191375,3.5995455,3.8327274,3.2016973,3.1336932,4.8556333
28.850687,31.118475,35.21687,37.669224,36.07217,36.185112,48.062103
-16.645359,-17.273724,-18.2658,-18.862518,-19.025059,-18.57772,-25.758976
-10.512676,-11.632038,-12.848955,-15.145865,-14.018658,-14.007448,-19.660967
-15.821496,-17.389484,-21.273222,-23.067762,-21.236532,-21.890318,-28.681597
23.966894,26.3913,28.95567,32.242107,29.818022,29.954136,41.376358
-14.683079,-15.998413,-17.817486,-18.76775,-18.288792,-18.329422,-24.810719
-9.027498,-9.602317,-10.415253,-11.150346,-10.376025,-10.449671,-14.802874
14.335188,15.589867,17.652266,18.476059,17.699568,18.422905,23.908058
-14.769482,-16.182589,-18.683937,-19.98265,-18.473854,-18.634678,-24.702213
-10.198773,-11.002009,-12.331043,-13.32425,-12.475925,-13.004937,-15.797727
-11.722378,-12.49226,-14.67485,-15.17232,-14.831801,-14.047183,-19.022856
-11.716117,-12.793028,-13.885556,-15.123129,-13.826625,-14.686438,-19.30478
-2.1801286,-2.7567244,-2.0893035,-3.5003617,-2.6387787,-3.040225,-3.023378
31.02505,34.264706,38.697388,41.15439,39.906563,39.711708,54.294193
-19.700834,-21.51437,-25.088121,-26.28432,-24.755857,-25.008743,-32.86992
3.830051,3.823064,4.4162655,5.4926763,4.5364504,5.726426,6.4833055
5.016618,5.074972,5.9828043,6.828049,6.1541004,6.896119,8.619505
-3.436266,-4.029459,-4.784944,-4.333766,-4.0254655,-4.3764586,-6.113684
0.38996974,0.45469442,-0.03780635,-0.49400243,-0.20221241,-0.3456522,-0.71389157
12.117926,12.954469,15.5471115,16.497196,15.018799,15.322848,20.711588
2.0375535,3.0498633,2.3861394,2.9930933,3.4682443,2.982215,4.1295066
12.066006,13.260384,14.906496,16.558462,15.584407,15.564756,20.848137
-16.609236,-17.82538,-20.550686,-22.1518,-21.502937,-21.715374,-28.124287
12.595534,13.54498,14.567503,15.67708,14.652179,14.446051,20.596655
-12.916639,-13.597725,-15.519158,-17.07944,-16.630547,-16.35531,-20.596704
-14.776705,-15.413642,-17.403528,-18.282154,-17.884047,-18.238157,-25.180481
6.5264716,7.5467834,8.025186,9.190926,8.12662,8.719734,11.230116
-5.3339963,-5.739426,-6.8937697,-7.2728205,-6.681468,-7.059076,-9.718671
-0.38784584,-0.71667325,-1.0592235,-0.43449625,-0.7294506,-0.929458,-0.99750364
-13.237388,-14.645475,-17.367838,-17.538322,-15.636632,-16.411406,-21.704607
3.7451665,4.3600216,3.687516,4.3211327,4.2535563,4.1044803,6.707173
6.2915244,7.057753,8.227547,9.371886,8.679544,8.422552,10.927175
15.917134,17.05797,19.06403,20.540728,19.315847,20.023724,26.027544
0.8273897,0.81254005,1.0767918,0.9392133,1.0494843,0.58235645,1.4284763
-6.142221,-6.7088656,-8.440756,-9.504885,-8.396546,-7.5495706,-11.180101
7.8889413,8.9499,10.191876,10.101975,9.897054,9.668813,13.210611
-3.0237443,-3.1064787,-4.0449247,-4.6276703,-4.5755687,-3.8540618,-5.2190876
-2.30176,-2.330795,-2.3257456,-3.758809,-3.72896,-3.4946885,-4.6749907
-7.1384926,-7.8917427,-8.546116,-9.573675,-9.817443,-9.819599,-12.698256
7.1852727,7.285448,8.486151,9.437675,9.218855,9.431629,12.637279
-9.346547,-10.353414,-12.836575,-12.75475,-12.114953,-12.373169,-17.481092
-0.495452,-0.17555434,0.34050363,0.52562517,-0.026250895,0.2011165,-0.36426455
2.1048594,3.2702858,2.7918255,3.3538506,3.0997179,3.5540557,5.3686285
-24.11842,-25.986996,-29.42677,-32.30643,-30.132515,-30.604136,-40.9012
9.669469,10.361821,11.651053,12.263003,11.816937,12.179187,16.023388
-11.276199,-12.860399,-13.913428,-14.948454,-14.489662,-14.650536,-18.629858
-0.43722722,-0.27584645,-0.4412975,-1.2336841,-1.4425507,-0.4650478,-1.1996484
-2.5115929,-2.7509997,-3.0015132,-3.0793242,-3.263817,-3.123947,-3.8619583
17.286238,19.472445,22.38653,23.657236,22.129183,22.403341,29.521217
-7.643537,-8.537839,-9.261528,-9.977497,-9.345694,-9.7091875,-12.697777
1.2934613,1.2952952,0.8831559,1.2274084,1.0776157,1.6417923,2.8182526
0.018298179,-0.72273177,-1.3326364,-1.1567507,-1.3813534,-2.0492494,-2.3736577
-10.135244,-11.207456,-12.277736,-12.3928175,-12.4726515,-13.510744,-18.308485
9.743119,10.924892,11.839671,12.620127,12.181174,12.073894,15.985309
-5.8974366,-7.1263494,-8.001957,-9.424317,-8.446441,-8.995451,-12.088467
0.25070494,0.052537266,0.24104208,0.3063795,0.30722404,-0.51637673,-1.1056988
-6.072139,-7.231532,-8.8472395,-9.348236,-8.852522,-10.248287,-12.592296
30.834711,33.83511,38.614532,42.14795,39.648773,40.795635,54.349293
16.302547,18.372837,20.693682,21.615797,21.055574,21.573408,29.522337
6.0011363,6.207256,7.58353,7.909075,7.437005,8.376086,10.760049
10.19498,11.005859,12.404445,13.487379,12.1963,12.374644,16.576351
-5.631891,-6.009696,-7.2845335,-6.754695,-6.255171,-6.440241,-8.346529
22.153131,24.046028,27.507223,28.706562,26.798376,27.310345,36.378574
-7.4822264,-8.459433,-9.898927,-11.003149,-10.118517,-10.257143,-12.679903
-2.0199285,-1.7766076,-2.162156,-3.1646175,-2.996659,-2.5213857,-3.7839305
-0.5768885,-0.83612245,-1.3016376,-1.9782214,-1.1054907,-1.9798617,-2.514278
3.4905872,3.8661134,4.1667504,4.9797645,4.328704,4.522781,6.114576
-2.2497277,-2.6832962,-2.6568303,-3.1345847,-2.7149308,-2.6800253,-4.781379
5.2454944,5.242085,6.0634384,7.4827476,6.934656,7.3046875,8.587234
33.794933,36.583767,41.88699,44.585247,42.152935,43.218742,57.123306
1.6844335,2.0180957,2.9966137,3.2979958,2.2222939,2.1072166,3.2147274
3.7665906,4.1667876,4.160516,5.208186,4.9372573,5.1742435,6.596923
-20.685415,-22.774406,-25.526415,-27.798182,-26.097265,-26.47716,-35.996185
4.589184,4.9501553,6.2329464,7.112295,6.398099,6.197894,8.072537
-11.406925,-12.218149,-13.991968,-14.898928,-14.026868,-14.090841,-18.147163
-18.141142,-20.411226,-22.940298,-24.022978,-23.067694,-23.970615,-31.779161
11.270998,12.283001,14.345392,15.148137,15.351933,14.877176,19.62957
1.2059584,1.7813144,0.8756547,1.6704249,1.2322717,0.57205105,-0.37233114
3.3905108,3.8632143,4.2211156,5.171023,4.2928114,4.789805,6.321618
-10.423894,-11.20865,-13.481487,-14.761558,-14.31485,-14.311872,-20.30036
9.552422,10.425279,12.288094,14.168608,12.891469,13.281405,15.890726
-24.079334,-26.32833,-29.953024,-32.28286,-30.704962,-30.928694,-41.11632
12.42027,13.63868,15.831421,17.491684,16.108921,17.329363,22.023878
-12.147659,-12.281849,-13.853731,-14.741485,-13.8013,-14.34182,-18.714949
-14.75237,-16.182411,-19.127163,-19.253458,-18.890686,-19.423838,-25.973925
6.9678273,7.5525084,9.126909,9.751668,8.007137,8.320849,12.32503
2.154271,2.6763732,2.4095218,2.529122,2.4905944,2.9926615,3.7490244
1.9068141,3.3143413,3.6487858,4.5831285,3.6766226,3.6154108,5.0402727
-9.421711,-10.077839,-11.884935,-11.69142,-11.435236,-10.814247,-15.7701645
5.580044,6.7005887,6.775629,6.9369335,7.0897264,7.316314,10.5042925
-14.997921,-16.595535,-18.807722,-20.105368,-19.119608,-19.595966,-26.700174
-8.84508,-9.771183,-11.102323,-11.998696,-11.477059,-10.677657,-14.958501
-1.794139,-2.091182,-2.6025379,-2.9206412,-2.5059583,-2.632233,-3.6630633
-9.549998,-10.162378,-11.890613,-13.433153,-11.730381,-12.603759,-16.85634
3.2384088,4.134258,4.10529,4.277288,4.2545724,4.4063067,6.1246204
-1.4002042,-1.6727436,-2.0679739,-2.708009,-2.5194259,-2.0703633,-2.5090094
1.6875966,1.9147561,1.9140825,2.6960852,1.9449773,1.432899,2.2408323
3.7149823,4.828813,4.638787,4.868943,4.296747,4.1003814,7.5131927
11.385555,12.685152,14.625019,16.022966,15.255622,16.052929,20.783844
-17.65122,-19.072626,-22.2195,-23.639153,-22.616362,-23.53834,-30.871494
-5.600341,-5.4492574,-6.378642,-7.0345597,-7.527144,-7.1253185,-8.716811
3.4814024,3.6179426,4.4405036,4.664776,4.070073,4.4195795,5.9977007
-6.6656556,-7.055965,-7.6359334,-7.5789323,-7.8954387,-7.6723228,-10.007373
7.4233713,8.108849,9.408968,10.310064,10.53152,10.314463,13.568843
-14.5251875,-15.7734785,-17.523369,-19.005932,-18.070715,-17.404129,-23.639004
23.914124,26.73137,30.208008,32.940838,31.360203,30.647757,42.174328
10.255353,11.606411,12.304847,13.890663,13.866924,13.514065,17.65981
1.7113414,1.4709659,1.4804146,1.5789492,2.580531,2.5664675,3.3130038
2.0665355,2.1602461,1.8115368,1.6155742,1.4916226,1.3887951,1.7108325
-1.2168418,-0.37889495,-1.3629392,-1.2645527,-0.48697105,-0.74967706,-0.6485101
-5.7263913,-6.60204,-7.80604,-7.3304,-7.2508593,-7.4230595,-10.103558
1.4471514,1.0998461,1.4006705,1.3256876,0.8658421,1.5367496,2.394364
-16.846933,-18.31539,-19.804796,-20.953928,-20.316307,-20.515997,-27.43831
8.328157,9.156128,9.789654,11.342214,10.5731325,10.109107,13.2840805
2.414086,3.4592228,4.000032,4.745006,4.081257,4.205909,5.795245
-13.156213,-15.162157,-16.842442,-18.59049,-17.941313,-17.65023,-24.05704
-3.2287302,-3.518639,-3.5469325,-3.1644073,-3.1960711,-3.2405596,-3.6923316
9.197553,10.553914,11.859469,12.810202,12.123634,11.975678,15.714183
-8.177827,-8.938774,-9.604418,-9.525459,-9.705672,-9.782483,-13.492912
-19.788034,-21.612055,-24.427498,-26.88746,-25.309313,-25.185266,-34.197357
1.9771193,2.0456855,1.6934398,2.2872934,1.3131642,1.4451895,2.2019846
-7.4545207,-7.6675873,-8.737038,-9.125109,-8.771582,-8.580852,-11.84864
14.302018,15.989626,17.64859,19.422754,18.293013,18.743824,25.585598
4.9378047,5.2073574,6.0777173,6.5536556,5.9969516,5.306455,6.935839
14.652291,15.694146,18.12858,18.700436,18.370993,18.210876,24.855322
0.061615303,0.25908804,-0.13055687,0.016804114,0.26042652,0.8085612,1.3198168
13.636837,15.048044,17.443487,19.840101,18.118988,19.126719,24.997782
3.754077,3.941887,5.2145514,4.9360585,4.6831374,5.90195,7.5886393
17.732367,18.997118,22.111172,23.344732,21.915888,22.146336,29.18672
-6.517854,-7.799182,-9.000785,-9.98342,-8.992171,-8.968859,-12.400331
-20.007803,-21.743206,-25.917276,-26.929752,-25.675386,-26.475767,-33.8649
-14.999021,-16.543371,-18.87043,-19.835255,-19.342403,-18.61759,-26.955452
2.3660896,2.3067384,2.8783967,2.6204674,2.9435854,3.4305627,4.663997
-12.071499,-14.016847,-16.620464,-17.872583,-16.622728,-16.996264,-22.638391
21.735653,24.515507,28.228983,29.802605,28.402557,29.405354,39.037834
-15.763944,-17.078484,-19.917465,-21.033306,-19.841984,-19.867655,-26.383322
-4.691222,-4.9465394,-5.433698,-5.606743,-5.8306923,-6.0461335,-7.840804
-5.426184,-6.5080132,-7.1299057,-8.164848,-8.323418,-7.9355626,-10.460016
-6.4834604,-7.6730013,-8.612979,-8.470275,-8.721113,-8.28242,-9.859097
-9.648173,-11.306958,-12.680581,-13.694197,-12.54884,-12.418211,-16.137562
22.53615,24.569235,28.44432,29.07426,27.695423,28.038988,36.71422
-25.439087,-28.015053,-32.13094,-34.884933,-32.171467,-32.885098,-44.859848
-1.2786355,-1.5524173,-1.1649,-1.5308762,-1.5311174,-1.2817551,-2.147035
-0.33618018,-0.06928064,-0.5916022,-0.81912184,-0.8947815,-0.97067565,-2.706712
-1.615288,-1.4058576,-2.3109639,-2.4931748,-1.7953556,-2.3902934,-3.7027035
-21.799994,-24.19172,-27.397642,-29.329947,-26.926523,-27.387362,-37.64852
1.1843609,1.0782117,0.9012838,0.6881686,0.47685704,0.38620076,0.30014166
-4.732694,-4.743613,-5.345544,-6.379457,-5.9790154,-5.919299,-7.2175546
-25.11318,-27.043161,-31.236233,-33.895695,-30.581516,-31.721895,-43.028687
-5.2869925,-5.310462,-5.4132733,-5.8550525,-6.3614225,-7.128934,-7.78197
-6.0336614,-6.363187,-6.7205305,-7.4702406,-7.322338,-6.685465,-8.663506
14.029247,14.870356,17.931078,18.392323,17.01559,17.95735,24.334276
11.992288,12.743038,15.405045,16.396889,15.421881,15.894678,20.6567
1.4108397,1.5198032,2.8580174,2.8301039,2.5237584,2.7660584,3.4484634
-34.52094,-37.625904,-43.464542,-46.87695,-44.21516,-44.822742,-59.93032
2.3066266,2.7700908,4.282212,4.547787,4.1725736,4.469338,5.0514245
31.496561,34.374752,37.487934,41.50273,39.49275,40.27108,53.085155
-2.9440348,-3.1789858,-4.2088675,-4.300511,-4.2494273,-3.8135235,-4.20114
-9.857677,-10.773683,-12.5221615,-13.047024,-12.166821,-12.456266,-17.1977
-5.0943527,-4.8602676,-6.317726,-5.9633265,-6.007964,-5.5125055,-8.269302
28.056173,31.237314,34.240955,37.25312,35.43337,35.92925,47.985012
-0.967208,-1.18497,-1.503421,-2.2123523,-1.9449648,-1.8529207,-2.956915
6.206316,7.02547,8.063689,8.478044,7.8308334,8.26588,11.583436
3.9719944,4.0324917,3.6217837,3.9355638,3.165529,2.8565671,5.2211127
4.3399634,4.39783,4.592066,5.0157905,4.0035315,4.971206,5.616191
1.5890715,1.4662933,1.7622614,2.7031193,2.3424442,3.021665,3.4395852
2.8617055,2.8798337,3.363502,3.5413575,3.2749598,3.7037628,4.860554
10.62018,11.636541,13.061969,13.646555,12.868179,12.75152,16.596123
-25.451454,-28.779339,-32.526825,-34.82759,-33.00071,-33.47663,-45.67225
-12.702034,-13.84095,-15.95091,-17.969414,-15.79192,-17.02237,-22.049332
-7.145213,-8.245927,-9.537452,-9.813293,-8.459992,-8.929643,-11.7944355
14.680611,16.424034,18.793678,20.589045,19.892702,19.421228,26.01339
3.9644368,5.035707,5.248616,6.3517203,5.1126046,4.742857,5.5528173
-9.006999,-9.111841,-11.963397,-12.631613,-11.582056,-12.389658,-18.31866
6.147531,6.9910593,8.518431,9.955,9.139647,9.364735,11.360368
16.386799,18.126013,20.456917,22.31167,21.866287,22.013565,30.325283
-0.332752,-0.027382366,-0.043977015,-0.10654377,1.1400222,0.89873147,0.45180106
-6.4249105,-6.497616,-8.514451,-9.477188,-8.5835905,-8.954947,-11.667652
7.830529,8.732353,10.404296,11.923804,10.494353,10.954215,14.636048
-21.132542,-22.583872,-25.94789,-28.20829,-26.93113,-27.429909,-36.302536
-3.5279043,-4.0981846,-5.039349,-5.415164,-4.3893776,-4.067263,-6.0248766
1.9210752,1.1898859,0.9641667,1.592632,1.4804242,1.4282906,1.7808397
-1.3173723,-1.1461065,-1.3311138,-1.8122873,-1.5321851,-1.8872933,-2.233828
20.193777,22.058256,24.86657,26.609543,24.885891,25.245697,34.402267
-2.4020061,-2.7014065,-3.450035,-4.3588905,-3.911693,-3.8774028,-4.427081
-2.780919,-3.3331692,-2.62096,-3.793139,-3.9883163,-3.9796033,-5.800395
22.759884,25.18797,28.275005,30.49393,28.505453,28.667234,38.553143
-8.565001,-9.092817,-10.40748,-11.086821,-10.784179,-11.451065,-14.643727
-15.004789,-16.732931,-19.330696,-21.254581,-20.055891,-20.64033,-27.158354
11.347616,11.920696,13.440115,14.220228,13.550905,13.667653,18.718708
-11.04053,-12.136539,-14.089567,-15.4607315,-14.479348,-14.678526,-19.342884
-13.873632,-15.970224,-17.003542,-19.091064,-18.111807,-18.28162,-23.600046
-3.3961692,-4.340182,-4.396312,-5.122287,-4.60419,-5.045585,-6.1967053
12.424848,13.395625,14.80969,16.357199,15.310697,14.97772,21.10037
-16.24242,-18.457834,-20.622105,-21.743534,-21.284622,-20.78436,-28.095371
-3.631495,-4.166944,-3.7839606,-4.279922,-3.9507957,-3.5564382,-5.0564494
-12.494084,-14.260499,-14.895106,-16.615011,-15.713479,-16.053942,-21.499546
-0.80147856,-0.5920808,-1.2987367,-1.4841312,-1.2487224,-1.430945,-1.3930134
-17.559437,-19.302862,-22.718527,-24.695532,-22.818674,-22.823748,-30.848248
-5.910436,-6.6762295,-7.19265,-8.4684105,-7.297232,-7.7786355,-10.952046
-13.978966,-15.224184,-17.958252,-19.376541,-18.32204,-18.760271,-24.333036
4.354043,4.716653,5.067197,5.400238,4.8054013,5.0392623,7.4676504
-17.630259,-19.233305,-21.66424,-22.873884,-21.97909,-21.784248,-30.356062
-9.198162,-10.235297,-12.505734,-12.790608,-11.73224,-11.911705,-16.714298
-8.842238,-9.813576,-11.1973715,-12.428266,-11.937245,-11.370849,-15.268559
6.4799004,6.5121264,7.4031363,8.343284,7.632629,7.7399073,9.788129
2.9894886,2.8579724,3.4549918,3.479165,3.829663,4.3965197,4.7059927
13.939124,15.176466,18.267927,18.417011,17.949265,18.696445,23.383825
-2.0664885,-2.0810287,-2.973881,-2.915553,-3.2255402,-2.9149635,-3.6190026
14.377718,16.347971,18.894817,20.277515,19.465796,18.832687,26.161535
-20.564587,-21.645515,-24.765648,-26.47461,-25.758728,-25.24565,-33.663006
21.606384,24.321186,28.852886,31.522955,28.88928,28.98863,38.251724
-11.385333,-12.731942,-14.575805,-15.749786,-14.8371935,-15.239053,-18.96648
-15.349299,-16.260353,-18.557222,-19.68208,-18.332933,-18.127865,-24.342878
2.3067582,2.9268603,2.3833623,3.02708,2.7573705,2.7548566,5.203103
8.643149,9.160371,9.941512,10.155471,10.261718,10.714347,14.003844
-5.4370546,-6.1605773,-6.2779717,-7.089204,-6.3490534,-6.8212595,-9.878352
6.6761203,7.443628,6.9446797,7.086046,7.8819966,7.304301,9.1025915
1.8002582,2.0469918,2.3406806,3.5060916,3.5919423,3.4241529,3.1932464
18.975622,21.427746,23.874582,25.19709,23.700283,24.37413,32.782932
-7.1893916,-7.522242,-8.182868,-9.498865,-8.061937,-8.736346,-12.886609
-15.017564,-17.014606,-19.38211,-21.305803,-19.64471,-20.071726,-26.104408
-8.827127,-9.501575,-10.019098,-11.721689,-11.931566,-12.223201,-16.787733
-34.23114,-37.575478,-42.559227,-45.51275,-42.468006,-43.12446,-57.343197
7.7419033,8.080474,10.414385,10.4122095,9.626797,9.830279,13.927606
-2.7849245,-3.1501555,-3.5246816,-3.423366,-3.6710448,-3.7107143,-5.0257792
-6.899779,-7.8598633,-9.862916,-9.8015175,-9.784127,-9.729104,-12.504177
-19.721272,-21.251144,-24.1213,-26.42644,-24.94728,-25.18239,-33.432884
-6.2009654,-7.095785,-8.200633,-7.4489174,-7.2741637,-7.37152,-9.881539
-8.292008,-8.709634,-9.194397,-9.315789,-9.388648,-9.593297,-14.017699
-15.489412,-17.540178,-19.78043,-21.884228,-20.494366,-21.32173,-28.036343
-0.44019705,-0.9198678,-2.0956678,-2.2248917,-2.1378345,-1.9909266,-2.940468
7.2904396,8.205346,9.418995,10.507347,9.503158,10.47741,12.857757
9.492091,10.687471,11.314413,12.525845,12.138109,12.201896,16.017015
5.3230495,6.2083306,6.6206646,7.173648,7.217664,7.380519,9.459133
0.32382694,0.53029865,0.21775857,-0.40117714,-0.74592525,-0.8013074,0.12725356
2.3447714,3.0245566,3.4513156,1.8808105,2.516115,2.7220933,3.5245335
-15.410261,-16.890913,-18.790928,-20.186956,-19.254517,-19.991953,-27.58435
8.113732,8.921693,9.786683,11.20472,10.388802,10.468717,14.030588
-9.032962,-9.60244,-11.461722,-12.589755,-12.259817,-11.941084,-14.361149
2.6379893,2.7124465,3.2219477,4.1514163,3.887009,4.3832073,5.8507
10.167404,11.014974,12.659402,14.249487,12.631673,13.120565,18.29994
-1.125804,-0.82677895,-1.7400987,-1.902401,-0.99302036,-1.5268519,-1.4989989
-10.083201,-10.273646,-11.329709,-12.512782,-11.962891,-11.501678,-15.530599
10.745811,12.035294,13.47554,14.35735,13.390956,13.435839,18.057207
5.854315,5.8438377,7.1500216,7.6251297,7.0815253,7.188178,9.527657
1.1461012,1.1803998,0.75589585,1.219719,1.2279688,1.2977756,1.257759
5.164016,5.117205,6.7499104,7.224478,7.018994,6.564064,8.512348
8.310495,8.984549,10.162848,12.059797,11.42921,11.647344,14.548512
-12.889482,-14.728711,-16.474924,-17.167673,-16.542248,-17.721321,-23.492819
15.790358,17.52248,19.535091,21.225576,19.86534,20.524216,28.24824
-1.7102633,-2.6709805,-2.0179374,-1.6240871,-2.0780995,-1.5026314,-2.901504
0.35350853,-0.70923704,0.24680215,-0.12802833,-0.37384468,-0.44705302,-0.71760494
-0.55617017,-0.7306202,0.18259554,-0.38901064,-0.6570973,-1.0780523,-1.1053874
-3.091226,-3.1750727,-4.4286733,-4.1037464,-4.756349,-3.775598,-6.264487
-11.662304,-12.367198,-14.039259,-15.654781,-14.147568,-14.377064,-19.866713
1.4570462,0.60965455,0.43072474,0.20121013,0.10034954,-0.1590041,0.56498516
-14.339429,-16.214314,-17.684208,-19.475069,-18.495188,-19.366179,-26.434263
-4.09178,-5.555635,-5.8770366,-6.80777,-6.039653,-6.240844,-8.314322
-5.4631534,-6.929547,-6.5627923,-6.563319,-6.3177395,-6.85307,-9.303364
22.435593,24.333158,28.280802,29.708975,27.229485,27.330687,37.25253
-8.019543,-9.029964,-10.242379,-10.985736,-10.561739,-10.1398945,-14.000291
0.6185379,0.39628848,1.9258364,1.8767298,1.6477195,2.1778362,2.4359567
0.55306745,0.9848981,0.3292522,0.36640784,-0.17839935,0.9518676,2.0339122
-12.81137,-13.837799,-15.503446,-17.141027,-16.227411,-15.960427,-21.037273
-5.798395,-6.521189,-6.901518,-7.314733,-7.3625546,-6.932569,-10.277134
-16.319122,-18.003794,-20.269775,-22.1065,-21.504501,-21.36322,-28.765215
-20.258581,-22.711933,-25.926018,-28.199373,-26.529285,-27.746021,-36.24861
4.478871,3.713471,4.5955954,5.081576,5.3992047,4.987653,6.916226
-0.7862136,-1.3775988,-1.623111,-1.9058092,-1.7546713,-1.1131759,-2.313542
-4.7802577,-4.737013,-7.1120863,-7.4285226,-6.75085,-6.654042,-8.9814825
-1.7937425,-1.7981976,-1.868204,-2.8931177,-2.269125,-2.2258222,-2.8241467
-0.16711178,-0.40426865,-0.72250664,-1.2579857,-0.709761,-1.9692835,-1.6678184
4.998397,5.103386,5.4194117,5.6741524,5.3808684,5.1391807,7.5137954
-4.791834,-5.6028743,-5.9227967,-6.841035,-6.651299,-7.0762415,-8.57999
-13.044413,-15.073492,-17.658232,-19.627703,-17.240398,-17.35149,-24.474833
-12.36184,-13.967592,-15.84496,-18.045858,-16.77143,-16.495844,-21.797003
-2.6860235,-3.2032669,-2.0980036,-2.7613323,-2.5191522,-2.621609,-4.12588
9.718046,11.063841,12.478208,14.628053,12.349555,13.762679,17.443682
-5.425826,-5.4218855,-6.425226,-6.9072237,-6.4270544,-6.8986187,-7.999688
8.879327,9.689593,10.832422,11.839841,11.746797,11.09897,14.332408
-9.885693,-11.717688,-12.696422,-13.7601,-13.102324,-13.008324,-17.101969
19.30724,20.405119,24.280684,26.744038,24.66657,24.972935,33.870895
17.461597,19.331379,22.31318,24.619104,23.318695,22.945044,29.974623
-4.03358,-3.664287,-4.575162,-4.88303,-4.2304306,-4.6611986,-6.0067854
7.2708607,7.6231894,9.693789,9.935961,8.617496,8.878272,11.261634
-16.98789,-18.820826,-20.675848,-22.670736,-20.547052,-21.533346,-29.865
3.7837012,4.3051023,5.4134374,6.465619,5.929942,6.0178475,8.391207
23.466639,25.495207,28.945166,30.514559,29.304583,29.43445,39.88899
-29.466028,-32.1664,-37.127857,-39.876427,-37.32439,-37.76871,-49.672337
10.3854,11.483947,13.107757,14.302364,13.547274,14.310103,17.044954
21.385168,23.396696,27.266928,28.862339,27.697472,28.432692,38.381676
-5.54848,-6.2071466,-6.4433475,-6.811854,-6.727673,-7.7092957,-9.6428
2.3086658,2.8061242,3.1221213,3.6058943,3.6906934,4.004593,4.1687098
9.174337,9.606996,11.502846,12.345778,11.925346,12.193094,16.627329
8.037531,8.37233,9.578616,10.440422,9.820599,9.945448,12.897996
-3.6930776,-4.674413,-3.9878192,-4.6244936,-3.9688826,-4.7913327,-6.3523993
1.4871879,1.33917,2.411745,3.1831985,2.3634443,2.4976602,3.5906134
13.812465,15.462297,17.342655,18.430704,17.40985,17.684866,24.213087
-3.6359968,-3.5855486,-4.3949876,-4.7389283,-4.426246,-4.933228,-5.3782234
-15.196423,-16.547377,-18.705843,-19.6451,-19.836441,-20.123596,-26.121906
-13.173659,-14.30648,-16.837132,-18.283958,-16.95296,-17.248844,-23.784088
0.26276204,0.6439895,0.7327184,0.90711385,0.8246339,-0.2540628,-0.563914
-11.363049,-12.551126,-14.421061,-15.784595,-15.009646,-14.605889,-18.959806
-13.964206,-15.239099,-17.92143,-19.583374,-18.110159,-19.256563,-25.245527
-2.5695746,-2.8171356,-4.8032327,-4.2487106,-4.1194744,-3.6156323,-5.4259396
7.86064,8.751378,10.228173,10.740337,10.465243,10.463324,14.991577
7.6011467,8.089588,10.022029,11.562161,10.055903,10.536455,14.274309
-22.503168,-25.17728,-28.12377,-30.69312,-29.033669,-29.422518,-39.934444
-16.81614,-18.77005,-21.451212,-23.161987,-21.974167,-23.150684,-30.296513
6.5093737,6.8756595,8.751817,8.984116,7.8676543,7.7821736,10.651934
9.468289,11.374833,12.6747265,14.236847,13.395797,13.621307,18.051529
0.34209028,0.23589101,1.3224608,-0.2767032,-0.10712085,0.40567222,0.13594499
10.057034,10.903537,12.47922,14.093025,13.472808,13.191317,18.19353
9.398393,10.75772,10.729239,12.066412,12.511214,12.2450905,15.035057
-14.541302,-16.379456,-18.140198,-19.80688,-18.493347,-18.91089,-24.706783
15.144114,17.52968,19.79616,21.170992,20.23432,20.317152,27.131027
-7.375646,-8.311325,-10.100692,-10.820607,-10.085271,-9.993234,-14.089004
8.427927,9.700624,10.754392,11.782039,10.693681,10.825591,15.352208
-16.151876,-18.573202,-21.356745,-21.709538,-20.65996,-21.28071,-28.417625
9.098972,10.290628,10.789515,13.092024,12.010112,12.25709,15.901691
-12.905559,-14.702097,-16.797678,-17.212502,-17.338608,-17.335035,-22.889301
15.7220125,16.93562,18.813986,19.57927,19.248676,19.609253,26.082342
-13.816049,-15.484841,-17.129002,-19.379726,-18.478508,-18.709145,-25.040297
14.426235,16.371195,18.21056,19.622766,18.433228,18.61919,25.646269
-7.6115355,-8.415073,-9.455151,-9.671863,-9.457867,-9.2581415,-12.381465
1.5821049,1.9114065,1.909594,2.7964954,1.9660108,2.3229268,3.4265785
-0.2748175,-0.4640365,-0.15047888,-1.1297426,-1.5519266,-1.4501429,-1.7802124
19.484652,21.020159,24.313057,26.031422,24.217464,24.703743,33.651596
18.014753,19.664982,23.307194,23.929857,22.566416,23.408937,32.172626
-3.122591,-2.9116318,-3.2288446,-4.1618342,-3.36255,-3.5141122,-6.514434
-0.9900737,-1.5789633,-1.7705009,-0.9647548,-0.99534535,-1.6794865,-1.8153803
-14.000828,-15.886329,-17.823315,-19.194664,-19.06961,-19.226957,-25.156351
-2.7943714,-3.2284715,-4.646104,-5.3708873,-4.7316966,-5.0983844,-6.3662267
-12.641968,-14.003304,-16.509119,-17.409842,-16.644783,-16.773634,-22.294271
15.189377,16.150772,19.416115,21.616547,19.606815,20.34465,26.117857
14.465281,15.326815,17.370054,19.333412,17.982979,18.046309,24.319551
6.8148246,7.178588,7.8762074,9.13375,8.561786,8.228114,11.528316
4.9300966,6.025373,6.3306932,7.053056,7.019618,6.880209,8.922475
0.4069603,0.44647866,0.39707643,0.19550686,0.46691114,0.49810153,-0.2662093
-4.1066136,-4.7677927,-5.507014,-6.290307,-6.005294,-6.7531567,-8.310797
-10.889461,-11.973041,-13.696273,-14.181565,-14.699979,-14.826571,-20.258183
-11.407242,-12.293059,-14.406545,-14.485942,-13.806469,-14.563881,-19.28418
-0.006547033,0.80735654,0.45474774,1.1520098,-0.022051632,0.14412895,1.2962143
0.3380072,1.0086775,1.401865,1.3458363,1.707727,0.94164866,1.9522681
2.6758127,3.2700953,4.376031,4.537878,4.6012783,4.8334646,6.6442084
14.108324,15.872144,18.221836,19.945086,18.626404,19.36856,24.766998
0.6148836,0.772783,0.875364,0.7011067,1.1735103,1.2399595,1.2832258
22.75662,25.351978,29.69522,31.712225,29.18463,29.866451,41.01574
-8.153395,-9.114056,-10.502095,-11.36065,-11.7003765,-11.324446,-15.571346
-11.390823,-12.567532,-13.837502,-15.456844,-14.4888,-14.361578,-20.001495
-3.2872653,-3.0305877,-4.1133175,-4.3980856,-4.1857963,-4.0596013,-4.6035304
-1.7773017,-1.0784224,-1.0879315,-1.1898469,-0.88539773,-1.2758664,-0.8953245
8.341879,9.151068,9.679752,10.12655,10.511987,10.97486,14.710001
8.248453,9.735265,10.44141,10.787686,10.240406,10.251755,13.137237
-11.305009,-12.846055,-14.883816,-16.082476,-15.424219,-15.484805,-20.769842
-0.55321807,-1.0479401,-1.2784191,-1.4248859,-1.1389232,-1.7936833,-1.949511
-1.3179908,-2.2909853,-2.330131,-2.923777,-2.5006306,-2.8069062,-3.1201882
3.7098162,4.438578,5.1544814,6.0369606,5.1503067,5.9271955,6.8765273
5.145884,5.1696286,6.1449842,6.742204,6.487083,6.973263,8.362041
-20.215414,-22.251465,-25.273918,-28.08423,-27.399021,-27.26843,-37.343887
15.453824,17.32863,19.91801,21.57358,19.170252,19.565634,26.856153
0.9141958,0.774439,0.9418578,1.1466775,1.4154376,1.1501757,1.5698179
14.633478,15.325529,17.874321,18.949131,18.53034,19.007103,25.406944
13.471471,14.603113,16.586048,17.45597,17.077127,17.062283,21.664936
-7.9316845,-8.280312,-10.172321,-11.322635,-9.53404,-10.2845745,-13.345891
-16.635157,-17.815342,-20.332882,-20.675055,-19.95001,-19.612858,-27.053204
-6.432341,-6.8549585,-8.036137,-7.965854,-7.1377745,-7.395108,-10.243464
-2.5516555,-2.4670174,-3.6389947,-3.759678,-3.351794,-3.0120094,-4.583923
-9.372417,-10.273927,-11.66452,-12.752686,-12.717537,-12.741804,-17.821526
-3.5077608,-3.9880307,-4.717414,-4.907262,-4.7835464,-4.9837694,-6.652496
7.0516186,7.2398214,8.663331,9.501824,8.72505,8.817926,11.328673
-4.2491503,-4.3535604,-5.107729,-4.948376,-5.1581345,-5.2344193,-6.2409763
-5.830248,-6.2828293,-7.567612,-7.4148173,-7.5804453,-8.323422,-9.723833
23.349104,25.860624,28.65026,30.48774,29.376417,29.719763,39.83961
9.817666,10.366119,12.156981,12.117698,12.528937,12.963723,16.865404
-17.299147,-19.19171,-22.212238,-23.84681,-22.383299,-22.540958,-29.517654
11.507457,12.86244,15.197938,16.6065,15.826962,15.6252,20.869303
2.8655627,2.8933487,2.7736728,3.0344372,2.5589314,2.5885022,3.401551
5.0342054,5.014698,5.4637017,6.787189,6.3451385,7.6760464,10.204346
-1.3064862,-1.7127892,-2.0459116,-1.4996363,-1.674421,-1.9674278,-2.8626344
-7.3832445,-8.093444,-10.727644,-11.605464,-10.594284,-10.864247,-14.33109
2.4900706,3.0891614,3.186013,2.967384,2.40888,3.0376728,3.7222588
2.5077546,2.542949,3.1882653,3.2176788,1.6898702,2.3668811,4.478054
12.149183,13.344744,14.996454,16.709354,15.133007,15.306826,21.08704
9.073174,9.589548,11.527833,12.012769,11.705229,12.152784,14.401352
1.0376543,0.33711082,0.3112691,0.14780124,0.32557088,0.11745198,-0.28268784
6.7962613,7.621358,8.735756,10.15803,9.7394,9.549087,13.784224
6.79262,7.8511395,8.262741,7.895036,7.2173705,8.185791,11.22946
3.603992,4.1641197,4.79176,4.868877,4.3776064,3.7417336,5.0836654
-2.2059164,-2.2863786,-2.770035,-2.2341902,-1.8154018,-1.7641532,-3.9999678
-3.3203754,-3.0956202,-3.9499376,-4.8411627,-4.5426764,-4.1784844,-5.0421453
9.732373,10.808603,12.174554,12.451595,11.948268,11.827074,15.598453
-16.870996,-17.914753,-20.513018,-22.280619,-21.274036,-21.948215,-29.796312
-11.686409,-12.255807,-14.307717,-15.304948,-14.147882,-14.168229,-19.03303
0.87026054,1.0073576,1.4383805,1.1870465,1.2055519,1.3163533,1.6050289
6.5414057,6.7813187,8.064918,8.147548,7.698782,8.908675,11.266326
-17.185055,-19.607977,-23.079653,-24.557064,-23.051813,-23.3112,-30.542559
-2.1938348,-2.3900204,-3.1361275,-3.307697,-2.9743936,-3.184539,-4.4912996
-17.424618,-18.84932,-21.93101,-21.982025,-21.933752,-22.434164,-29.346191
2.082117,2.1035419,1.9890078,3.3120155,2.7902217,2.9196064,2.8590922
13.613089,13.950623,16.550682,17.521355,15.672989,16.378666,21.19173
-5.1988816,-5.6574216,-6.0474377,-7.0596514,-6.9167976,-7.239604,-9.07902
-2.5503247,-3.2002978,-2.938021,-3.7213902,-3.9676473,-4.4873104,-5.0182285
10.909698,11.396371,13.505918,14.167003,13.471358,13.568807,17.771708
8.930714,9.961285,12.280861,12.633831,11.656668,11.313126,15.398182
1.7288549,1.8810589,1.4695172,1.8235624,3.1429389,2.3403623,3.412531
-10.950364,-11.741151,-14.302549,-15.187817,-13.637509,-13.907,-18.851734
0.4913236,0.7843803,-0.21829188,-0.9697057,-0.8812505,-0.32409203,-0.30973494
16.289581,17.70258,20.962427,22.44298,20.860712,20.730267,27.71561
-0.2861722,-0.42850226,-0.20037502,-0.84926075,-0.5479869,-1.1782631,-0.47539562
12.422214,13.287244,16.274403,17.053883,16.401796,16.260601,21.771282
-15.9969,-16.557236,-19.2992,-20.734694,-19.732235,-20.537325,-26.28129
7.210965,8.341645,10.565012,10.257965,9.825274,9.312226,12.852335
-2.0015888,-2.5844228,-2.2844965,-2.7342155,-3.059622,-3.3079689,-4.119544
-9.182325,-10.444242,-12.806556,-12.451148,-12.536893,-12.731284,-16.125938
-2.5368931,-3.227618,-3.3056006,-4.1121106,-3.3824518,-4.45237,-5.207994
-3.8412,-3.811639,-5.0386753,-5.3125887,-4.984857,-5.148117,-7.00526
2.1560268,1.5509464,1.462063,1.6846262,1.5343508,2.1694815,2.9983737
-4.3462834,-4.9065804,-5.317414,-6.1166368,-5.861961,-5.874331,-7.9655275
16.211493,17.86549,19.96628,20.802689,19.668745,19.84703,27.643244
12.714616,13.4197445,14.953946,16.263302,15.566414,16.02215,20.741089
-10.287151,-11.044956,-12.875166,-13.863573,-13.159924,-13.105064,-18.11453
2.319325,1.7736164,3.0186613,2.6422248,2.3773108,2.5945897,2.2855372
-13.063138,-15.0349245,-16.816994,-18.165968,-17.349363,-17.465338,-23.847471
-2.5621142,-2.157058,-3.3063383,-2.6340466,-3.4379346,-3.8309345,-4.017127
-17.534176,-19.060682,-21.05262,-23.142765,-21.166958,-21.40807,-29.337852
11.130415,12.331928,14.225559,15.474737,14.287127,14.6124935,20.596004
20.478333,22.20906,25.927517,27.720476,25.91725,25.489092,35.00131
-22.503847,-24.163353,-27.438583,-29.367466,-27.259747,-27.48024,-38.114212
-32.083908,-35.078945,-39.99019,-43.97286,-41.43688,-42.42059,-55.375854
-7.9889836,-8.85899,-10.69317,-9.840738,-10.537349,-9.82741,-14.8954115
-14.7552595,-16.201315,-18.688856,-20.656322,-19.682417,-19.642586,-26.942785
-14.862309,-16.232649,-18.589842,-20.161776,-19.060266,-20.08652,-26.97626
-3.3665957,-3.57767,-3.9599628,-5.187751,-4.1397986,-5.708592,-6.864107
2.8769531,2.2101073,1.4790788,2.3862352,2.891561,1.5696464,1.8704228
5.602579,6.1030517,5.727565,6.599391,6.9892397,7.200382,10.032473
0.7883692,0.9433799,2.2530308,2.6960075,2.48515,2.4755628,3.5091107
11.912389,12.522778,13.802694,15.8625145,14.337866,14.179504,19.408348
9.274013,11.023866,12.281184,14.145461,13.63025,13.413697,19.034971
-0.6659757,-0.4023112,-0.55885375,-1.5161415,-1.3823534,-1.6069144,-0.80114114
-11.162257,-12.703026,-14.209658,-15.105743,-14.017026,-14.675471,-19.14112
13.589472,14.682367,16.94253,17.794796,16.691818,16.470194,21.828135
-8.515448,-9.035844,-10.030039,-11.347857,-10.3955555,-11.155322,-15.234783
1.2517394,1.2675202,1.6146089,1.7654,1.4590888,1.5723513,0.24212532
3.1784046,3.4667552,4.2829137,4.940582,4.345804,3.6659715,4.8665376
-6.506129,-7.9941745,-9.268219,-9.363565,-8.373951,-9.243042,-11.705303
-2.0774405,-2.2974136,-1.8810282,-3.5493398,-2.3943584,-2.7694674,-4.0474396
-2.5536392,-2.5133665,-4.0692906,-3.74531,-3.2544315,-3.6160119,-4.5125117
9.424052,10.118184,11.197793,11.686521,11.631642,12.0323305,16.001423
-7.9772334,-8.469786,-9.201783,-9.243657,-9.742749,-8.941865,-13.47623
1.3195027,0.93408006,1.7212385,1.462088,1.74759,0.52263683,1.4429544
28.663164,30.919424,36.337368,38.512554,36.55246,37.63688,50.391598
-3.8153994,-3.8759675,-4.3587184,-4.7474384,-4.3791466,-5.1361637,-6.766972
-2.010128,-2.3917403,-2.755031,-2.9066763,-3.006754,-2.7757063,-2.212554
11.086071,12.633844,13.860233,14.3599205,13.921174,14.944143,18.125544
17.189713,18.896896,21.846659,24.392015,23.218788,23.95345,30.46889
-4.3866086,-4.8050675,-5.370027,-5.418285,-5.8968053,-5.7705116,-7.8664794
-10.96021,-11.728862,-14.2026825,-14.730322,-14.18754,-13.956406,-18.569838
4.7049813,4.9617486,5.3552203,6.928729,6.4079404,6.542969,8.162611
0.58512,0.4791503,0.8661026,1.1058178,0.8003996,0.12919176,-0.13773108
-14.037664,-15.811769,-16.75926,-18.549864,-16.749975,-16.531908,-23.42459
21.905743,23.732668,27.14102,28.99856,27.132612,27.381622,36.344753
-31.555767,-34.550484,-39.96743,-42.65236,-40.7331,-40.74244,-54.118546
-11.707085,-12.766141,-14.031771,-15.378746,-14.928922,-15.181551,-20.285328
-8.084672,-9.013838,-10.4250765,-11.67121,-10.724771,-11.8109045,-14.986588
-11.755467,-13.315159,-14.892992,-16.401539,-15.075283,-14.576948,-19.931274
-2.7564368,-3.3083687,-3.6428876,-3.8025327,-3.1439028,-3.0050178,-4.2971463
0.9422208,0.85423046,1.3151262,1.4152809,1.8760101,1.3117455,1.6639849
-4.492807,-5.6271367,-5.3658485,-5.734879,-5.3819957,-4.7039285,-7.60481
22.95113,25.547617,28.479786,30.742832,29.346815,28.965313,40.14904
-1.9799182,-2.7103198,-2.8113463,-2.8167937,-2.8480399,-2.5581129,-3.748957
0.56179845,0.9163009,0.46624362,1.0225152,0.99851406,0.5358461,1.9668638
-16.080185,-17.897701,-20.129217,-21.245844,-19.717278,-19.904692,-26.316462
30.295578,33.003586,37.605347,41.160583,38.999218,39.11277,51.782364
3.934892,5.1261997,6.314266,7.8139224,6.126829,6.320532,8.167325
14.010331,15.260694,16.894314,18.191128,17.781208,17.440674,22.902237
1.2234364,0.97776175,0.98768973,1.4005234,1.8718855,2.6512878,2.2024953
6.734113,7.0868974,7.5948424,8.239279,8.357612,8.203747,11.589732
5.155549,5.9041634,6.178591,7.1195164,6.4434752,6.403732,8.974465
-17.00223,-18.75086,-21.315414,-22.244825,-21.127148,-21.134092,-28.918236
-7.216531,-8.305333,-9.629416,-10.586315,-9.927018,-10.114332,-14.205065
-7.118,-7.8080254,-9.541903,-9.55104,-9.179391,-8.390327,-11.809882
-2.318734,-3.2735534,-2.8360903,-3.1006582,-3.45694,-3.5949664,-4.470266
2.0934312,2.736109,2.3637576,3.8000948,3.1277733,3.0358088,5.2459564
7.794674,8.109315,10.264504,10.178559,10.884145,11.25175,14.12606
11.264033,12.305515,14.2095585,14.383827,13.170959,13.320834,18.606218
-12.227488,-13.014163,-15.035983,-15.388747,-14.860934,-14.628317,-18.056173
-12.254376,-13.236917,-15.815092,-16.231058,-15.558814,-15.098789,-20.578718
27.819012,30.803904,34.728855,36.797016,35.51413,36.518284,47.060223
-3.8025362,-4.846317,-5.758252,-5.933177,-5.6859922,-6.3407393,-7.6628237
14.690267,16.418694,18.627384,20.70079,19.160795,19.72469,26.120388
11.501299,13.161823,14.839617,16.401258,16.270702,15.835438,21.581833
2.6844506,2.8573532,3.5244493,3.2985463,3.3931835,3.8083982,4.9430976
-1.6854689,-1.7254379,-1.3230875,-2.1140587,-1.59466,-1.8166068,-3.1593535
-13.587562,-14.498131,-16.407839,-18.488728,-17.807802,-17.798605,-24.211737
10.582781,11.543645,14.199659,14.608084,14.249256,14.5672455,17.393799
-8.133691,-8.581116,-9.924488,-10.923862,-9.965368,-10.489777,-14.299084
0.23301156,-0.6341159,-0.83748597,-1.1642151,-1.0554359,-1.437741,-0.40656477
11.212115,12.177134,13.655152,15.044118,14.50353,14.729791,18.585857
20.220493,22.317228,25.738663,27.695295,26.228045,26.757154,35.495907
2.9702191,3.2130659,4.106772,4.2245884,3.2661283,3.4679573,5.524179
0.08164173,-0.2275508,0.14336509,-0.33447367,-0.6494333,-0.9649225,-0.79329056
-6.2977996,-6.8016787,-8.769508,-8.367333,-7.644856,-8.245498,-10.517164
6.0446167,6.667251,7.736158,8.460751,8.081318,8.28739,11.081865
3.8837202,3.6954062,4.7926006,3.999016,3.976226,3.5704472,5.491559
-10.554938,-11.336272,-12.994014,-15.337902,-13.455789,-14.415265,-18.194162
1.8644899,1.3022858,1.7918519,1.9473141,1.8662685,1.5683869,2.0236552
-21.297844,-23.184256,-26.950527,-28.606031,-27.533659,-27.684763,-36.52152
6.00559,6.0802665,6.3644137,7.291946,7.0068974,6.668204,9.420311
10.049716,10.977731,13.741086,14.75254,13.893129,13.083483,18.231613
18.905128,21.356127,23.541903,25.453651,23.908937,24.890928,33.323463
14.315062,15.759747,17.659475,19.329145,18.899359,19.11142,26.046692
22.402279,24.66659,28.413383,30.550962,29.447561,28.678284,38.700405
-7.5982947,-8.82181,-10.325055,-11.118997,-10.122642,-9.743666,-13.362237
14.04575,15.662476,18.076176,19.288427,18.59689,18.80139,24.072252
0.08989792,0.43946224,-0.058834735,0.7334345,0.55680066,0.029872948,-0.77815527
-7.0453696,-8.105853,-8.741568,-9.411048,-8.594164,-8.722883,-11.541942
1.5651008,1.8571748,1.6619593,2.3163128,1.672125,1.632538,2.5137386
-6.681594,-7.578307,-8.901782,-9.430905,-7.9726415,-7.8419137,-9.880913
15.108579,16.198622,19.488762,20.564638,19.153097,19.643473,26.641613
28.653627,31.14136,35.545155,38.095802,35.653107,36.63714,48.74296
-7.6186056,-7.477027,-7.9188232,-9.144063,-8.963921,-8.86696,-12.713569
9.962417,10.581511,11.346305,12.036175,11.536625,11.156241,16.380198
18.743063,21.094973,24.198248,25.560163,24.697723,25.097378,33.19792
8.689514,9.8706665,10.644502,10.945193,10.900209,11.187155,14.61309
-0.018901626,0.13804026,-0.1753109,-0.30681208,-0.78278524,-0.9409402,-2.1128738
-13.566978,-14.029781,-15.574374,-17.374744,-16.67103,-17.67368,-24.19344
-2.6094508,-3.1086435,-2.9725163,-2.7540627,-2.9852445,-2.8482242,-3.64498
1.7745867,2.5365672,2.861732,3.7882776,3.783278,3.6519542,3.6449413
-8.674457,-9.83859,-10.868507,-12.098143,-10.94914,-11.539384,-15.524275
7.9816337,8.5912895,9.623841,9.39252,9.357457,9.17213,11.810264
2.1183848,1.9458121,3.1217425,3.1097584,3.2849483,2.9816368,2.9112058
3.931632,3.8464408,4.490587,5.050529,4.67239,4.786961,6.4508753
4.927026,5.115403,5.6536994,5.958572,6.190617,6.281857,7.180282
26.517025,28.88298,32.827126,35.6292,33.460857,33.917194,45.62999
-5.223677,-6.116111,-5.6240187,-6.393223,-5.878763,-5.32617,-7.5984507
-2.2481923,-2.7462797,-2.818808,-2.856527,-2.745965,-2.6231608,-3.7601798
2.3569143,2.9037986,3.468534,2.951399,3.7137434,2.497165,4.178659
6.84428,6.8473673,8.72937,8.571264,8.313819,7.614569,10.921914
-9.26669,-10.267277,-11.365227,-12.951693,-11.868257,-11.925746,-16.795887
0.25008446,0.73778445,0.96862465,-0.5942177,-0.4629125,-0.880711,-1.054596
-25.00175,-27.37395,-31.044119,-32.29938,-30.859211,-31.214743,-42.15281
-2.337269,-2.407856,-2.6593804,-3.1662905,-2.9200833,-2.7177298,-3.8339887
-0.16051914,0.20327996,1.2636065,-0.1865926,-0.03590156,-0.17144157,-0.07517864
-11.531442,-12.8234215,-14.699519,-15.669681,-15.877383,-15.982743,-20.589691
-16.840082,-18.436853,-20.716162,-22.709097,-21.097397,-22.173134,-29.767246
6.1213737,6.0368676,6.7997494,7.4424405,6.9794626,6.7871194,9.609734
-16.908173,-18.231066,-20.798721,-21.74706,-20.610844,-20.994886,-28.403229
-17.161068,-18.827911,-21.751945,-23.960224,-23.254505,-23.679379,-30.947231
-2.1513455,-2.416765,-2.3149686,-2.1912203,-2.5793874,-2.4036942,-3.6684191
-0.51093674,0.055894848,-0.004508499,-0.69294786,-0.10509539,-0.026961807,0.2591443
4.691978,5.4616847,6.4641857,6.6653767,5.605299,5.692485,8.014463
4.0578036,3.8392313,5.074734,5.8565755,5.8682184,5.5735793,7.258348
12.986284,14.001324,14.800599,15.773623,15.045108,14.945971,20.137177
-1.515505,-2.6749089,-3.4403002,-3.3627765,-2.7838998,-2.7497213,-4.1212053
-9.81266,-9.967597,-12.290577,-11.908149,-11.588569,-12.295442,-16.661657
-0.4162097,-0.80386806,-1.0563815,-0.72797394,-0.4969108,-0.57319045,-0.44379497
-5.1053653,-5.959826,-7.3264947,-7.865751,-7.232886,-6.6936946,-10.171834
-7.1266174,-7.9305105,-9.350059,-10.033464,-9.350842,-9.7358885,-13.365561
3.2099352,3.1250362,2.9487095,3.6403873,4.279676,3.2974665,5.173037
-15.843387,-16.89534,-19.360321,-21.056875,-19.994074,-19.935625,-26.557562
1.8856837,1.8138026,2.127705,2.355821,2.7438467,3.1009574,3.5398822
8.654344,9.923534,10.557179,12.238763,11.533858,11.545207,15.070292
5.7951674,6.710172,6.829596,7.5070844,7.6124673,7.4655843,10.034415
-7.4167657,-7.9050884,-9.2277155,-10.057983,-10.189611,-9.949838,-12.475288
-17.264946,-19.164083,-22.206009,-24.606594,-22.999245,-23.454504,-30.29661
-2.2424917,-1.962357,-3.1437626,-2.2576504,-2.712038,-2.3799405,-2.7551112
1.316257,1.1383317,1.1452222,1.1352029,1.2571383,1.1841986,1.1661077
13.83283,14.559307,16.483566,17.363588,16.823202,15.85021,22.714937
-0.895155,-0.6786414,-0.019734703,-1.2120374,-1.0236257,-1.6936315,-1.4964882
-7.1599135,-8.219526,-9.613146,-9.641992,-10.056695,-10.076072,-13.063453
24.606188,26.958134,31.269066,33.091774,31.35538,31.420233,43.49017
17.554604,19.906736,23.416891,24.861149,23.280222,23.792383,31.984352
3.06911,2.609738,3.7671025,3.3731577,2.9534597,2.6099567,4.491712
10.276794,10.908134,12.117839,13.675186,12.968868,12.7229,16.797062
-12.396959,-13.983227,-15.788026,-17.468573,-16.555573,-16.407816,-21.079536
11.149581,12.328338,14.382428,15.7900915,14.013795,14.760745,18.505928
-29.327543,-32.642437,-38.093536,-41.553986,-38.080326,-38.05174,-51.208076
14.774729,15.696074,18.682436,20.186365,18.901056,19.31801,25.142588
3.9430628,3.9932168,4.806708,4.855581,4.2654343,4.5643888,5.8035464
0.035116512,-0.964719,-1.1700832,-2.0163414,-1.4679681,-1.6511923,-0.8574349
6.243456,6.629715,7.337201,8.430929,7.664299,7.7812614,10.7891445
6.6912594,6.6850305,8.005469,8.638041,7.4537454,7.8663263,10.05361
-10.996446,-12.8224325,-14.0744915,-15.492869,-15.215861,-15.275155,-20.47702
-13.724924,-13.928131,-17.310324,-18.44382,-16.927107,-16.727211,-23.482399
5.6734934,6.8189507,7.2493467,7.8729343,7.7292495,7.7714195,10.766238
-26.160473,-28.408182,-32.571095,-35.228916,-33.20032,-33.599422,-43.76349
12.942766,13.447075,16.606358,16.759869,15.61899,15.390313,20.732798
-4.223941,-4.496271,-5.4439487,-4.6971946,-4.885206,-4.417123,-5.7429314
-17.725664,-19.552198,-21.34527,-23.667284,-22.950308,-22.741827,-30.032772
-8.489821,-10.274894,-11.725647,-12.784934,-11.880302,-12.386852,-16.558727
16.32737,17.90197,21.087275,22.615953,21.561699,21.347279,27.79451
13.096299,14.539841,17.019114,18.131859,16.804024,17.081223,24.019392
10.4197445,11.195728,12.582546,13.294195,13.189192,13.24567,17.096554
14.91502,16.314093,18.395615,20.011171,18.61536,19.308899,25.292387
-14.355134,-15.6032095,-18.109322,-19.50219,-18.01339,-18.17904,-24.507835
14.7617445,16.426527,17.965296,19.590765,18.854145,17.23414,24.235174
-15.100292,-16.030775,-18.852343,-20.247513,-18.681282,-17.975922,-25.382849
-1.5238594,-1.5669202,-1.7536486,-2.6144636,-1.8284615,-2.4564683,-4.3348665
-12.431312,-13.235068,-15.095073,-15.87334,-14.2995,-14.576309,-19.871544
11.9788475,12.528858,15.045235,16.797754,15.840004,16.264812,22.291958
-6.3407364,-6.6471596,-7.6619034,-9.540361,-8.454899,-9.043627,-11.281266
-25.51843,-27.567238,-31.846756,-33.90893,-32.209427,-33.66096,-43.978733
-5.652764,-6.3646584,-6.805409,-7.2550516,-8.300469,-8.197037,-10.568788
-5.7294188,-5.8125877,-6.220237,-6.719809,-6.90006,-7.3160434,-10.829533
-18.444424,-20.287876,-23.26577,-26.026619,-24.037827,-23.769955,-32.047478
2.9959977,3.1031265,3.1385639,3.1319153,2.8481333,3.3985107,5.5550284
14.370391,16.661644,19.22688,20.039663,18.95635,18.923084,26.124352
-18.619827,-20.367212,-24.033716,-24.561422,-24.460962,-23.53112,-32.41377
8.093776,9.022454,9.784189,10.157445,10.245002,10.564965,14.856582
17.28614,19.584139,21.805378,23.575504,22.751802,22.98745,30.73913
16.405186,18.798618,21.054138,22.655357,21.30767,21.302715,29.602856
8.995641,10.684779,12.381036,12.749096,11.966536,12.351768,16.137035
-3.3483949,-4.2125406,-4.5800023,-5.3839145,-3.756948,-3.6911058,-5.503935
-4.9936457,-5.5361757,-6.764514,-7.6013684,-7.1059804,-6.8037014,-10.108153
9.90296,10.757228,12.24975,12.833526,12.350022,12.506358,16.46172
-14.77577,-15.664424,-18.64925,-19.496645,-17.896666,-18.413265,-23.981445
21.704733,23.174273,27.021442,29.377565,28.038797,27.798258,36.378952
6.504856,7.472293,7.5734715,7.9356713,8.420498,9.129284,10.96943
0.2945444,0.67452735,0.17173095,0.008315756,0.32957476,0.2256896,-1.1285655
25.395184,27.258497,30.94716,33.030956,31.992176,32.379818,43.463287
7.750047,8.581777,9.011378,9.9556465,9.067767,9.579,13.811706
-9.431903,-10.405867,-11.725819,-12.467088,-11.245722,-11.804191,-15.36225
6.7890644,7.43081,9.732898,10.359575,9.419263,9.533252,13.643331
6.4102077,7.046885,7.9974513,8.82397,8.526565,9.318292,12.394524
-0.050102126,-0.65776575,-0.94987905,-0.6915215,0.01940595,-0.42378914,-1.3429312
-16.89845,-18.690228,-21.306736,-23.369143,-21.170984,-21.355297,-29.972599
2.5556817,2.534843,2.488885,2.3058572,2.6969306,1.7886792,2.5374618
8.857232,9.841,11.894528,12.585874,11.773089,12.513148,14.762727
-25.024952,-27.05974,-30.697184,-33.868084,-32.272278,-32.518433,-42.488026
-9.846828,-11.504556,-12.841783,-14.4809065,-13.647073,-14.589385,-18.348017
20.6662,22.684515,25.398947,27.723204,25.893852,26.217726,35.168858
21.672213,23.49767,26.869587,28.69102,27.126974,26.938469,36.922695
20.27582,21.66611,24.479492,26.05553,25.399069,25.393265,33.33405
21.018827,23.157824,26.59567,27.609335,27.349928,27.339966,36.209126
1.8821167,2.366591,2.2298496,3.2039356,2.7978103,3.1661782,3.3435502
20.650879,22.933676,25.56684,28.294325,26.310566,26.969774,34.97203
-8.454902,-9.566717,-10.647056,-12.94795,-11.559098,-11.6983795,-14.905376
26.801092,29.138563,32.999393,36.11005,33.932896,33.60962,45.57326
13.972474,15.156488,17.079779,18.38452,17.119473,17.230965,23.283699
9.966592,10.598197,12.0562525,13.602109,12.250919,12.779413,16.70947
17.695822,18.755707,22.005033,24.40068,22.199268,22.66696,30.36437
8.89247,9.854781,11.255476,12.453432,11.552212,11.545103,17.038424
-10.033788,-11.298103,-12.86175,-13.437903,-12.650309,-12.814361,-17.734356
-12.139347,-13.711131,-15.410869,-15.754231,-15.891078,-15.681617,-21.22944
-2.4008985,-2.7839255,-3.735365,-4.3072476,-3.976047,-4.201109,-6.1508217
-3.4729543,-4.7308164,-4.498309,-6.189656,-5.0602517,-5.300567,-7.4918284
3.0134757,3.1320224,4.224422,3.6605332,3.6823847,3.3218248,4.449752
-3.6345243,-4.262741,-4.6508007,-5.0942116,-5.2424774,-4.26336,-6.4547887
9.544021,10.006006,10.515079,12.187199,11.217554,11.316814,15.046448
0.667094,0.87022436,1.4985204,1.5971421,1.047139,1.0795952,2.0359643
-10.805149,-10.821102,-13.430536,-13.818293,-12.550058,-13.11535,-17.839836
1.0649042,0.9402206,0.461236,1.0928583,0.92045903,1.8035979,1.5230606
-7.256642,-7.8576317,-8.95484,-8.69108,-10.092062,-9.450351,-13.528084
6.9166284,7.884001,8.692602,9.185632,8.156714,8.825049,12.76171
-10.262856,-11.725119,-12.880402,-14.358674,-13.857565,-13.859549,-18.190426
2.349264,2.2150748,2.481911,2.8314521,2.4721587,2.2392352,2.4038403
20.938948,23.63135,26.961943,29.746792,27.62476,27.974426,38.12181
3.3301606,3.554661,3.324139,4.0610843,3.9100428,3.9189072,4.69957
5.2060876,5.787978,5.7966447,6.145358,5.888659,6.185447,8.937801
-1.1953373,-0.8781604,-0.95282525,-1.3235037,-0.5205942,-0.92521435,-2.0700166
3.4841144,3.3832304,3.7384531,4.199805,3.948737,4.511718,5.5456166
-1.0689099,-1.3114178,-0.96126485,-0.9323776,-0.6797397,-1.1552618,-1.9319541
-6.964906,-7.3209105,-8.60836,-9.855348,-8.648203,-9.175573,-12.408484
3.949199,4.4361157,4.09829,4.6741753,4.6623173,4.3862476,5.908348
5.8857837,6.587249,7.009911,7.9380264,7.1684594,6.140349,8.854757
8.530877,9.326554,11.248603,11.638309,10.388093,10.15561,13.153607
-0.98533297,-1.8408813,-1.3497481,-1.8605485,-2.684976,-2.9139237,-2.9304347
-0.63972604,-1.2193505,-0.3632213,-1.0996057,-1.3393208,-1.6445285,-2.4381142
-4.3210006,-4.427334,-4.8039236,-5.7236867,-4.901289,-4.2995906,-6.390142
25.193033,27.796528,31.272188,35.162327,32.259056,32.99037,44.443165
-9.78771,-10.731297,-11.565096,-11.984483,-11.641352,-11.672558,-15.927497
7.890017,8.567737,9.031745,9.927697,9.216231,9.358155,12.620767
13.851452,15.812537,18.520077,20.304543,18.48912,18.639137,25.514286
-16.772177,-18.772062,-22.086597,-24.016129,-21.467962,-22.581373,-30.27744
6.184345,6.9442744,7.427667,8.099097,7.9094796,7.264224,10.830636
5.5401306,6.3046303,6.583112,7.7275853,7.762004,7.2616425,9.510557
15.651298,17.398115,19.861084,20.600159,20.411457,19.136383,26.532862
16.562033,18.215857,20.982243,23.807354,21.858425,23.098097,30.266432
-3.918838,-4.9130177,-5.352358,-5.8076897,-5.578323,-5.653981,-8.682261
11.945712,13.817904,14.580239,16.552538,15.011308,15.9275465,21.219019
1.7094712,1.5925908,2.5913463,3.864759,3.0061002,2.6110034,3.7580457
5.335413,6.1444597,7.13183,7.718542,7.1255484,7.5774713,9.42273
-9.96661,-11.174171,-12.893662,-13.913522,-12.833042,-12.855111,-17.293156
-9.864551,-10.467866,-11.644829,-11.983251,-11.088882,-11.40534,-15.710998
-6.8205833,-6.2584586,-7.4069786,-8.135791,-6.4812093,-7.1332574,-9.20042
-23.939514,-26.46454,-30.252272,-32.557632,-30.754005,-31.158707,-42.136253
2.0451906,1.3728619,2.3500066,2.8839736,2.5741162,3.084546,3.383854
1.5469165,1.7663281,1.5432415,1.9077518,0.8765761,0.86289185,2.4978955
-13.436307,-15.0749,-16.875696,-17.891739,-16.921623,-16.59599,-23.771439
9.501045,10.453774,11.972451,12.141291,11.207708,11.314407,15.947363
-0.62638944,-0.31829402,-0.21798083,-0.25118205,-0.44288775,-0.3053765,-0.68903965
5.407891,5.428567,6.1861515,7.372338,6.8959055,7.0311627,8.893179
1.0659435,0.5129514,0.4736667,0.19768144,-0.08227275,-0.113184676,0.53792095
0.6071469,0.70359343,1.056502,0.9819533,0.6735169,1.2975856,1.4262482
-3.160007,-3.1965477,-4.953195,-4.8972383,-4.413758,-4.521723,-4.8617377
1.0149667,1.4806869,1.4192425,1.9208329,1.1837839,1.0209123,1.4807577
-11.445904,-12.427821,-15.497012,-16.692509,-15.028033,-15.608178,-21.07876
31.22118,33.660324,39.03179,42.307243,40.165047,40.86856,54.488884
3.935532,4.189422,4.766692,4.623404,4.5582657,4.2706556,6.627724
-5.196211,-6.1571994,-6.5901837,-6.5959134,-5.968931,-6.932131,-7.6624403
0.30959082,0.2914219,0.50666904,0.16214848,0.55066824,0.63822365,0.35286856
16.229313,17.253283,19.371477,21.074728,19.708748,20.120123,26.945436
19.486355,20.876787,24.08094,25.527418,24.45082,25.014957,32.682247
