2014 SVI Multi-Unit Structures Encoding,2015 SVI Multi-Unit Structures Encoding,2016 SVI Multi-Unit Structures Encoding,2017 SVI Multi-Unit Structures Encoding,2018 SVI Multi-Unit Structures Encoding,2019 SVI Multi-Unit Structures Encoding,2020 SVI Multi-Unit Structures Encoding
6.617738,6.4747686,6.3327703,5.7870665,5.241333,4.429674,3.6188116
62.57406,62.962086,63.349827,63.172215,62.99389,63.447178,63.90199
19.1787,19.229416,19.280191,20.064112,20.849922,21.166,21.481777
26.11202,26.078272,26.043499,24.458143,22.872164,23.123495,23.376154
-0.37743694,-0.00033695716,0.3780467,0.8271405,1.2755977,2.0599916,2.8444993
47.863632,47.956715,48.049614,47.645332,47.24109,47.36088,47.481133
-45.921703,-46.714676,-47.50697,-46.668835,-45.830063,-45.52833,-45.226826
12.653154,12.050932,11.448447,11.578807,11.71043,11.875476,12.039744
4.8392262,5.572873,6.3072715,6.2705913,6.2348886,5.644003,5.051798
-45.2551,-44.670704,-44.085087,-43.574966,-43.066532,-42.5408,-42.014614
-5.9405894,-6.3181725,-6.695,-7.3028398,-7.91064,-7.350978,-6.7912116
45.398617,45.8022,46.205048,46.494175,46.78336,48.153908,49.52452
-14.347618,-14.549201,-14.75098,-14.533153,-14.315225,-14.147868,-13.980362
22.899284,22.675476,22.452267,22.904198,23.354042,22.638443,21.922775
17.326466,17.533178,17.741493,17.363297,16.985378,17.54374,18.10255
-17.105938,-17.27478,-17.442669,-17.259247,-17.074816,-16.490992,-15.907225
-55.85902,-55.862232,-55.863823,-55.70864,-55.552063,-56.711975,-57.871338
-35.565132,-35.663696,-35.762302,-35.842793,-35.922607,-35.96028,-35.99928
21.50625,21.278358,21.05278,20.37219,19.692083,19.934692,20.178137
-10.195496,-9.961415,-9.727014,-10.209731,-10.693021,-10.584869,-10.475938
-55.616478,-56.02121,-56.427204,-55.486423,-54.546467,-54.416733,-54.285645
-3.5977542,-2.8408968,-2.0837233,-2.1564481,-2.2303808,-2.728122,-3.2245448
-62.967075,-63.706493,-64.44823,-64.16437,-63.878704,-62.879105,-61.879803
26.931366,26.45425,25.978842,26.271433,26.5639,27.93888,29.312828
75.188705,75.68301,76.1783,76.06629,75.95358,76.43304,76.909966
-84.96981,-84.99791,-85.02487,-84.89336,-84.759735,-84.86326,-84.96636
-11.581637,-12.257399,-12.931978,-13.969769,-15.008374,-15.613884,-16.219563
-57.817802,-57.848488,-57.880516,-57.209816,-56.538467,-56.012375,-55.486633
48.09947,49.274445,50.452377,50.55338,50.653442,50.93813,51.223763
-47.039333,-47.839424,-48.638645,-48.884373,-49.130505,-49.19147,-49.251766
2.403105,1.8836349,1.3642167,1.4830636,1.6029319,1.6803578,1.7578119
25.630203,25.154621,24.679607,24.804756,24.929699,26.058266,27.186714
76.38631,77.13522,77.88525,77.31299,76.74112,75.57455,74.409515
13.3048725,12.739995,12.178234,11.997221,11.816848,11.7693405,11.722558
0.14106627,0.6246459,1.1087272,0.40745422,-0.29525498,-1.9015057,-3.5082352
-56.316223,-56.735783,-57.154583,-57.057934,-56.961178,-56.720387,-56.478733
101.770256,102.80524,103.83993,103.4501,103.0591,102.107376,101.15651
-19.637346,-20.158264,-20.679491,-20.364822,-20.050495,-19.247992,-18.445198
-15.084132,-14.96047,-14.835898,-16.137535,-17.437067,-18.206573,-18.974432
7.004466,7.000988,6.996129,6.672217,6.347806,7.1386557,7.9298697
-39.599495,-38.44933,-37.297543,-35.566307,-33.837357,-34.776882,-35.715157
74.76947,74.653465,74.53835,73.36814,72.19684,72.84395,73.491714
52.67884,52.28669,51.896683,52.01731,52.137253,53.051266,53.96462
-122.776184,-123.96871,-125.16163,-124.178734,-123.19454,-123.70526,-124.21611
7.4299498,7.1178336,6.8067393,7.156554,7.506598,6.9853,6.4643106
8.402913,8.355868,8.308968,7.55586,6.804731,7.155763,7.507273
15.894247,15.970573,16.04729,16.080095,16.11319,16.093624,16.074158
-16.951792,-17.251438,-17.552288,-18.214577,-18.877567,-18.025906,-17.174765
59.249054,58.966824,58.68441,58.264248,57.842125,59.07163,60.29931
113.951324,114.439125,114.92596,115.02402,115.12137,115.40447,115.686745
-14.920603,-15.268431,-15.617571,-15.879992,-16.14271,-16.730486,-17.318745
-21.677063,-21.404783,-21.131176,-20.90974,-20.688347,-20.648497,-20.610641
-22.50988,-23.216122,-23.921429,-24.129103,-24.337078,-24.244297,-24.150995
34.286465,33.9756,33.66488,33.184677,32.703896,32.60374,32.503986
26.30944,26.233606,26.15694,25.859867,25.563416,25.080772,24.597237
34.927406,35.885128,36.842503,36.928745,37.014088,35.60633,34.198032
-45.77865,-46.267326,-46.754944,-46.833813,-46.912014,-47.23478,-47.55805
7.853573,8.510645,9.167237,9.520914,9.875488,10.690178,11.5047035
-7.86331,-7.927945,-7.9916177,-8.852974,-9.712122,-9.853422,-9.993412
-4.3141766,-4.9065247,-5.4983387,-5.0336437,-4.5699654,-3.853779,-3.136925
-21.26356,-20.765553,-20.267872,-19.419487,-18.572485,-18.501926,-18.429619
-2.4980755,-1.3833275,-0.26910022,0.50465107,1.2781191,0.6069021,-0.065855056
-27.019726,-26.766209,-26.51186,-27.424212,-28.335949,-28.754915,-29.173328
47.499073,47.77536,48.051525,47.66645,47.28163,47.875298,48.469105
38.72898,39.32437,39.918293,39.72155,39.524673,39.123688,38.723335
11.675471,11.692185,11.708858,11.972014,12.23572,13.223727,14.21322
37.450188,37.1461,36.843906,37.149174,37.45445,38.945827,40.437054
71.01966,71.34819,71.67579,72.25741,72.83784,72.56519,72.29197
1.4390311,1.9618473,2.4833722,2.7694292,3.0546904,3.8548317,4.653524
-23.079823,-23.049871,-23.01679,-22.279667,-21.541388,-21.46407,-21.384783
-9.834879,-10.085765,-10.335255,-10.478438,-10.621536,-11.248632,-11.875551
-42.409485,-42.974384,-43.537415,-43.594646,-43.649982,-42.70918,-41.767685
14.352836,14.845366,15.337018,15.353705,15.371153,15.254094,15.136481
-28.388784,-28.383894,-28.377308,-28.433302,-28.48969,-27.254086,-26.01795
-20.791172,-20.884228,-20.975498,-20.545322,-20.116117,-19.327934,-18.538935
-28.389893,-28.104599,-27.818136,-28.031754,-28.24684,-28.60484,-28.962963
14.643984,14.667757,14.689936,14.051421,13.412551,13.294976,13.1763115
34.40089,33.565987,32.730324,33.88143,35.03143,35.13474,35.236782
3.6029136,3.6047814,3.6081393,3.4886296,3.3684533,2.4842627,1.6013043
9.085382,8.930591,8.776662,9.545418,10.313937,10.831781,11.351125
8.66175,9.137612,9.611841,9.662087,9.710418,8.936851,8.163452
0.5303673,-0.7033134,-1.9376618,-1.2617518,-0.58504254,-1.0836483,-1.582544
0.015525078,-1.3152912,-2.6465423,-2.9522178,-3.2585266,-3.0076625,-2.756148
-6.6936326,-6.147469,-5.6002584,-5.4911656,-5.381657,-6.738425,-8.0942135
27.727772,28.387968,29.047947,29.549526,30.051275,30.535175,31.017988
20.470415,21.264915,22.05972,21.630405,21.201298,21.832848,22.4642
11.301236,11.2073,11.111791,11.1591015,11.206001,10.0055,8.805206
11.732596,10.677985,9.62358,9.251241,8.878228,8.397338,7.916187
48.83935,48.926464,49.01387,49.768566,50.523476,51.78399,53.044518
-72.344635,-72.23621,-72.127686,-70.74948,-69.370346,-68.86957,-68.368286
-24.109022,-23.913649,-23.719395,-23.065315,-22.41133,-23.381517,-24.351164
-2.8256423,-3.5892866,-4.353574,-4.5434647,-4.7339973,-4.7673416,-4.800359
-54.061188,-54.809196,-55.555172,-55.949986,-56.34518,-55.63359,-54.922726
41.81451,42.170338,42.526154,41.674133,40.82188,41.31955,41.817345
-105.911766,-106.031044,-106.149345,-104.34132,-102.533585,-102.52547,-102.51711
-13.378189,-13.047669,-12.71831,-11.605339,-10.493471,-10.40842,-10.323686
-4.1587224,-4.0189233,-3.8789754,-4.113009,-4.3469567,-4.829968,-5.3128057
-37.177288,-38.021515,-38.866257,-38.760044,-38.652824,-37.554516,-36.45572
-8.511558,-8.76189,-9.013691,-8.907766,-8.802611,-8.500438,-8.196861
17.045689,17.251173,17.45575,17.558409,17.660072,18.266361,18.871075
32.026943,30.927984,29.828117,30.262482,30.696972,30.18673,29.676147
14.319012,13.418092,12.515967,12.072049,11.627222,10.629638,9.631488
44.5296,44.99884,45.468575,46.176624,46.88515,48.177998,49.471012
12.983818,12.58469,12.185924,12.283819,12.382866,13.280857,14.177447
23.617836,22.722689,21.82636,21.129446,20.43321,20.887539,21.341345
-10.0906105,-9.875444,-9.658737,-9.794945,-9.932787,-10.428601,-10.925079
-56.510567,-56.371468,-56.232765,-55.883114,-55.530495,-54.299885,-53.068024
22.095675,22.925404,23.753788,23.963066,24.17231,23.583223,22.993324
24.378143,24.35246,24.328512,24.303688,24.278744,25.160223,26.040846
-1.594493,-1.673596,-1.752617,-1.0734526,-0.39489803,0.15563597,0.7075814
29.30065,28.824976,28.349236,27.407057,26.463839,25.694736,24.924501
71.73594,73.27126,74.80599,75.57917,76.35209,75.7387,75.12487
-4.0148897,-3.0620944,-2.1097333,-1.5122011,-0.913801,-1.7619216,-2.6101396
-1.4376575,-1.2494308,-1.0612289,-0.59069556,-0.12020794,-0.23841396,-0.3570377
-11.774672,-10.977335,-10.180555,-10.414043,-10.646077,-11.11836,-11.590906
16.249107,15.695675,15.1416,16.173887,17.207201,17.64137,18.075106
-18.89334,-19.294813,-19.697304,-19.912682,-20.128323,-20.544521,-20.959393
13.12622,13.001823,12.878957,13.254232,13.629205,12.632853,11.636934
95.82934,97.79444,99.7608,99.190575,98.62113,97.78796,96.95583
6.5882697,6.669036,6.749384,6.979286,7.207926,8.631421,10.05644
-67.724815,-67.371284,-67.018196,-66.21949,-65.42295,-64.95422,-64.48566
-74.37183,-74.49772,-74.62337,-73.97796,-73.33134,-72.49068,-71.64909
-52.51343,-51.51641,-50.519005,-50.421753,-50.324318,-50.84185,-51.35909
-26.510483,-26.471983,-26.433615,-25.373652,-24.313343,-22.999786,-21.6851
-88.23267,-88.87584,-89.51759,-89.375824,-89.23356,-89.49077,-89.74813
-86.70053,-87.093475,-87.48831,-86.68383,-85.87919,-86.19041,-86.49979
-14.367529,-13.982514,-13.599362,-14.353247,-15.105318,-15.578502,-16.051874
62.245842,62.397846,62.550663,61.365414,60.18088,58.898605,57.617237
-63.23493,-62.725082,-62.21498,-61.110043,-60.004616,-59.563816,-59.12212
4.935655,5.94264,6.9487033,7.646087,8.343133,7.795259,7.2460265
-43.956608,-43.823635,-43.690125,-44.08642,-44.48359,-44.944626,-45.40471
-27.45256,-28.868378,-30.28257,-29.64487,-29.005974,-28.081924,-27.157017
40.130745,39.90423,39.67952,39.196285,38.715397,38.003975,37.29175
18.21118,17.957577,17.704967,16.78625,15.868648,15.939373,16.010752
-15.888621,-15.178365,-14.469489,-14.032069,-13.597053,-15.305026,-17.012955
44.898487,44.178112,43.45693,42.95212,42.445385,41.966908,41.488377
-34.61625,-35.308075,-35.999207,-36.54701,-37.095787,-36.30376,-35.511024
-46.35895,-46.29014,-46.22249,-45.638145,-45.055748,-44.470966,-43.886215
14.650371,15.463582,16.277891,16.427114,16.576283,16.71597,16.854523
0.84499776,1.1988033,1.5503458,1.4062477,1.2616719,1.182288,1.1021785
-44.92364,-45.233807,-45.54465,-45.87429,-46.203247,-47.411774,-48.62121
-34.386173,-34.240192,-34.095135,-33.797993,-33.500893,-34.168957,-34.835728
2.6842887,2.4838016,2.2829401,2.5367768,2.7920692,3.053912,3.3158033
-7.047685,-7.0830646,-7.118238,-7.2268367,-7.3343987,-8.470884,-9.607163
-22.583084,-22.634487,-22.684963,-23.715828,-24.748297,-24.441788,-24.136518
18.524874,18.159246,17.794704,17.473536,17.152788,16.298449,15.443261
-2.0933511,-1.9342412,-1.775585,-1.3420104,-0.90864456,-1.6839899,-2.458061
90.394684,89.55839,88.72314,87.959816,87.196815,86.60603,86.01353
-68.3185,-68.949356,-69.58163,-69.65404,-69.72646,-69.488235,-69.24973
44.753407,44.199028,43.645115,44.237957,44.831104,44.914463,44.997368
44.016,44.429424,44.84295,44.972218,45.101963,44.75737,44.41274
20.31494,20.892302,21.467813,20.652,19.836298,18.959595,18.082891
62.33226,63.455334,64.57838,64.60968,64.64235,65.37713,66.111694
40.034832,39.93768,39.840942,38.865726,37.891773,37.22823,36.56484
41.786434,41.279922,40.772682,41.458202,42.14487,42.745056,43.345947
-9.317167,-8.925085,-8.532693,-8.170904,-7.809916,-8.494598,-9.178493
56.1443,55.938644,55.73312,54.895523,54.058994,53.70423,53.350826
-48.415947,-48.298508,-48.181686,-47.318417,-46.45463,-45.94286,-45.431885
-5.026791,-4.892113,-4.7572255,-3.6382563,-2.519482,-2.789223,-3.0588114
6.7492867,6.221163,5.692562,6.6963153,7.700103,7.359614,7.021005
-55.227627,-53.8231,-52.417095,-52.950146,-53.48378,-52.890858,-52.297306
51.90783,52.467243,53.02539,53.01633,53.00767,52.2198,51.430916
-0.052191354,-0.14562187,-0.23984489,0.07560768,0.3909935,0.2726616,0.15419236
-6.7379956,-7.89774,-9.057976,-8.696458,-8.335402,-8.226001,-8.117
7.6052604,7.1728,6.739573,7.2392926,7.737452,7.4345593,7.1293244
-9.26936,-8.074459,-6.8786373,-5.3003254,-3.7228441,-2.47542,-1.2283869
-11.466709,-11.741465,-12.017381,-12.981088,-13.945733,-14.52569,-15.10528
-2.6599724,-2.3659337,-2.0694745,-1.2898791,-0.5113108,-0.50820947,-0.5059321
-26.519516,-27.212328,-27.905144,-27.785776,-27.665321,-27.371944,-27.076998
-0.7861068,-0.44144037,-0.09780481,-0.48273352,-0.86820436,-1.5752494,-2.2810118
19.535517,18.830957,18.1253,19.462828,20.799984,20.255095,19.711308
1.1325397,1.287148,1.4422631,1.2895169,1.1367993,1.4291406,1.7222819
57.10036,57.517773,57.936756,57.96229,57.989414,58.190403,58.390892
72.60325,72.815094,73.02658,73.1223,73.2191,73.92904,74.63794
5.3355064,6.18013,7.026097,7.880365,8.735319,9.090349,9.44768
11.196753,11.370529,11.543535,10.740687,9.940886,10.138277,10.336764
-40.37424,-40.766445,-41.159218,-40.782253,-40.40536,-40.03726,-39.668888
-0.39516532,-1.0276965,-1.6607856,-2.0660334,-2.4697723,-2.9637508,-3.4582806
115.69564,115.60876,115.51967,114.90733,114.29562,113.23354,112.16943
5.3981805,5.2045093,5.0101733,4.2587323,3.5072494,2.7721305,2.0375905
14.802041,15.07714,15.351724,15.803216,16.253122,15.024444,13.796018
-12.765487,-12.887466,-13.009674,-13.6015,-14.193049,-15.040756,-15.889402
7.4307785,6.930149,6.4300036,6.75456,7.0794177,7.1395125,7.1975656
54.887672,54.544548,54.198723,54.83579,55.473278,55.08438,54.69548
37.278843,38.152832,39.026516,38.367374,37.706673,37.776814,37.847034
51.68917,51.871075,52.05252,51.37062,50.687515,52.168915,53.649937
64.32339,64.080765,63.83782,63.817993,63.798096,66.20895,68.61919
66.01961,65.60288,65.18703,65.02707,64.86543,63.065178,61.263557
-41.53736,-41.72862,-41.920498,-42.847332,-43.773014,-44.309147,-44.84554
-63.27357,-64.17965,-65.08643,-64.57225,-64.058846,-65.40871,-66.75906
-27.967304,-28.589993,-29.211231,-28.944057,-28.675472,-28.189892,-27.703941
39.73714,40.31846,40.900105,39.97798,39.05358,38.607437,38.16174
98.85317,99.24872,99.643814,98.18318,96.72111,96.247856,95.77537
-3.1719,-3.148825,-3.1261313,-2.7222788,-2.3176901,-0.5953658,1.1269604
-10.624709,-10.615932,-10.607742,-10.242471,-9.877248,-9.306612,-8.737452
-42.464172,-43.319782,-44.17514,-43.903923,-43.63328,-43.48849,-43.34491
-20.251705,-20.733267,-21.213472,-20.462103,-19.711956,-18.164684,-16.6173
-11.428127,-11.259985,-11.091368,-9.881723,-8.670005,-8.08535,-7.499337
13.422047,13.988079,14.552522,14.732989,14.913411,15.2528925,15.59214
15.078163,15.075668,15.072921,15.748252,16.424788,17.1522,17.879494
-43.33727,-43.560413,-43.784023,-43.966637,-44.14977,-44.39492,-44.64015
36.969166,36.774483,36.58071,36.64149,36.70156,36.76763,36.833546
35.888752,35.724483,35.560818,36.351177,37.14159,37.97207,38.802288
132.70143,133.03339,133.36427,131.69028,130.0154,130.11652,130.2171
-44.084087,-43.198437,-42.31363,-42.764164,-43.215046,-44.19089,-45.16701
-29.611845,-30.123268,-30.63531,-30.846437,-31.056826,-31.290413,-31.523054
-26.189959,-26.4689,-26.748945,-26.882524,-27.016298,-27.779085,-28.541918
42.266224,42.13085,41.99682,41.325024,40.651764,41.466312,42.280773
-1.6931659,-2.5579557,-3.4202137,-2.749486,-2.0794964,-1.8086282,-1.5370141
8.357318,7.483861,6.6104984,5.381036,4.1513147,4.44633,4.7394
9.813613,9.476378,9.139597,8.395871,7.65019,8.319355,8.9892435
15.459509,15.681183,15.902161,15.3888645,14.874857,14.6145115,14.353299
2.0214775,2.4480197,2.874462,2.242442,1.6092756,0.47479036,-0.6599094
23.496408,24.120697,24.745035,25.158476,25.572203,24.979784,24.387129
62.89769,63.41977,63.941814,64.20437,64.46826,65.08238,65.69542
24.99107,25.26216,25.533314,25.719995,25.906076,25.483955,25.063171
-54.830162,-56.401955,-57.97424,-57.453835,-56.933258,-55.35478,-53.775356
45.059616,44.5188,43.979286,43.91462,43.849213,44.216118,44.583996
7.6442547,8.38921,9.133953,8.544674,7.954565,7.370968,6.7865334
91.65687,92.303345,92.950325,91.66451,90.380714,90.87028,91.36059
87.48307,87.69306,87.90328,86.689445,85.47514,85.96773,86.45934
18.821758,19.859211,20.897749,20.676603,20.45521,20.274792,20.094965
15.159281,14.97715,14.7953,14.774267,14.752356,13.282179,11.811205
143.7709,144.26321,144.75557,145.99991,147.2427,146.98149,146.71979
62.431164,63.180786,63.93035,62.93062,61.93183,62.207638,62.483753
38.294956,38.7314,39.167656,38.770943,38.374233,38.253555,38.132454
-2.8836107,-3.4143133,-3.94592,-3.4974585,-3.0487623,-2.5704489,-2.0916052
65.36134,64.925186,64.488525,65.10388,65.71921,65.39065,65.06129
-37.60926,-38.74987,-39.889893,-40.23755,-40.586143,-41.118126,-41.650856
-6.5055695,-6.431596,-6.356762,-6.965006,-7.571952,-7.6007085,-7.6297097
-25.682146,-24.536453,-23.390463,-25.087397,-26.784466,-27.062609,-27.339796
67.57087,67.89531,68.221085,67.78691,67.35301,66.72318,66.09464
-36.04035,-36.557407,-37.07483,-36.244232,-35.413387,-34.42897,-33.445248
40.66874,40.96863,41.267292,40.519108,39.772854,40.22687,40.6815
-12.186821,-11.801852,-11.417237,-11.085734,-10.756091,-10.244555,-9.733436
-11.864433,-11.753499,-11.641484,-12.218371,-12.795854,-13.224914,-13.654794
2.3943508,1.9418696,1.487976,1.4251965,1.3612179,1.23468,1.1078337
-18.033104,-17.842602,-17.653915,-17.309835,-16.96403,-16.970133,-16.975208
8.787488,8.88485,8.983384,9.711005,10.438901,10.670951,10.904024
-10.052687,-10.3766985,-10.701529,-11.440232,-12.178754,-12.708872,-13.239117
-8.531912,-8.439098,-8.346088,-9.1622505,-9.97797,-10.389927,-10.800895
-92.17138,-91.77306,-91.3754,-91.075035,-90.77497,-91.00242,-91.23044
-4.5279336,-4.388903,-4.2505574,-4.2596345,-4.2691827,-5.0678277,-5.867066
-61.33882,-60.98303,-60.6263,-61.077103,-61.529366,-60.138588,-58.747143
-11.593141,-11.413668,-11.233973,-11.079933,-10.925756,-11.237292,-11.547559
-119.35368,-120.02334,-120.69213,-119.76685,-118.842064,-117.890236,-116.93603
31.212978,31.464659,31.715794,30.8616,30.006866,30.49937,30.990948
-29.869484,-29.491367,-29.114237,-28.903128,-28.692226,-28.438183,-28.18386
-38.87627,-38.48535,-38.09239,-38.205498,-38.319633,-37.791668,-37.263016
32.65489,32.52198,32.389957,32.337624,32.28491,32.251804,32.219955
37.035866,38.306465,39.575737,39.182938,38.7892,38.33327,37.877415
59.581905,59.24348,58.905285,57.81477,56.725468,56.16032,55.594395
43.666077,43.35741,43.050205,42.823727,42.597107,42.11059,41.625256
56.830864,57.70057,58.569183,57.757515,56.944786,55.545765,54.145638
-5.116784,-4.910649,-4.7049494,-5.477784,-6.251004,-5.6257524,-5.0013566
1.7229238,1.6763101,1.6301515,0.54845136,-0.5323735,-1.1514561,-1.7694054
-33.4079,-34.25131,-35.092865,-35.497536,-35.901985,-35.27695,-34.64909
-8.67239,-9.624487,-10.574085,-10.986191,-11.397812,-11.340738,-11.284331
-6.915927,-5.7342978,-4.5523386,-5.6965456,-6.842536,-6.6946955,-6.5480366
-31.186378,-30.94399,-30.70131,-29.606037,-28.511234,-27.765335,-27.01941
-2.2002022,-3.0666726,-3.93349,-3.5600483,-3.1854622,-2.842313,-2.4995701
-34.18606,-34.117455,-34.050716,-34.03888,-34.025265,-34.00462,-33.982773
87.08601,86.949036,86.81124,85.35274,83.89331,84.8049,85.71574
-43.484886,-42.98771,-42.49174,-41.459457,-40.427967,-40.12847,-39.83072
37.55522,37.656734,37.75937,36.977375,36.19516,35.626793,35.05921
-98.1519,-98.04715,-97.94236,-97.69565,-97.4474,-97.544205,-97.64029
-40.07049,-40.052696,-40.03409,-40.396896,-40.760094,-41.855854,-42.95022
-2.8974698,-3.016353,-3.1370213,-2.5624611,-1.9904224,-2.77473,-3.55915
-48.28316,-48.195038,-48.107105,-47.243523,-46.381844,-46.268784,-46.156334
-21.808315,-20.486217,-19.163647,-19.2841,-19.40406,-20.50789,-21.61324
-4.550352,-4.4493866,-4.349305,-3.5794516,-2.810122,-2.3220763,-1.8338165
50.94024,50.546112,50.152966,49.94114,49.728397,48.010406,46.291637
-45.79008,-45.353474,-44.91579,-44.601498,-44.287643,-44.84538,-45.403202
-12.914483,-13.552893,-14.190957,-14.727535,-15.265091,-16.590271,-17.915419
-16.89338,-17.13036,-17.36642,-15.476944,-13.588945,-12.962912,-12.337202
-65.98673,-66.19162,-66.39719,-65.32278,-64.248825,-64.24202,-64.236496
-44.85965,-44.81657,-44.77238,-44.59182,-44.41086,-44.079556,-43.750122
-8.760791,-8.952003,-9.142193,-8.178601,-7.2132545,-6.6803994,-6.1477685
-2.8050478,-3.6239812,-4.4421334,-5.069897,-5.698816,-5.573158,-5.4472966
2.657986,3.0247004,3.391063,3.6112626,3.83231,4.3821697,4.9313383
73.30774,73.900345,74.4928,73.9993,73.50433,73.47025,73.43504
-85.54202,-85.44828,-85.355774,-83.96179,-82.56643,-82.2471,-81.925934
-40.508537,-40.5078,-40.5067,-40.051994,-39.59886,-39.534744,-39.470463
-38.15907,-38.21373,-38.266945,-38.553093,-38.839233,-39.141167,-39.442604
48.19041,47.773647,47.357983,46.732944,46.106678,47.819332,49.531925
30.57314,29.938469,29.303257,29.213985,29.124603,28.888756,28.653902
66.972824,67.455894,67.93986,67.50713,67.074875,66.51445,65.95207
-2.7272677,-2.226643,-1.7251868,-1.9238887,-2.1221662,-2.7753625,-3.4276834
-173.17787,-173.71722,-174.25613,-173.18498,-172.1121,-171.50203,-170.89044
2.0277803,2.8263452,3.6256254,4.198673,4.772268,4.076446,3.3794992
6.903192,6.719291,6.5345483,6.551802,6.5699086,6.9888663,7.407596
71.953606,73.16163,74.36837,74.152565,73.93804,73.97306,74.00665
54.668495,55.578983,56.490936,55.772644,55.053226,55.164066,55.275337
-27.788385,-27.97326,-28.158422,-26.908556,-25.65804,-25.657835,-25.656073
-16.113798,-16.719149,-17.326286,-17.686384,-18.044283,-17.91981,-17.794735
-4.5963955,-4.493887,-4.391901,-4.1441603,-3.89551,-2.661545,-1.4267099
3.5784194,3.1773021,2.7757938,2.156243,1.5375249,1.9232328,2.3093412
19.172623,19.110497,19.048838,19.63778,20.227892,20.028023,19.829252
10.118299,10.162053,10.205678,10.918473,11.629283,12.198124,12.766242
-31.22504,-30.65295,-30.081093,-30.42191,-30.762835,-30.722929,-30.68343
-40.805077,-40.850235,-40.893364,-40.346848,-39.80014,-39.86116,-39.92151
-79.89434,-80.206,-80.5184,-79.10778,-77.697334,-77.375084,-77.053154
40.08118,40.35283,40.62418,40.729343,40.83415,40.72915,40.625328
-32.027657,-32.170116,-32.311466,-32.249607,-32.188084,-31.728039,-31.268715
-43.260147,-44.204872,-45.15055,-45.357002,-45.561554,-44.74076,-43.920513
-25.13009,-24.751038,-24.3721,-23.989958,-23.607601,-22.533207,-21.458704
49.01454,49.695755,50.376717,50.905464,51.43392,52.38482,53.334587
-1.1089554,-1.244235,-1.379241,-1.954071,-2.5287018,-2.3930197,-2.2563477
25.985071,26.778404,27.572721,27.478367,27.384104,28.26478,29.146906
-9.509146,-9.660719,-9.812501,-9.948263,-10.084194,-10.124762,-10.166174
21.99937,21.913988,21.828348,22.252993,22.67823,21.995989,21.313808
-15.861791,-16.272272,-16.682575,-16.54158,-16.400051,-17.002247,-17.605438
-33.293957,-32.42971,-31.565416,-31.545954,-31.525923,-32.65113,-33.775623
5.8265758,5.7413974,5.655577,5.7860484,5.917373,5.4798694,5.043411
8.132231,8.168125,8.206009,6.619903,5.033813,4.9515777,4.868568
-9.05972,-8.788913,-8.517951,-8.439887,-8.362163,-8.866902,-9.371789
8.693336,8.509015,8.324864,8.32101,8.315464,7.6921062,7.066107
25.139227,25.717924,26.295624,25.564978,24.831892,24.97397,25.114416
-55.99565,-55.89328,-55.792427,-54.120274,-52.447914,-52.60121,-52.7539
-1.8304974,-1.685217,-1.539219,-0.7829968,-0.026989551,-0.626701,-1.2278987
38.278732,38.443275,38.608288,38.333492,38.058277,38.283436,38.50793
-13.805418,-13.704456,-13.603166,-12.357862,-11.113164,-10.083241,-9.05334
-6.006958,-5.5744553,-5.141279,-5.8438954,-6.546466,-7.829592,-9.113172
76.19823,76.13557,76.07316,75.91119,75.7474,76.057495,76.36632
66.75022,67.49024,68.23098,66.94747,65.66315,64.74326,63.82318
59.58995,60.418087,61.24682,61.334763,61.421967,60.381905,59.341072
8.13025,7.368885,6.6081324,6.1775656,5.7478056,6.165471,6.584699
49.3008,49.950905,50.599285,51.24819,51.899498,51.261738,50.62159
-50.559143,-51.406395,-52.254684,-52.345184,-52.43554,-52.700417,-52.965263
-60.75503,-60.056904,-59.35848,-58.51167,-57.665226,-57.82304,-57.982002
-2.4157462,-2.576229,-2.7356708,-3.1752431,-3.6157696,-3.304574,-2.9931195
29.510637,30.033535,30.55563,29.623985,28.692919,27.035397,25.37708
-73.64988,-73.57977,-73.50867,-72.68792,-71.86501,-71.50713,-71.14903
-23.603212,-23.940514,-24.277914,-23.779959,-23.283865,-23.573809,-23.862955
-48.174046,-48.996628,-49.819607,-50.30987,-50.799973,-51.418087,-52.035633
22.956266,23.853973,24.753088,24.894764,25.034393,25.520737,26.008522
-33.879066,-32.87032,-31.862265,-32.815044,-33.76805,-34.770634,-35.771263
-49.11,-49.07698,-49.043694,-48.841763,-48.638218,-48.983665,-49.328377
25.157305,25.173761,25.188833,24.548841,23.906885,22.795813,21.684729
43.591774,44.05482,44.519733,44.623466,44.72616,43.837437,42.94923
-40.786247,-40.208176,-39.630817,-39.193718,-38.75569,-38.831047,-38.90549
35.557377,36.081783,36.60748,36.478058,36.347218,36.546303,36.747726
-21.695948,-21.354612,-21.012545,-20.650103,-20.286455,-20.806452,-21.325655
30.146025,30.869133,31.592371,31.949387,32.306942,31.958668,31.611687
42.01523,42.818016,43.621674,43.011105,42.401016,42.261215,42.12309
5.183787,4.5683947,3.952689,3.6427639,3.3338244,3.0834906,2.8335888
8.189828,8.922729,9.655375,10.272455,10.889109,10.398698,9.907724
-37.048668,-36.525414,-36.00246,-36.449722,-36.895958,-36.822037,-36.746437
-96.26811,-95.88583,-95.50516,-94.50443,-93.5032,-93.80457,-94.10772
-88.24987,-89.55655,-90.8637,-90.85941,-90.85598,-91.453575,-92.05021
-51.86134,-52.51968,-53.17752,-52.325085,-51.472004,-51.309605,-51.14745
-41.002483,-40.595463,-40.187237,-40.02087,-39.855583,-38.78421,-37.712914
-52.967857,-52.675663,-52.38462,-52.119217,-51.853054,-51.16256,-50.47168
-15.448605,-15.711429,-15.975688,-16.340681,-16.704794,-15.295062,-13.884919
-9.179339,-9.433615,-9.688519,-9.150099,-8.612207,-8.272326,-7.9317956
11.264007,10.933535,10.603348,10.207949,9.811958,9.593649,9.37349
19.213474,19.868734,20.525368,21.086218,21.648203,21.801195,21.954798
36.34465,37.699127,39.053276,39.20307,39.352386,38.84089,38.330086
70.03814,70.33289,70.62783,70.7711,70.913956,71.18238,71.44986
10.014367,9.50883,9.001079,9.43663,9.871686,9.753379,9.633777
15.023938,15.153619,15.28336,15.007873,14.732535,14.914364,15.097238
-40.94055,-41.620773,-42.300728,-42.04254,-41.783707,-41.60119,-41.417828
-84.66296,-85.79269,-86.923485,-86.674,-86.42638,-86.64709,-86.867775
-56.500893,-56.019444,-55.538887,-54.823822,-54.10732,-54.848328,-55.58926
0.032722794,1.2855381,2.5375378,1.8783726,1.2190503,0.6787532,0.13876018
-28.732883,-29.190348,-29.647198,-28.798565,-27.95045,-29.135778,-30.320953
45.179688,45.257965,45.33643,45.5755,45.814003,46.898003,47.981567
-32.837578,-33.101044,-33.36475,-32.352287,-31.339664,-29.876673,-28.412132
29.044731,29.207735,29.371304,30.522993,31.674423,31.411295,31.148405
93.28755,93.74892,94.20898,95.01839,95.82923,95.47265,95.114845
-0.51141584,-0.73139834,-0.9504894,-1.54693,-2.1426523,-2.6600263,-3.1757846
-74.77857,-73.974884,-73.16939,-72.77429,-72.38083,-72.12393,-71.86815
77.145096,76.65353,76.16268,75.30257,74.4413,74.64517,74.848206
63.75059,63.617115,63.481606,63.00138,62.52255,62.648903,62.77388
-12.949132,-12.825018,-12.702628,-12.754889,-12.806888,-13.628629,-14.447158
64.972786,65.01155,65.05124,64.42702,63.802483,62.484142,61.165043
54.068077,54.748615,55.428745,55.300644,55.173798,55.59543,56.017166
-55.242023,-55.998276,-56.75389,-57.188156,-57.621475,-58.321163,-59.02116
38.35784,38.947254,39.53557,40.80091,42.06507,43.092194,44.11864
8.488165,8.334838,8.1809225,8.194547,8.20726,8.448126,8.689738
35.741035,35.846058,35.951565,36.494743,37.038185,37.571587,38.10409
-5.7439656,-6.229782,-6.714307,-7.045082,-7.375179,-7.6595964,-7.944682
2.031955,1.0452979,0.05941134,0.49232513,0.92573005,0.7047265,0.4851783
50.317368,50.304955,50.29106,50.121674,49.950996,49.126175,48.30074
95.56067,96.00299,96.44428,95.979195,95.514114,95.82864,96.1438
-18.945095,-19.64764,-20.34919,-20.684216,-21.022373,-20.719421,-20.41798
-20.050882,-20.695097,-21.34072,-20.074951,-18.810617,-17.889194,-16.970528
67.68861,68.15563,68.62174,68.978714,69.33575,68.48844,67.64067
-52.008213,-52.5218,-53.034966,-53.03274,-53.030033,-53.691654,-54.35186
-50.74666,-50.59007,-50.43238,-50.318336,-50.2028,-50.044365,-49.88468
-17.790627,-17.61854,-17.446497,-17.40763,-17.368677,-16.339283,-15.309352
21.447866,21.250853,21.054354,21.071138,21.0876,21.065012,21.042944
-28.060452,-29.175728,-30.291527,-30.578001,-30.865076,-30.957142,-31.049532
-48.880177,-49.552277,-50.22329,-49.543407,-48.862255,-48.683533,-48.507053
26.86007,27.030048,27.199627,27.390347,27.58153,28.184822,28.78761
3.571166,2.7021275,1.834385,2.4235458,3.0112648,2.9456234,2.8787498
91.95345,91.68356,91.41249,89.45397,87.495575,87.410095,87.32419
-105.02631,-105.60659,-106.18674,-105.95793,-105.729645,-106.12769,-106.526085
33.443314,33.119083,32.79719,32.50968,32.22248,31.500303,30.77871
-72.86483,-73.31497,-73.765785,-73.14283,-72.519905,-72.09322,-71.66761
0.78970206,-0.22324693,-1.2370561,-0.4000486,0.43757308,0.8710295,1.3062903
38.06672,38.55333,39.03967,39.335457,39.63097,39.26771,38.905758
-3.3546379,-3.1737225,-2.9932663,-3.45278,-3.9125865,-4.5944343,-5.277436
33.95021,33.80087,33.652428,33.97775,34.30237,35.75659,37.210243
-25.124495,-24.654295,-24.183577,-23.789425,-23.395212,-23.17856,-22.961027
31.302786,32.400173,33.497417,33.388332,33.279873,32.354557,31.428892
-80.99083,-81.772545,-82.554726,-82.44874,-82.34207,-82.28739,-82.232025
2.357365,1.9922422,1.6279186,3.046615,4.464541,4.1604285,3.8565142
-4.941149,-5.1724005,-5.402703,-6.1483207,-6.893873,-6.8687167,-6.843632
20.717445,20.345734,19.972761,20.433275,20.893257,21.454048,22.01515
-42.87503,-43.649277,-44.423683,-43.922558,-43.42092,-43.291077,-43.162315
-92.79364,-93.94987,-95.10597,-95.14465,-95.18227,-95.01245,-94.84171
-3.7455585,-4.1453366,-4.5437617,-4.434584,-4.324555,-4.795634,-5.266642
-82.49067,-81.85702,-81.22377,-81.112686,-81.0023,-81.02654,-81.05066
48.005676,48.057358,48.10842,49.631233,51.1538,50.12026,49.086662
-33.29893,-33.21568,-33.1328,-33.82282,-34.513878,-34.693974,-34.873867
49.188686,49.2059,49.223515,48.838676,48.453457,48.861893,49.26905
15.156495,14.894418,14.633116,14.536537,14.440557,14.206741,13.971375
-25.993431,-26.81584,-27.63824,-27.8585,-28.076208,-27.524113,-26.971367
101.43149,102.2444,103.05789,102.448204,101.838745,102.30429,102.7702
58.033936,58.759167,59.484196,58.48563,57.48769,57.160458,56.833668
14.729941,15.850213,16.970003,16.87528,16.781563,17.466234,18.15146
-22.668766,-23.354939,-24.03932,-24.138477,-24.237617,-24.653858,-25.069782
30.283741,31.465557,32.650536,32.749912,32.848057,33.796608,34.74545
73.16434,73.33167,73.49935,73.27076,73.04153,72.34808,71.6525
-19.741419,-20.366383,-20.990114,-21.349012,-21.706991,-21.5186,-21.330908
-59.796783,-60.608143,-61.419872,-61.590965,-61.762894,-61.918262,-62.074627
-118.51252,-118.926445,-119.342186,-117.74693,-116.150375,-116.10015,-116.050285
12.987157,11.739275,10.48994,10.63286,10.776396,10.608393,10.44052
-67.25944,-67.46623,-67.67345,-67.87231,-68.06979,-67.99719,-67.92578
9.0716305,9.695514,10.317231,11.153853,11.991239,12.72977,13.468173
78.58638,78.79154,78.993706,78.33287,77.67109,77.70581,77.739265
-88.79798,-89.1445,-89.49132,-87.801384,-86.109215,-86.32154,-86.53222
12.4937935,13.468162,14.44227,13.477227,12.5118,11.793169,11.0763855
44.05536,43.823277,43.59196,44.09047,44.588158,44.684452,44.7817
-39.88619,-38.624527,-37.363403,-37.608086,-37.855392,-36.96363,-36.073563
39.296276,39.161407,39.026546,38.943817,38.8598,38.689373,38.51947
-41.93667,-43.025887,-44.11521,-43.99517,-43.87448,-44.12555,-44.376717
35.92863,36.135975,36.34279,36.28723,36.22943,36.245434,36.261852
-43.02042,-44.117996,-45.215027,-44.96183,-44.71004,-43.79993,-42.889744
-47.403015,-47.35886,-47.315014,-47.263992,-47.212574,-48.196224,-49.18
-32.888126,-33.11713,-33.34688,-34.45351,-35.561073,-36.583836,-37.606197
-2.6836247,-2.0734677,-1.4643241,-0.9976655,-0.5315553,-0.46184453,-0.39139518
63.00146,64.03479,65.06769,64.4089,63.750652,64.10012,64.45178
-58.501522,-59.45519,-60.405907,-59.75998,-59.11385,-58.308064,-57.50194
43.05031,43.7872,44.524868,44.349525,44.175312,44.062775,43.9513
-14.734746,-15.437257,-16.138931,-16.700722,-17.261282,-17.313042,-17.365309
6.0405216,6.5668373,7.092592,7.2445908,7.396134,6.960059,6.5234156
-47.493744,-48.542824,-49.5921,-48.88225,-48.171608,-47.873222,-47.575306
-19.249945,-19.73185,-20.213058,-20.523874,-20.835653,-22.126362,-23.418259
-27.048012,-26.508858,-25.9691,-26.0002,-26.03094,-26.299992,-26.569456
-36.885532,-36.804333,-36.72366,-37.732235,-38.740696,-39.147198,-39.552563
-95.65726,-95.77888,-95.89845,-96.35823,-96.81778,-96.788284,-96.7577
-3.268094,-3.1522703,-3.0369015,-3.3974886,-3.7579336,-3.6137648,-3.4708872
-51.700344,-52.06674,-52.431507,-53.161045,-53.889565,-53.21745,-52.544685
18.131935,17.3605,16.59014,16.298449,16.005226,14.819408,13.633208
-28.584856,-28.911678,-29.238441,-28.69336,-28.147892,-29.202635,-30.257107
59.276966,60.360416,61.443554,61.784122,62.12545,61.55355,60.98393
-21.572027,-21.343542,-21.117125,-20.91531,-20.712507,-20.560827,-20.408403
24.369146,25.379862,26.390434,25.76124,25.131477,24.587198,24.042757
-33.370243,-33.484783,-33.60026,-34.025948,-34.450634,-34.848118,-35.24535
-7.4050198,-7.724493,-8.045741,-7.9923058,-7.9397635,-6.4506063,-4.9630466
2.800562,2.2123375,1.6267279,1.4878653,1.3477,1.7224234,2.0980072
14.485819,15.331162,16.17566,15.294676,14.413694,14.13898,13.862921
54.912476,55.253983,55.595394,54.399746,53.20263,52.305405,51.40927
-19.466965,-18.978981,-18.490868,-17.844734,-17.197382,-17.45177,-17.706469
6.4034305,6.7207336,7.037936,6.6833196,6.325665,6.288258,6.2501035
-46.231895,-47.113285,-47.99398,-48.115402,-48.23588,-47.710693,-47.184685
59.959007,60.935123,61.909966,62.144257,62.37745,61.750755,61.123043
-108.30757,-107.92947,-107.55191,-105.92485,-104.29856,-104.35865,-104.4176
-19.26306,-18.989155,-18.714746,-18.317245,-17.919378,-19.121305,-20.323383
11.853733,12.575994,13.297835,12.656561,12.014824,12.608633,13.203142
-33.05652,-33.37899,-33.70026,-32.555492,-31.409513,-32.145313,-32.878777
55.73248,56.039177,56.345585,56.04773,55.74776,55.966778,56.185917
3.180129,3.2832975,3.3856893,3.9776378,4.5693483,4.701402,4.8333783
34.48782,35.836147,37.183163,36.70074,36.21757,36.37617,36.535076
81.81919,81.925644,82.03193,80.85132,79.670044,79.92441,80.178085
-78.043945,-77.84936,-77.65449,-77.04664,-76.44009,-75.39104,-74.34248
-31.598362,-32.42254,-33.245407,-33.71026,-34.175976,-33.33735,-32.49908
4.938459,4.2077107,3.476072,3.5291936,3.583143,2.9757402,2.3689086
-47.00654,-47.11831,-47.23052,-46.50444,-45.7779,-44.868954,-43.961178
-51.844917,-51.640926,-51.436623,-50.464016,-49.489464,-49.13449,-48.781048
88.0872,87.804665,87.52262,87.40468,87.28558,87.10126,86.91709
-0.40475482,-0.020610504,0.36373073,1.5771965,2.7900398,3.1069562,3.4220903
0.16123463,-0.86603045,-1.8936975,-1.6188767,-1.3457267,-0.75295234,-0.15914415
-10.765764,-10.912619,-11.061291,-11.64555,-12.229038,-13.359979,-14.489443
-14.21158,-14.337442,-14.462857,-14.773009,-15.0816965,-16.500933,-17.921955
67.26446,67.72282,68.18041,67.544365,66.90798,66.78599,66.66468
-24.257114,-23.212854,-22.168749,-23.362612,-24.557299,-25.216578,-25.876049
10.428601,10.142773,9.856834,9.060553,8.262491,7.740603,7.2182193
82.18686,82.27628,82.367775,81.53156,80.69433,80.12588,79.55862
15.613546,15.010626,14.406378,14.679818,14.952516,15.586714,16.221819
49.24746,49.41569,49.5837,50.872437,52.160698,53.322132,54.482048
-17.287218,-17.4535,-17.61793,-18.348526,-19.077723,-19.92474,-20.769789
34.879402,34.577206,34.273212,34.515373,34.75875,35.42772,36.096367
68.67132,68.60026,68.52929,69.11993,69.71076,70.68249,71.65348
24.167212,23.68417,23.201082,23.4391,23.676003,24.480719,25.284224
26.774147,26.436552,26.097668,25.88868,25.681156,25.173788,24.667845
-64.87853,-65.30108,-65.72356,-66.1461,-66.56837,-65.740974,-64.91404
8.905778,8.041368,7.17887,7.250124,7.32018,6.980484,6.6397805
-98.11042,-98.480675,-98.85202,-97.914604,-96.97722,-96.314674,-95.651665
-5.151596,-4.912239,-4.6738625,-5.039097,-5.4044685,-5.4093513,-5.414486
3.5674083,3.856226,4.144723,3.575476,3.0068429,1.4396801,-0.12741183
-21.180084,-22.338064,-23.494415,-23.934692,-24.375402,-23.691608,-23.007542
-97.62421,-98.16811,-98.71298,-98.64147,-98.572296,-97.89295,-97.212906
115.11168,116.002304,116.89255,116.393845,115.89508,115.7135,115.53192
-55.81258,-56.28954,-56.767773,-56.96934,-57.171223,-57.119785,-57.06769
-1.7044215,-2.084776,-2.465383,-1.5821867,-0.69756174,0.5781059,1.8539467
34.199417,34.69135,35.18241,34.633984,34.08548,33.711056,33.336433
-75.808716,-76.14541,-76.48313,-74.82094,-73.15983,-73.16227,-73.16453
-7.411009,-7.526979,-7.6430936,-6.7866383,-5.9316125,-5.235737,-4.5415816
-47.354877,-46.83718,-46.320217,-46.841183,-47.36147,-46.69115,-46.02284
14.535689,14.765159,14.995487,14.052892,13.110339,11.860202,10.60977
-27.58321,-28.280087,-28.97635,-28.780582,-28.585299,-29.412746,-30.239878
-29.787466,-30.787569,-31.786701,-31.82378,-31.861485,-31.355436,-30.85021
28.739159,29.389856,30.04065,29.71993,29.401247,28.924109,28.446821
-10.500325,-11.335276,-12.169908,-12.359552,-12.548924,-12.244185,-11.938709
-24.449968,-24.356844,-24.262941,-24.387426,-24.511951,-24.07979,-23.646894
57.994762,57.517117,57.03826,56.51667,55.996136,55.598125,55.200237
-24.213278,-25.391241,-26.569794,-26.91792,-27.265148,-28.2891,-29.313051
-78.67329,-79.248985,-79.824005,-78.70786,-77.59234,-76.994896,-76.3987
-11.410686,-10.186045,-8.961115,-8.75884,-8.555871,-9.655741,-10.757122
21.801714,23.5043,25.20593,26.458794,27.712702,27.768755,27.825632
-39.119354,-39.96734,-40.81511,-40.59337,-40.372936,-40.593845,-40.81596
-56.67714,-56.63269,-56.587715,-56.705162,-56.82218,-56.450863,-56.080803
35.40825,35.242268,35.07617,34.584595,34.093468,34.284386,34.4763
15.1502905,15.650706,16.152311,15.906177,15.660375,15.093777,14.526508
-4.798184,-4.047204,-3.2973692,-2.7671177,-2.2375393,-2.1391034,-2.0409636
7.420263,7.195344,6.9705114,7.4887395,8.006538,8.318705,8.629684
-39.133907,-39.676662,-40.219803,-40.172043,-40.122677,-39.903957,-39.68457
-25.140545,-24.889948,-24.63958,-25.239695,-25.839664,-25.432175,-25.025425
100.57997,100.614136,100.64808,100.822075,100.994545,100.495476,99.99472
9.664064,9.063436,8.462568,8.32219,8.183883,8.139442,8.094355
16.525932,16.982883,17.437517,18.22173,19.006798,18.87091,18.73391
-42.790714,-42.648094,-42.50623,-43.478935,-44.45199,-43.657093,-42.861862
-45.964333,-45.18298,-44.402386,-44.351536,-44.298496,-44.58834,-44.877872
36.40814,36.106087,35.80226,36.13199,36.463097,37.24923,38.03457
-14.1266,-13.669903,-13.214941,-12.872991,-12.531174,-12.962367,-13.392849
21.525251,21.369547,21.213472,21.531874,21.85045,22.225674,22.600664
-15.667934,-15.626939,-15.585767,-14.543571,-13.500822,-12.788041,-12.074259
-60.624344,-60.409595,-60.19543,-59.475613,-58.757584,-58.531254,-58.304077
-26.866688,-26.488737,-26.110271,-26.624811,-27.140675,-27.342861,-27.542734
-61.348225,-62.062023,-62.775486,-61.652866,-60.53114,-59.726936,-58.924496
-16.19167,-15.435259,-14.680252,-14.266731,-13.853668,-14.567304,-15.279644
-9.393906,-10.101842,-10.809175,-11.47906,-12.148573,-11.51305,-10.877195
-9.699138,-9.641806,-9.585518,-10.015914,-10.446516,-9.876937,-9.304878
58.655647,58.390373,58.125572,58.407917,58.689163,58.030537,57.37372
-25.911777,-25.584742,-25.25925,-25.64837,-26.036116,-25.62158,-25.206457
-8.765459,-9.668443,-10.571666,-10.607784,-10.644008,-10.3514,-10.057414
40.081112,40.54887,41.01558,40.829533,40.644363,40.014263,39.38405
-0.4897656,-0.11235234,0.26324418,0.5447364,0.825799,1.7880983,2.7503872
-16.632772,-17.087679,-17.542284,-17.717062,-17.893852,-18.542818,-19.193869
25.797724,25.9723,26.146774,25.689867,25.232233,26.549198,27.865276
10.738067,10.719951,10.703562,11.215772,11.729072,11.1405,10.552152
56.327156,56.321198,56.315296,56.01288,55.711205,55.288036,54.8657
-8.411813,-8.584656,-8.75543,-8.669876,-8.582741,-8.252949,-7.9244947
38.173622,38.924942,39.676125,40.28861,40.900486,40.71239,40.525036
30.364275,30.41823,30.470377,30.522121,30.573654,30.753399,30.933231
55.335716,56.298454,57.260628,56.56833,55.875313,55.666336,55.45852
60.2431,60.140327,60.037342,60.04032,60.04469,60.432068,60.820187
10.055418,9.617853,9.180338,9.732477,10.285042,9.493864,8.701042
-31.383762,-31.364782,-31.34481,-31.34364,-31.343319,-30.784607,-30.22458
76.52615,76.83092,77.13426,76.42775,75.71876,75.87291,76.02656
45.475906,45.49546,45.515236,45.46692,45.418488,45.418762,45.419003
-64.83365,-65.37912,-65.924934,-66.63443,-67.34419,-67.84672,-68.34859
41.047157,40.961483,40.877274,40.066418,39.257206,39.58016,39.90299
-64.274315,-63.184753,-62.095245,-61.752636,-61.410667,-60.693024,-59.975517
-50.904575,-51.896343,-52.886364,-53.152233,-53.417812,-53.030205,-52.641644
-9.989045,-10.187225,-10.384672,-10.017197,-9.648638,-10.072364,-10.495278
16.494427,16.561914,16.628424,16.851118,17.07357,17.272669,17.470833
20.212318,20.6788,21.145737,21.925125,22.704777,22.430399,22.15677
-57.752632,-57.282204,-56.813538,-56.29821,-55.782234,-55.16478,-54.546394
34.93705,35.20092,35.464657,34.272697,33.0811,33.148666,33.21589
9.7924,9.954048,10.115078,10.674848,11.23527,10.954462,10.674131
40.018898,40.41427,40.80911,40.840553,40.870033,39.860508,38.84961
-68.596985,-67.9691,-67.34168,-67.03726,-66.732475,-67.39712,-68.06192
0.6504846,0.36164528,0.07214026,-0.7312111,-1.5352397,-1.9533467,-2.3718972
-25.73556,-27.14705,-28.556175,-28.31526,-28.074415,-28.325483,-28.576075
-39.146557,-38.89493,-38.64168,-37.81567,-36.989765,-37.0062,-37.023308
46.548023,46.473423,46.398357,46.1057,45.81162,44.882725,43.953827
71.87647,71.45811,71.039406,70.420906,69.803246,69.78118,69.75829
50.869514,51.08792,51.30722,51.570484,51.833847,51.546265,51.25727
-89.604645,-89.11417,-88.62354,-87.904175,-87.185036,-87.39032,-87.59331
108.799126,108.427956,108.058266,108.14123,108.2227,109.680275,111.138725
-20.893473,-21.492468,-22.092371,-21.784744,-21.478321,-21.1518,-20.824368
-92.66024,-93.25137,-93.84452,-93.89094,-93.93632,-94.8511,-95.76414
-42.621086,-42.74178,-42.863354,-43.29226,-43.721313,-44.270004,-44.820847
-82.584496,-83.453415,-84.32182,-84.09812,-83.87435,-85.36945,-86.86332
-93.85207,-95.11938,-96.38571,-95.981926,-95.57706,-95.959854,-96.34156
18.1945,19.24939,20.305319,19.684242,19.063396,19.281435,19.499777
11.662202,13.210307,14.757835,14.766594,14.773864,15.355141,15.935067
12.44511,12.508553,12.573133,12.385208,12.198452,12.879833,13.56068
55.28672,55.005386,54.724262,54.716347,54.709953,54.943016,55.176918
23.32378,21.960632,20.597198,19.522154,18.44966,19.29924,20.148434
17.885326,19.397076,20.907383,20.688099,20.467054,19.17141,17.875305
-6.671881,-6.974981,-7.2794824,-6.5924096,-5.9060416,-6.8658767,-7.8254075
-10.958587,-10.690611,-10.4209385,-10.602529,-10.783385,-10.821111,-10.858208
53.051876,53.48398,53.915127,53.656437,53.39489,54.292538,55.189682
-70.20908,-69.79879,-69.38961,-68.42824,-67.46721,-67.36411,-67.2629
-18.006596,-18.243967,-18.48166,-17.999783,-17.519201,-17.167953,-16.81758
17.932747,17.549889,17.165298,17.793709,18.422634,17.926598,17.431574
14.420408,14.704082,14.988874,15.321307,15.65271,16.552011,17.450989
26.801744,26.580368,26.35839,26.363401,26.368687,26.748226,27.12793
-7.6771703,-8.122709,-8.568601,-8.962498,-9.357575,-9.065333,-8.773602
5.765704,5.371964,4.979252,5.9337354,6.889611,7.601417,8.314244
1.9855615,1.8461791,1.7085778,1.9155456,2.1213126,2.3159466,2.5092015
-20.14719,-20.365856,-20.584824,-20.2044,-19.822845,-19.7531,-19.682165
-51.912674,-52.67323,-53.433254,-53.246517,-53.058666,-52.316143,-51.574207
-18.097069,-18.894007,-19.690449,-19.555157,-19.419346,-17.753174,-16.087063
76.247955,76.478836,76.70716,76.36652,76.026344,75.59136,75.15626
-69.62257,-70.54578,-71.46898,-71.92631,-72.38354,-72.19437,-72.00605
-86.49971,-87.455574,-88.41031,-88.20028,-87.99073,-86.76726,-85.54244
-1.0047342,-1.146547,-1.2872745,-1.3921591,-1.4969112,-2.1118808,-2.7276793
-47.79453,-47.381966,-46.969727,-46.675304,-46.381023,-45.900524,-45.420254
2.3816154,2.4928918,2.60532,1.61713,0.62766117,0.29019067,-0.04555277
23.965227,24.416426,24.867748,25.380344,25.892857,26.095104,26.297436
-12.267495,-12.796898,-13.327212,-12.25434,-11.182076,-11.31119,-11.442417
-2.693164,-1.6321042,-0.5718558,-0.104870066,0.361943,0.98191905,1.6018884
15.609769,14.822416,14.035602,13.057052,12.07985,11.853894,11.62688
41.90969,42.61665,43.32457,43.894238,44.462856,44.757927,45.05201
-38.69276,-38.927555,-39.160606,-39.10367,-39.04682,-39.004234,-38.96293
-46.27592,-46.390038,-46.50585,-46.317787,-46.127644,-46.318794,-46.50818
5.577339,6.1343126,6.6914654,7.344468,7.9966297,7.7003765,7.403117
-66.61519,-66.97072,-67.32601,-67.05475,-66.78279,-66.95028,-67.11673
-2.7552836,-2.7542841,-2.7527144,-2.2626889,-1.773329,-1.9714463,-2.1712677
-4.111843,-3.7116492,-3.31164,-3.165887,-3.0185478,-4.2685533,-5.519108
55.493168,55.66323,55.831905,55.730938,55.628956,55.509125,55.38734
-6.3665857,-6.865608,-7.3642006,-7.147579,-6.9307346,-6.2429476,-5.5545235
-66.1755,-66.087166,-65.99812,-66.07774,-66.15595,-65.12867,-64.09881
-19.960007,-19.74974,-19.540205,-19.37744,-19.212748,-19.671083,-20.129448
6.2821236,7.063904,7.8453665,7.441004,7.036544,7.3423033,7.649808
-60.653385,-60.488365,-60.323586,-59.306095,-58.288063,-58.44887,-58.608555
43.934,43.799763,43.665752,43.577766,43.489895,42.123352,40.75766
-40.99861,-41.568146,-42.137318,-42.328316,-42.520275,-42.49103,-42.461502
9.299001,9.16385,9.028136,8.847023,8.664769,8.934459,9.205853
26.072062,26.19557,26.318962,25.816473,25.313826,24.208576,23.103754
91.85875,92.759415,93.65873,92.900894,92.142975,92.31914,92.49448
-69.4012,-69.59104,-69.78165,-69.47841,-69.17432,-68.151886,-67.129776
26.493725,25.792538,25.090208,24.885763,24.681519,23.591654,22.500038
-34.374702,-33.72556,-33.074844,-32.712395,-32.3497,-33.51137,-34.672516
-42.045303,-42.97969,-43.913383,-44.92053,-45.928394,-45.77951,-45.630947
-57.459606,-56.24798,-55.03599,-54.316708,-53.59857,-53.646435,-53.693287
15.406778,15.483509,15.558756,16.040844,16.52431,16.772964,17.023115
39.712734,40.034317,40.35768,40.717205,41.07569,40.776726,40.477898
10.496679,10.851959,11.207736,12.380255,13.552406,13.740576,13.928288
5.930993,5.909046,5.8877063,4.8569627,3.8256145,4.7624683,5.6992784
-72.807,-72.45622,-72.106316,-71.61854,-71.13039,-71.315765,-71.50067
38.51562,39.078087,39.641502,39.235332,38.827934,39.373253,39.918884
55.233585,55.581543,55.927654,55.78142,55.63492,56.481304,57.325573
138.00034,139.24171,140.48447,139.88234,139.28004,138.23018,137.17883
60.26549,60.145126,60.02407,59.33691,58.651264,57.178146,55.70496
5.908185,6.1705084,6.432472,7.3331633,8.234214,8.449078,8.665474
55.40959,55.631065,55.85389,54.75319,53.652443,53.588806,53.523594
-78.34998,-78.587425,-78.822914,-78.39582,-77.96793,-77.84379,-77.71843
3.0611541,3.0125663,2.9648674,2.7731292,2.5810287,2.3927581,2.205262
-31.646704,-32.424786,-33.204372,-33.141186,-33.077557,-32.73641,-32.395763
-93.87973,-94.48489,-95.09037,-94.771324,-94.45247,-95.063286,-95.67478
-48.0212,-48.345165,-48.66857,-48.89997,-49.129307,-49.07404,-49.018
-10.992457,-11.276205,-11.559178,-12.388627,-13.216947,-14.151812,-15.0871525
25.279823,25.787617,26.293928,27.256378,28.219803,28.4396,28.658958
17.83199,17.632387,17.434761,16.70839,15.980851,15.740796,15.49992
-8.379869,-8.535646,-8.692453,-8.794632,-8.898557,-8.0413265,-7.184503
7.89322,9.107473,10.320706,10.76268,11.202612,11.33153,11.460794
34.75982,35.248634,35.73802,35.900085,36.06153,35.727703,35.393593
3.331932,3.8052816,4.2776904,5.8103986,7.344052,6.825554,6.3063283
-44.076344,-45.164963,-46.25351,-46.301285,-46.3487,-46.425304,-46.503113
-2.4411929,-2.2312682,-2.02051,-2.4752867,-2.9308722,-2.9272177,-2.922024
-13.630078,-12.502921,-11.376107,-11.667474,-11.956851,-12.297519,-12.637891
75.57961,76.42444,77.26885,77.616104,77.96271,77.45349,76.9435
-5.0563474,-4.6244187,-4.190883,-5.5215297,-6.852419,-5.76827,-4.683434
-35.643066,-34.816914,-33.989647,-34.71378,-35.43743,-35.404736,-35.372986
-47.878853,-48.49059,-49.10283,-48.74906,-48.39413,-48.370384,-48.347656
-4.089857,-4.56254,-5.032544,-4.5424347,-4.052889,-2.96167,-1.8679409
-21.445398,-21.296713,-21.147104,-20.594152,-20.04044,-20.197641,-20.354954
-55.19475,-55.626713,-56.05772,-56.10902,-56.160046,-56.922443,-57.684048
40.276676,40.2352,40.19493,39.801247,39.408043,38.873905,38.34027
-29.011322,-28.498259,-27.985023,-27.211254,-26.438623,-27.200996,-27.960907
-45.291965,-45.301746,-45.311848,-44.564438,-43.81602,-43.601826,-43.385815
-20.275597,-20.186983,-20.097225,-20.72847,-21.360214,-21.54805,-21.736053
-45.084183,-44.825237,-44.566376,-44.195354,-43.82372,-43.72343,-43.623573
10.303107,9.934455,9.565838,9.089799,8.61385,9.73932,10.8664055
-5.6162148,-5.810218,-6.0049295,-6.0790157,-6.151248,-5.7479076,-5.343934
26.30461,26.092316,25.880302,26.154829,26.429358,27.646593,28.862558
-4.6930084,-5.369027,-6.043844,-6.4067144,-6.769291,-6.802828,-6.8352337
-1.1763453,-1.9581561,-2.7390628,-1.843658,-0.9501377,-1.2457805,-1.5403628
-42.15242,-41.94343,-41.733772,-42.18186,-42.627464,-42.42594,-42.225193
50.416367,50.709305,51.001892,51.89607,52.789707,51.79567,50.80252
37.87569,38.38773,38.900723,39.21309,39.52783,39.78616,40.044838
-59.02812,-59.13749,-59.245106,-58.877804,-58.510746,-58.117798,-57.7244
1.3371252,1.9814008,2.624742,3.350061,4.074081,4.652536,5.230163
-7.597169,-7.380539,-7.1638966,-7.0254564,-6.889098,-6.91166,-6.9351873
-49.095966,-49.128624,-49.160942,-49.150284,-49.138695,-49.252903,-49.367287
-59.635098,-59.936203,-60.23834,-58.972065,-57.704903,-57.615993,-57.52608
83.64026,83.39246,83.143814,82.2849,81.42785,81.41153,81.39755
-58.560234,-58.546654,-58.534313,-58.29992,-58.06679,-57.857746,-57.648983
-11.707452,-12.079703,-12.452051,-11.905182,-11.35842,-11.340164,-11.323326
-51.473858,-51.970142,-52.466057,-52.29011,-52.114212,-51.81227,-51.508823
-67.60091,-68.126526,-68.65243,-68.69761,-68.7402,-68.98242,-69.2243
39.93284,40.791386,41.64997,41.29771,40.943752,40.35602,39.767784
-94.18082,-95.19774,-96.21573,-95.399796,-94.58481,-94.043594,-93.5027
-14.389467,-14.362669,-14.337025,-14.867598,-15.398234,-16.086945,-16.775082
-96.64852,-95.48835,-94.32847,-94.42078,-94.511986,-94.31783,-94.121155
5.0500975,5.5768776,6.1024904,6.5867004,7.0711555,6.651211,6.231659
-49.446198,-49.641575,-49.835976,-49.520157,-49.20447,-50.271885,-51.339016
-73.940216,-75.14444,-76.34741,-76.33745,-76.32728,-75.80597,-75.282814
-39.628895,-39.82092,-40.01356,-39.75869,-39.502537,-38.02863,-36.55548
-76.7006,-76.70191,-76.70346,-75.89317,-75.081314,-74.77599,-74.46908
51.76526,51.36652,50.968185,51.478893,51.989986,51.671547,51.352886
-33.503517,-33.723362,-33.943474,-34.135098,-34.327713,-35.1693,-36.01166
-14.061253,-14.448928,-14.835494,-15.003605,-15.171063,-15.345854,-15.520418
59.94849,60.308033,60.66721,60.272743,59.87592,60.76543,61.654278
-43.884274,-43.367966,-42.851894,-42.424026,-41.99565,-42.242447,-42.489925
28.294827,27.86562,27.436113,28.52622,29.61766,28.874968,28.132463
38.181095,38.680862,39.180027,39.542046,39.902657,41.026684,42.150867
9.957545,9.239749,8.52203,8.607741,8.692808,8.521662,8.351637
-53.12571,-54.064808,-55.00516,-54.48048,-53.953835,-53.797455,-53.641644
1.3398204,0.85058075,0.36117417,0.7169071,1.0703521,1.0007348,0.9315868
53.177975,52.57172,51.96371,51.030674,50.097065,49.247223,48.39617
-11.037064,-11.956649,-12.875193,-11.964752,-11.052869,-10.926339,-10.7998705
-10.549544,-11.663843,-12.776431,-12.441735,-12.108149,-11.130576,-10.153859
6.512794,5.5201697,4.5276694,4.1205325,3.7133899,4.3471007,4.981485
-40.643806,-40.597183,-40.548637,-39.965332,-39.382023,-39.52554,-39.669197
-48.83871,-49.107952,-49.377728,-50.4241,-51.468605,-50.89909,-50.329517
86.727646,87.14753,87.5659,87.39534,87.22476,87.624115,88.02149
-70.650665,-70.916695,-71.18374,-70.910645,-70.63732,-70.186424,-69.735344
-35.647118,-35.244823,-34.839725,-34.6538,-34.468014,-33.72188,-32.974514
95.552925,95.298615,95.044174,93.759766,92.4757,92.7295,92.9823
5.3412495,4.086397,2.8309245,1.8694429,0.90938616,0.620208,0.33089328
-62.38017,-62.051014,-61.720318,-61.59017,-61.461063,-60.901875,-60.343166
-13.711685,-13.844128,-13.976288,-13.333681,-12.689901,-12.57906,-12.468058
69.62298,70.43526,71.247154,71.92128,72.59625,73.34531,74.093124
-1.458735,-1.0553889,-0.6510248,-1.059659,-1.4692459,-2.3827548,-3.2960024
2.431922,2.6914701,2.952077,2.7697115,2.588296,1.745903,0.90281105
-15.898823,-16.15862,-16.419214,-15.701198,-14.983806,-14.778045,-14.572226
4.0965543,4.7134323,5.3296905,6.680838,8.032275,8.096072,8.159324
-24.202236,-24.583088,-24.964764,-24.830616,-24.695942,-24.411839,-24.128826
5.675268,5.8629546,6.052491,5.8947406,5.737273,6.7655044,7.793509
-48.68219,-49.374535,-50.066597,-50.3145,-50.561104,-50.51788,-50.472702
14.0913725,13.321628,12.551915,12.892907,13.233636,12.944182,12.654346
-43.235245,-42.919758,-42.60331,-43.33593,-44.067223,-44.98998,-45.91391
-43.849064,-44.464314,-45.07816,-44.826202,-44.573635,-44.407047,-44.240253
-3.0496392,-2.820403,-2.590742,-2.9552913,-3.3203652,-2.7841024,-2.2481816
21.190178,21.710367,22.231823,22.212317,22.192919,21.451664,20.710972
-49.32167,-49.110542,-48.89868,-49.440464,-49.981438,-50.276222,-50.57107
-3.2558098,-3.2072868,-3.1604862,-2.6508083,-2.1414242,-1.4138489,-0.6859016
7.3980994,6.1509795,4.9063363,4.397506,3.8876777,3.9027305,3.9180007
-63.37508,-63.296036,-63.216244,-62.094986,-60.97491,-59.520245,-58.065258
4.394965,5.2316647,6.067155,5.336257,4.6035414,4.254285,3.9042723
53.408226,53.210396,53.013805,53.13572,53.258095,53.200043,53.140327
66.88229,68.10486,69.326614,68.78373,68.24054,68.01017,67.77861
19.587004,19.873737,20.159832,20.217716,20.275312,18.666245,17.056932
-58.994278,-58.918797,-58.843285,-58.85819,-58.870453,-57.831223,-56.793568
-20.2632,-20.656757,-21.050789,-21.182028,-21.313587,-21.499804,-21.685213
13.1131935,12.426632,11.739613,11.86634,11.993116,12.069568,12.148674
1.9449395,2.3832433,2.8206162,2.6798413,2.5387094,1.560788,0.5830296
95.65698,95.57726,95.49813,94.388535,93.27824,93.788055,94.29873
-9.447535,-10.2894745,-11.131492,-10.14493,-9.159183,-9.5282,-9.897179
-42.112026,-41.936104,-41.762257,-42.12578,-42.48896,-42.72146,-42.954224
-40.9421,-41.835663,-42.730885,-42.518105,-42.305206,-43.625793,-44.946476
-27.265017,-26.877573,-26.488708,-26.064417,-25.63996,-24.515234,-23.390043
-75.13196,-75.65687,-76.183014,-75.15715,-74.13277,-72.623245,-71.1136
-67.47289,-67.958084,-68.44403,-67.17913,-65.91405,-65.38397,-64.85383
64.79764,64.77543,64.75324,64.77195,64.78874,65.22569,65.663994
9.18967,8.840636,8.491537,8.349147,8.20688,7.557528,6.9092436
9.5594225,9.6567545,9.751441,9.301448,8.853727,8.4810505,8.108924
-5.313374,-4.7360272,-4.1603208,-4.101685,-4.043595,-3.600533,-3.1583142
-65.75988,-66.51888,-67.27668,-66.87185,-66.46805,-66.40549,-66.34188
42.68979,43.534283,44.377686,45.09864,45.8214,46.173893,46.52718
25.016535,25.622515,26.229431,25.647173,25.064829,25.86397,26.662312
-0.33603463,-1.1146377,-1.8937811,-2.5376084,-3.1818688,-2.6045163,-2.0275457
-5.3246455,-4.6856704,-4.0473533,-3.3397105,-2.632806,-2.2227194,-1.8119663
42.41012,42.981148,43.55163,43.51274,43.47294,43.828964,44.18444
1.2955753,1.0935022,0.8905669,1.4652306,2.0409184,2.2113962,2.3827572
-8.643519,-9.1898985,-9.736148,-10.348759,-10.959868,-12.611244,-14.261942
-76.80143,-77.58603,-78.37097,-78.26392,-78.15589,-78.71155,-79.265526
-31.487896,-31.210003,-30.932444,-31.123264,-31.31372,-32.2088,-33.1053
47.899788,47.4859,47.071697,47.289154,47.506546,46.103516,44.700478
-16.011597,-17.168736,-18.32547,-17.838387,-17.349804,-16.621582,-15.892586
-12.99766,-13.007679,-13.017685,-12.918173,-12.819276,-12.161247,-11.5023365
-1.1431245,-0.44377416,0.25582987,0.4583426,0.66077715,0.33963305,0.021424357
8.462235,8.706044,8.949428,9.043255,9.134925,8.223294,7.3110995
68.44259,68.765945,69.08741,70.35819,71.62843,71.89885,72.16838
-57.979782,-57.839397,-57.698345,-56.834404,-55.971127,-55.497852,-55.02422
7.8157096,7.0499787,6.2828383,6.592686,6.9000697,6.638478,6.3756948
17.530762,17.891058,18.251207,17.868677,17.486193,17.553625,17.6202
-8.429722,-7.58395,-6.7402763,-5.7214794,-4.702961,-4.2723503,-3.8434298
-97.33786,-97.35617,-97.37294,-96.206406,-95.041016,-94.287,-93.53226
-74.13461,-74.696884,-75.26153,-75.686264,-76.10991,-76.57983,-77.05003
-45.394096,-45.15182,-44.91081,-45.491844,-46.072044,-46.789894,-47.507706
10.387298,9.973241,9.558978,9.288055,9.017585,8.275127,7.5317497
-65.57646,-65.35103,-65.124626,-65.496124,-65.86684,-67.17715,-68.48716
21.385769,21.943771,22.501984,21.974506,21.447102,21.932684,22.419119
65.72613,65.05476,64.384155,64.236694,64.08799,64.34794,64.60589
33.705696,33.620518,33.53594,33.498615,33.461388,34.359035,35.2562
100.72931,100.70038,100.670906,100.46138,100.252045,100.2671,100.2811
-73.57357,-73.324135,-73.07479,-73.37392,-73.672966,-74.69433,-75.71471
-18.173973,-17.964033,-17.754354,-17.195034,-16.636557,-16.51565,-16.393297
-28.79078,-29.018654,-29.247797,-29.0766,-28.904081,-28.920801,-28.937527
-39.82129,-39.82948,-39.83595,-39.79087,-39.744545,-39.694332,-39.643635
39.639526,39.08306,38.52698,37.65387,36.778793,36.959015,37.13875
-29.910465,-30.558655,-31.207455,-30.759048,-30.310806,-31.085274,-31.859852
6.7725687,7.4682655,8.163881,7.8269987,7.4885883,8.168361,8.847861
-10.76195,-10.466193,-10.170705,-10.473251,-10.775344,-10.904584,-11.034778
0.60150486,-0.08390467,-0.7694592,-0.50953716,-0.24985735,-0.43764347,-0.6263184
92.53448,93.08254,93.63039,92.684296,91.74002,91.01966,90.29862
-3.5458193,-4.509495,-5.47366,-4.6071486,-3.739099,-4.688104,-5.637285
87.14012,87.27213,87.403114,87.27933,87.15498,87.294106,87.43285
-50.02999,-50.433186,-50.835964,-50.499657,-50.16387,-50.830143,-51.4976
12.350425,12.522099,12.695498,12.138123,11.582068,11.863471,12.144116
-0.53660864,0.6558719,1.8495245,2.7804937,3.7102518,4.3693576,5.029358
66.006096,65.755936,65.505455,64.77838,64.05237,63.80035,63.54717
6.488407,8.2901125,10.092631,10.195554,10.297862,9.773416,9.24672
84.746414,84.723785,84.700806,84.73269,84.76297,84.964096,85.16536
39.381496,39.976826,40.571423,40.380688,40.18909,40.649403,41.109287
43.52772,42.962902,42.397964,42.53146,42.663517,43.29276,43.922215
14.676186,13.968873,13.259204,13.078353,12.89717,12.652426,12.407962
19.288412,18.358156,17.42703,16.893452,16.358912,16.519398,16.678827
1.3906611,1.7083997,2.0263007,1.9952685,1.9635445,1.8106388,1.658167
18.450949,18.931395,19.412039,19.465311,19.518324,19.98139,20.444857
-99.31628,-99.12012,-98.92261,-98.28759,-97.651794,-97.248665,-96.84578
-63.606,-64.84006,-66.07459,-66.11191,-66.15117,-65.68826,-65.225784
-77.30223,-77.25568,-77.20877,-76.4404,-75.671844,-75.74385,-75.81486
17.923353,18.31234,18.70123,18.724838,18.748224,18.78507,18.821348
-65.12931,-64.44085,-63.75364,-62.812893,-61.873333,-62.223446,-62.573563
48.167213,48.792118,49.416473,50.631683,51.846905,52.129654,52.41252
10.928062,11.2992935,11.670471,12.338512,13.007418,13.262722,13.519215
23.608866,22.817963,22.027498,22.335173,22.642202,22.589926,22.537697
-56.95601,-56.67037,-56.384743,-55.64144,-54.89833,-54.737267,-54.577084
58.91516,58.80169,58.68844,58.325993,57.963203,57.905243,57.848022
-1.1763709,-0.86052734,-0.54534465,-0.8445323,-1.1411564,-1.6773083,-2.2134373
11.527616,12.152994,12.776576,12.187251,11.598524,12.155461,12.712227
51.91494,50.893852,49.87243,49.99421,50.116478,50.851105,51.583996
38.869984,39.46774,40.066418,40.23165,40.397076,40.727894,41.05895
-19.174816,-18.757893,-18.34156,-17.623468,-16.904835,-17.126936,-17.34817
-5.5300994,-5.1568685,-4.785484,-3.7945666,-2.8033557,-3.44486,-4.0860763
-27.403841,-27.77647,-28.14768,-29.667124,-31.186943,-31.703299,-32.220387
6.0565457,6.3804173,6.705235,6.437659,6.1722302,7.0242333,7.874951
-16.28741,-16.58442,-16.880867,-17.40572,-17.931015,-17.111242,-16.29237
8.837115,8.858636,8.883532,8.410364,7.937181,7.569597,7.2029157
-7.4665065,-6.7012467,-5.935562,-6.266762,-6.598325,-7.583586,-8.56888
48.387577,48.991913,49.597042,49.54097,49.48526,49.017536,48.551228
-5.936715,-5.4544187,-4.9724007,-4.820844,-4.6688147,-4.932019,-5.1950054
76.69428,76.78008,76.86594,77.186935,77.50813,77.767784,78.02635
24.367401,25.028942,25.690796,25.69727,25.703201,24.191612,22.680817
-44.497406,-44.343422,-44.18995,-42.68412,-41.177685,-41.99819,-42.818165
-18.48758,-18.763992,-19.038921,-19.028082,-19.01606,-18.822123,-18.627077
6.791558,6.8360467,6.8798814,7.712689,8.546155,8.5911,8.635625
-4.4537005,-5.2410693,-6.0288005,-5.429588,-4.8307586,-3.9656234,-3.101623
9.716922,9.802097,9.888343,9.539189,9.191375,8.481074,7.7712374
6.477006,6.879884,7.284416,6.762467,6.240828,5.3729415,4.5062494
-98.63052,-99.4267,-100.222885,-100.41791,-100.613205,-101.40719,-102.20236
73.49835,74.17289,74.847145,75.231735,75.61597,75.6497,75.682556
0.63303906,1.2817154,1.9317966,3.103765,4.2750435,4.110094,3.9460013
-45.159145,-45.472637,-45.787823,-46.515087,-47.242245,-48.71777,-50.193134
74.255554,73.72737,73.19977,73.31194,73.42464,71.949425,70.4747
-95.9042,-95.96999,-96.03596,-95.26316,-94.49111,-93.74793,-93.004326
-1.0154669,-1.6883132,-2.3604596,-1.9375036,-1.5150769,-1.4933288,-1.4708283
4.968162,4.652954,4.33911,4.1582723,3.9770858,3.2209384,2.4650648
15.826573,15.715248,15.602592,15.214546,14.825425,15.516076,16.206219
121.46169,122.49407,123.52462,123.00712,122.48949,122.028694,121.56765
10.849858,10.977439,11.105302,10.796381,10.487838,10.027093,9.564834
64.96228,65.94452,66.926865,65.974144,65.0215,63.394093,61.76561
19.15805,18.228247,17.300722,16.749258,16.196821,16.521784,16.846556
-47.255756,-46.89555,-46.53656,-46.149666,-45.76273,-46.640728,-47.51922
84.86119,84.66321,84.46733,83.05128,81.63161,83.19572,84.75934
-64.45799,-63.66546,-62.874035,-61.93965,-61.00405,-59.787415,-58.570095
78.75775,78.26971,77.781906,78.37116,78.9612,79.55681,80.151215
-17.373121,-16.727444,-16.08113,-16.148031,-16.215048,-15.920225,-15.624836
-6.5774946,-6.8020973,-7.0238504,-7.0020466,-6.982256,-7.064105,-7.146698
-6.514031,-6.280956,-6.0476995,-5.971263,-5.894693,-5.1948247,-4.496631
-101.93679,-102.39936,-102.86183,-101.703606,-100.545685,-100.07264,-99.598694
47.690575,47.658367,47.62542,46.692417,45.758656,44.98948,44.22037
35.587666,35.79242,35.99588,35.187653,34.37695,34.2751,34.172684
-15.80614,-16.260284,-16.715652,-15.90406,-15.092838,-14.838077,-14.582444
5.8072314,6.704541,7.6033072,7.8627906,8.121148,7.974629,7.828279
37.249146,36.981834,36.712704,36.85757,37.003292,37.694218,38.38537
-0.44526115,-0.54583466,-0.6481525,-0.7525598,-0.8572055,-1.4748536,-2.0934718
15.372433,14.635458,13.899935,14.283737,14.666626,15.597677,16.528847
-28.122736,-28.621511,-29.119745,-30.819416,-32.51938,-33.239635,-33.96138
-28.306082,-27.621567,-26.93944,-26.82453,-26.70993,-26.620638,-26.53176
-4.0869417,-4.8910317,-5.694731,-5.1714797,-4.6476436,-4.50623,-4.3666244
54.606377,54.39156,54.17581,53.14553,52.115948,53.1864,54.25293
-23.194893,-23.714972,-24.236012,-23.907362,-23.578619,-23.63162,-23.684027
49.2545,49.25721,49.260284,48.940174,48.619064,49.1391,49.658386
5.8502936,4.929666,4.0093303,3.8485029,3.6889741,4.3062234,4.924708
0.72524804,0.6495082,0.5739228,0.67075795,0.768562,-0.37563452,-1.5184463
-108.33823,-108.563156,-108.78807,-108.547676,-108.30577,-107.96854,-107.63182
76.78972,76.51947,76.24816,75.80726,75.36655,75.65367,75.94056
16.009106,16.548712,17.088,16.814283,16.54052,15.613313,14.685514
66.168526,66.47218,66.773476,66.452995,66.133575,66.14061,66.14846
-4.660659,-4.7325974,-4.804117,-5.2109528,-5.6174755,-6.705181,-7.7939415
-6.5385404,-6.4015927,-6.264623,-5.944255,-5.6242537,-4.5258703,-3.4276323
35.123688,35.106094,35.08745,36.75053,38.411316,39.160324,39.908955
16.03489,16.401583,16.768816,16.28884,15.810138,17.035587,18.26001
26.216516,26.377542,26.53628,26.299517,26.061745,27.616043,29.168512
-2.9351456,-2.316913,-1.6984121,-2.0219414,-2.3442042,-2.6709406,-2.998049
-69.79251,-70.03428,-70.27637,-70.41779,-70.56028,-70.9737,-71.38727
-15.300677,-14.311095,-13.321253,-12.007567,-10.691346,-10.479453,-10.268025
-20.124863,-19.67919,-19.233374,-19.357306,-19.481699,-19.044407,-18.607792
-70.28916,-71.23797,-72.18775,-72.075714,-71.963585,-71.76118,-71.5593
-10.321135,-10.793111,-11.265958,-10.674357,-10.082322,-9.836682,-9.59129
-71.28062,-71.73836,-72.19551,-71.22495,-70.25339,-70.20565,-70.15759
21.762352,21.414686,21.066553,20.995363,20.922972,21.062006,21.200188
-100.04477,-99.74022,-99.43609,-98.74984,-98.064514,-98.03582,-98.00629
-78.61977,-78.9781,-79.33542,-79.183655,-79.03207,-79.35646,-79.67941
-24.713299,-25.949545,-27.18651,-26.548613,-25.911043,-26.174871,-26.43867
90.421875,90.75545,91.08826,90.758064,90.42782,90.26369,90.099335
79.85855,79.94008,80.02052,79.97138,79.91998,80.998,82.07481
63.38728,61.95976,60.53247,59.706398,58.880325,59.7668,60.652073
24.946169,24.807709,24.67111,24.87868,25.085667,25.212969,25.34081
-63.833015,-63.77344,-63.71676,-63.46813,-63.21839,-63.96056,-64.70314
-126.60231,-126.37563,-126.14904,-125.25384,-124.35874,-124.54681,-124.73385
-47.34302,-47.816776,-48.289436,-47.219223,-46.149273,-46.971764,-47.79405
-0.5970702,-1.0574684,-1.5173569,-2.9070988,-4.297432,-4.224513,-4.1524553
-22.507565,-22.447823,-22.385117,-21.69273,-21.000954,-21.04686,-21.091942
-104.1003,-105.00996,-105.919,-104.80467,-103.69051,-103.34513,-102.997955
63.058964,62.6435,62.22772,63.480457,64.733025,65.52382,66.31581
0.80253863,0.98814654,1.1717947,1.0572002,0.94102645,0.92867446,0.9169748
-17.568876,-17.855831,-18.141426,-18.449879,-18.758806,-17.474287,-16.189835
-16.37623,-16.156393,-15.93663,-15.7930565,-15.650204,-15.8632145,-16.077604
-12.974743,-13.429387,-13.884102,-14.405163,-14.927329,-15.075176,-15.223974
73.56168,73.7278,73.8938,72.71828,71.54146,70.1103,68.6803
-8.140188,-8.655651,-9.171761,-9.859972,-10.548216,-10.398308,-10.247353
-31.071735,-30.27308,-29.474735,-29.107738,-28.741024,-29.733273,-30.726532
-21.415398,-21.303835,-21.192945,-21.360172,-21.52714,-22.58701,-23.646925
-27.62782,-27.718729,-27.808548,-28.503857,-29.199373,-29.6795,-30.158537
-41.91833,-41.133625,-40.34933,-39.793156,-39.23849,-39.54954,-39.859585
39.26998,38.78026,38.29084,37.01793,35.744232,35.594246,35.443604
32.587788,32.814846,33.04223,33.29427,33.546677,33.665302,33.783875
71.29445,71.67541,72.05502,72.589005,73.12293,74.62702,76.12879
37.795723,38.108303,38.42127,38.66797,38.91626,38.868694,38.820282
-7.5358562,-7.0765753,-6.615841,-6.5814877,-6.5476036,-6.4322357,-6.3168163
30.733088,30.853022,30.973047,31.069513,31.166115,32.238644,33.309994
4.6759486,4.7757063,4.8746805,5.5360346,6.197559,5.549424,4.903729
-51.22242,-51.622856,-52.022766,-51.938316,-51.85405,-51.634026,-51.414745
-55.744,-55.284153,-54.824154,-54.54698,-54.267384,-55.070415,-55.87265
3.3516252,3.4694893,3.5871131,2.5403163,1.4937733,1.0557069,0.61722744
38.009735,39.08655,40.163403,40.451057,40.739006,41.226013,41.71095
24.816372,24.284353,23.754335,23.75252,23.751787,24.450985,25.150915
-11.573261,-10.918861,-10.264217,-9.860319,-9.457567,-9.174995,-8.891584
-1.4868664,-1.6878451,-1.8883432,-1.8715388,-1.8552693,-1.761207,-1.6659697
7.1456394,7.4965315,7.8464813,8.457368,9.068904,8.567806,8.069284
50.963852,50.743618,50.524548,50.08295,49.639515,49.570717,49.501423
-7.362865,-7.7427773,-8.122515,-9.2686825,-10.416018,-10.646801,-10.8787365
107.17516,108.21202,109.24986,110.05488,110.86079,110.90927,110.95646
22.563076,22.28703,22.010939,21.263035,20.514462,20.44346,20.372602
8.3982115,8.967965,9.538224,10.805871,12.072495,12.178039,12.286479
-27.509174,-27.260923,-27.01231,-26.677582,-26.344135,-27.100182,-27.855034
-75.93911,-75.70812,-75.47764,-74.75468,-74.03203,-73.17707,-72.32235
-11.957614,-11.704385,-11.449702,-11.450802,-11.453076,-11.012923,-10.570799
-9.869172,-10.520511,-11.170978,-11.520711,-11.871545,-13.157033,-14.444216
-107.265076,-107.089294,-106.912735,-105.760704,-104.608665,-104.853584,-105.09678
-21.953781,-21.936245,-21.917803,-20.8704,-19.823456,-19.646269,-19.468008
48.841835,48.85472,48.86738,48.862137,48.85652,48.969753,49.08274
-82.393005,-83.056526,-83.71928,-83.01404,-82.3091,-81.54854,-80.78786
10.560244,10.779886,10.999946,10.089228,9.177791,9.869112,10.560855
7.6590943,7.1056714,6.551176,6.0029597,5.454677,6.159932,6.8667955
6.323809,6.296416,6.2701945,5.44023,4.609361,4.452439,4.2960696
-4.1343637,-4.187659,-4.2405467,-3.4448423,-2.6495533,-1.9348632,-1.2184159
20.74991,20.649893,20.550117,20.663933,20.777802,20.616827,20.456148
54.82924,55.073486,55.319622,54.89637,54.474583,54.03469,53.59527
-29.455072,-29.210402,-28.965528,-28.177994,-27.391016,-26.392206,-25.393692
-80.329185,-80.32433,-80.31835,-79.17435,-78.03007,-78.57331,-79.11668
-45.692696,-46.622246,-47.553387,-47.134727,-46.7165,-45.985523,-45.254864
-72.94924,-73.29944,-73.65034,-72.6654,-71.67973,-71.766045,-71.85138
7.2743535,6.37719,5.4819455,5.3761744,5.2720685,4.8255095,4.378654
18.716661,19.299845,19.883018,19.84458,19.804705,19.820677,19.83573
-160.04366,-160.09157,-160.13774,-159.0218,-157.90518,-157.63391,-157.36282
1.8151089,2.7784917,3.740994,3.7725692,3.8033462,2.3391016,0.8749625
40.560303,40.650654,40.741985,40.715393,40.68855,41.482986,42.277145
24.25346,24.948353,25.64449,25.57624,25.508787,23.972412,22.435389
13.532111,14.432094,15.331632,15.476241,15.620477,15.89875,16.176771
-23.146677,-24.364365,-25.58124,-25.360197,-25.138096,-24.738482,-24.339056
101.13585,101.288475,101.44183,101.22403,101.004875,101.350525,101.69449
34.25317,33.485947,32.718758,34.155254,35.59281,34.83311,34.07258
5.6988354,6.1844187,6.6687965,7.366555,8.062502,9.182732,10.303128
15.22343,15.408352,15.592477,15.775992,15.957273,15.983448,16.009562
25.454428,25.337542,25.220068,25.015093,24.811174,24.44211,24.070742
22.650461,23.736639,24.822813,24.808437,24.79397,25.464111,26.13489
-20.995003,-20.873913,-20.752567,-20.15443,-19.557007,-20.049158,-20.540127
-21.894339,-22.323835,-22.754744,-23.128717,-23.501497,-23.131105,-22.760565
23.904995,23.41686,22.92892,22.481203,22.034018,21.469503,20.904274
16.131037,16.453499,16.775143,17.363733,17.951614,18.987148,20.022284
-119.55411,-118.93857,-118.32354,-117.52915,-116.73387,-115.354034,-113.97312
-60.524403,-61.00406,-61.48413,-60.359207,-59.23387,-58.636715,-58.039413
8.70627,9.406282,10.106312,10.456877,10.808153,10.604576,10.4000845
-57.164017,-57.04801,-56.93261,-56.147545,-55.3637,-53.748672,-52.134045
77.485855,77.466255,77.446,77.06841,76.68927,76.800964,76.91221
-11.521647,-11.213939,-10.90558,-10.160419,-9.414653,-8.849128,-8.284066
-12.043993,-12.179249,-12.3164425,-12.003006,-11.689501,-10.9557705,-10.221903
-10.081599,-10.773735,-11.465477,-11.50769,-11.55056,-11.553991,-11.557873
-5.625385,-4.5744543,-3.5241146,-3.064003,-2.6047907,-2.9030561,-3.2012691
-100.50622,-100.839386,-101.172745,-100.40745,-99.64223,-100.62459,-101.60588
25.131319,25.344595,25.557024,25.758116,25.95966,26.821428,27.682371
17.170681,17.13991,17.10984,16.887112,16.665035,16.291315,15.917506
-119.861626,-119.90003,-119.93946,-118.898155,-117.85659,-118.73276,-119.608574
64.66342,64.46228,64.26153,64.31775,64.374916,65.97131,67.56731
-17.488014,-17.296936,-17.105536,-17.615805,-18.124647,-18.944832,-19.765753
44.4434,44.9035,45.362537,45.189533,45.016537,44.48405,43.94961
62.26268,62.829086,63.395622,63.691124,63.98745,63.697456,63.405796
