2014 SVI Aged 17 or Younger Encoding,2015 SVI Aged 17 or Younger Encoding,2016 SVI Aged 17 or Younger Encoding,2017 SVI Aged 17 or Younger Encoding,2018 SVI Aged 17 or Younger Encoding,2019 SVI Aged 17 or Younger Encoding,2020 SVI Aged 17 or Younger Encoding
8.101286,8.267004,8.431958,8.264748,8.095456,7.9530625,7.809603
62.720493,63.257584,63.795574,63.173687,62.553173,63.76674,64.98158
-17.903898,-18.364552,-18.826977,-18.86189,-18.898249,-19.220097,-19.542265
54.686142,54.427322,54.16982,53.599075,53.029854,52.253723,51.47731
-47.999996,-47.589268,-47.178867,-46.960766,-46.743534,-47.03736,-47.330635
-0.60454607,-0.091327175,0.4210706,0.19563581,-0.031307206,-0.34013316,-0.6482868
-4.0352325,-3.9911606,-3.9460552,-4.488352,-5.028934,-4.614316,-4.2001133
-72.3895,-72.55063,-72.71005,-72.46995,-72.23025,-71.69247,-71.155624
-96.448204,-96.11283,-95.77697,-95.33843,-94.899414,-94.55659,-94.21624
0.93065834,0.8944062,0.85943556,1.1248498,1.3906183,1.8253431,2.2602396
-21.507788,-21.504444,-21.500498,-21.237137,-20.973965,-20.818174,-20.661938
4.926992,5.4517016,5.9773455,6.064652,6.1530447,6.6591716,7.1657786
-26.828785,-26.77769,-26.727148,-27.830748,-28.932913,-29.61091,-30.288736
107.39928,108.096436,108.79425,107.89227,106.9903,106.90939,106.83012
-19.837957,-18.929522,-18.021345,-17.585888,-17.150997,-17.539305,-17.929205
3.777178,4.2616315,4.7445073,4.0700097,3.3957226,3.5255883,3.656708
57.46734,57.49269,57.51919,58.08853,58.65791,59.68406,60.711895
-56.917515,-57.24805,-57.57964,-57.41483,-57.249184,-58.008373,-58.76824
24.627352,24.391663,24.1559,23.325151,22.494911,21.997608,21.50115
-98.80225,-98.494255,-98.18649,-97.77625,-97.365295,-96.89196,-96.418724
23.37125,23.722795,24.074436,23.483656,22.893518,22.750273,22.60745
-18.920885,-18.875824,-18.83236,-18.504341,-18.17691,-18.238941,-18.30092
6.183442,6.841305,7.4995155,8.097723,8.695309,9.719056,10.741464
-61.593838,-61.226723,-60.858482,-60.156235,-59.455376,-59.340107,-59.225166
57.269745,58.2041,59.138588,58.954258,58.768364,58.824318,58.882576
-34.552544,-34.804043,-35.053753,-34.370655,-33.686512,-34.318558,-34.9502
50.560093,50.78896,51.01753,50.461727,49.906,50.031857,50.159885
-91.90053,-92.3196,-92.74241,-93.050865,-93.362785,-93.771965,-94.18191
-23.65735,-24.497513,-25.33735,-25.045706,-24.75315,-24.59781,-24.442856
-28.308323,-28.354193,-28.40053,-28.340757,-28.281973,-28.189453,-28.098085
82.58664,82.43217,82.278885,81.84361,81.40928,81.2094,81.009964
0.88149077,1.37255,1.8640847,1.7203836,1.5749106,1.6945658,1.8128257
30.307535,30.774555,31.242405,31.296938,31.350666,31.562864,31.774063
12.857707,12.623064,12.388478,12.145054,11.900471,11.877595,11.855629
-7.914432,-7.771217,-7.6292853,-7.2943125,-6.959349,-6.1943817,-5.4282155
56.94119,56.743153,56.54679,55.784122,55.02034,54.43568,53.85073
-21.368767,-22.030052,-22.692783,-22.585367,-22.478241,-22.58631,-22.693916
-38.167034,-38.202717,-38.23712,-37.655373,-37.07312,-37.346558,-37.622726
30.30763,29.956213,29.604214,29.105604,28.607529,28.945898,29.285175
-6.7221174,-7.1075926,-7.4918375,-6.397416,-5.304413,-6.2331314,-7.162137
-43.470814,-43.90405,-44.337814,-43.79834,-43.2594,-43.517406,-43.774536
110.57856,110.63108,110.68482,109.238556,107.792984,106.803894,105.813805
8.910326,8.938719,8.966839,9.535782,10.104228,9.085979,8.068089
-54.785233,-55.24415,-55.70146,-55.221516,-54.741898,-53.501045,-52.259857
-0.8723773,-1.0242203,-1.1756057,-1.1621217,-1.1500958,-1.6494731,-2.1504886
13.164455,12.239681,11.316006,11.426576,11.536305,11.713205,11.890099
43.41033,43.108227,42.80553,42.86646,42.92896,42.09496,41.26118
-68.39137,-68.31784,-68.243935,-69.12968,-70.015366,-70.21196,-70.40964
-25.831678,-26.469778,-27.105677,-26.546934,-25.986801,-26.34872,-26.711155
-5.883306,-6.150678,-6.4187675,-6.244226,-6.0702434,-5.1431613,-4.2166724
11.928778,11.728938,11.530409,11.18544,10.841019,10.517446,10.1931095
6.6116023,6.139049,5.667605,6.07542,6.48352,6.882914,7.2803607
36.367275,36.05283,35.735855,34.917747,34.100845,34.310543,34.52016
9.118564,9.176773,9.236587,8.696716,8.159636,8.381798,8.602834
37.03648,37.381916,37.7268,38.691044,39.655254,39.378277,39.101704
2.5742736,2.4428725,2.313624,2.049312,1.7840905,1.4966106,1.2103105
-9.288322,-9.728575,-10.167322,-10.431947,-10.696301,-10.529035,-10.363103
35.408207,36.054962,36.70221,37.256516,37.811382,37.77726,37.74327
-17.966953,-17.443514,-16.918905,-16.760649,-16.602598,-16.285496,-15.968909
-18.000399,-17.470398,-16.941109,-16.870754,-16.801682,-16.929028,-17.056217
-27.489979,-27.37109,-27.25184,-26.915796,-26.582094,-26.767103,-26.952044
6.315481,6.60017,6.884954,6.8433757,6.8022823,7.1817017,7.5612745
31.103304,30.870537,30.638075,30.737997,30.837805,31.321596,31.806627
81.057976,80.84494,80.63284,79.99739,79.361786,79.26221,79.16376
87.24161,88.0252,88.80805,88.42952,88.05027,87.915825,87.78152
-51.427666,-51.75624,-52.08405,-52.66648,-53.248848,-53.76705,-54.285843
-47.205513,-47.488007,-47.771393,-48.023712,-48.275116,-48.150993,-48.02713
-6.263365,-6.5772467,-6.892602,-6.925495,-6.9593983,-6.0701427,-5.181406
-9.376074,-9.168286,-8.959924,-9.491472,-10.021728,-10.141872,-10.262906
-47.90194,-48.16292,-48.424385,-47.672123,-46.92066,-46.880894,-46.841022
-7.3001704,-7.548509,-7.795943,-7.9639316,-8.133362,-7.6021385,-7.069888
33.923054,34.164585,34.407265,34.312534,34.21874,34.19222,34.16526
99.071365,99.95191,100.83225,99.83452,98.83786,98.63192,98.42765
141.46194,141.37584,141.28923,141.23326,141.17883,140.91066,140.6437
-4.389306,-4.093128,-3.7953308,-3.750655,-3.7052171,-3.2770836,-2.8489091
-0.41496482,-0.6218873,-0.82943547,-0.16120733,0.5078238,0.377323,0.24635302
1.2169188,0.7608318,0.30360407,0.93524927,1.5674685,2.2272682,2.8864307
62.017715,61.856728,61.697163,60.843693,59.991,59.83838,59.68563
-8.226405,-7.963328,-7.702086,-7.6926064,-7.684214,-7.050524,-6.4160094
86.56451,86.08493,85.60497,85.069046,84.534134,84.471405,84.41012
-2.1992714,-2.5968478,-2.9938219,-3.2067893,-3.420006,-3.627312,-3.8329675
65.82495,66.19558,66.567894,67.218956,67.87078,68.62916,69.389275
37.09884,36.892204,36.685852,36.014137,35.34146,34.433403,33.526257
-3.936444,-4.2521386,-4.5688148,-5.1845884,-5.8011365,-5.664084,-5.5263257
39.054504,39.929867,40.80454,40.65404,40.505054,40.796234,41.087708
3.6952355,3.8289235,3.961469,4.210303,4.458919,5.252195,6.0455337
4.6551747,4.8414464,5.026918,4.828826,4.6306324,4.4857903,4.340077
27.52461,27.358269,27.191154,26.592335,25.992865,26.112143,26.230816
-34.11115,-34.524242,-34.937233,-35.3034,-35.669132,-36.061806,-36.454792
65.83425,65.72381,65.613594,65.68387,65.75613,66.32908,66.90273
-9.221578,-9.976542,-10.732628,-10.543494,-10.355349,-8.526991,-6.698741
-58.323215,-58.609356,-58.89487,-57.7565,-56.62016,-57.208027,-57.796906
-1.30143,-1.0968096,-0.89271766,-0.93873817,-0.98376304,-1.1145461,-1.2466414
-9.954797,-10.181032,-10.407814,-9.860237,-9.314667,-9.734597,-10.154785
-8.856936,-9.038886,-9.221399,-9.663675,-10.104601,-10.149935,-10.197304
-51.813316,-52.705658,-53.59793,-52.89151,-52.18476,-51.867664,-51.551125
-4.1485868,-3.9697614,-3.7914433,-3.1432328,-2.4958615,-2.5465436,-2.5972886
-28.173557,-28.665747,-29.158237,-28.538273,-27.919804,-27.625854,-27.332241
-17.304045,-17.142939,-16.983337,-16.766256,-16.550047,-16.848267,-17.147097
11.8466835,11.502032,11.156155,10.649928,10.143591,9.820061,9.497798
-6.5442586,-6.567961,-6.5922527,-6.0375094,-5.48244,-5.845474,-6.207912
52.165794,53.025635,53.88362,54.187614,54.49103,53.786392,53.081905
7.6574826,7.781223,7.9044895,7.4537573,7.0037446,8.048884,9.092809
28.67024,28.191994,27.715094,28.140984,28.567434,28.537838,28.507929
7.6051855,7.3289623,7.0533876,6.6772876,6.301997,5.5739756,4.8457785
12.430577,12.989905,13.5476675,14.544633,15.541461,15.969798,16.397223
29.891079,30.455727,31.020327,30.638649,30.257996,29.952845,29.649067
-24.982384,-25.079386,-25.17902,-24.8643,-24.548044,-24.79289,-25.037956
-0.086008094,-0.64581776,-1.2061,-1.8091736,-2.4120197,-2.8627424,-3.312684
4.0721264,3.8578334,3.6463404,3.7366862,3.8262086,3.7286139,3.6313996
34.87002,34.80497,34.73959,34.21235,33.68419,33.65103,33.618057
5.4365067,4.5040364,3.5702424,3.1616178,2.7538667,2.5894628,2.4246354
1.0913211,0.966703,0.8441723,1.2050792,1.5652977,1.5851103,1.6052457
-32.260582,-32.742027,-33.223816,-33.3997,-33.576878,-33.294273,-33.011078
14.341679,14.307696,14.275836,13.451993,12.628411,12.857658,13.087057
4.841615,4.9581385,5.0731473,4.318774,3.5632129,3.7642744,3.9652724
-9.099109,-9.691881,-10.284238,-9.963495,-9.643962,-9.8433075,-10.042032
32.395473,32.086815,31.778881,31.596588,31.414446,31.131584,30.850237
21.530146,22.002571,22.473986,23.210056,23.946667,23.073473,22.199928
93.00541,93.37552,93.744446,92.40867,91.07301,91.08548,91.09863
19.278889,19.402601,19.525375,19.989145,20.455324,19.2254,17.995808
1.3410842,1.479758,1.6187799,2.001938,2.384712,2.3775203,2.3705618
-56.641994,-56.45553,-56.268173,-56.089916,-55.910854,-55.399345,-54.88818
-51.218285,-51.16269,-51.107418,-50.429817,-49.751724,-49.934704,-50.11747
21.70738,21.56003,21.411255,19.974403,18.537352,18.737553,18.937225
-32.148643,-32.636246,-33.12383,-33.159473,-33.19655,-33.364838,-33.533333
62.71151,63.043148,63.37472,63.385353,63.396576,63.32448,63.254208
129.90965,130.08855,130.26825,129.28242,128.29695,126.95228,125.609604
-18.180874,-19.205915,-20.229534,-20.619627,-21.01053,-22.13386,-23.257978
74.316925,74.10156,73.88539,73.423584,72.962234,71.975555,70.98933
-51.49347,-51.83005,-52.16402,-53.008884,-53.85309,-53.190586,-52.52833
-0.02793272,-0.47215423,-0.91784245,-1.0730292,-1.2277304,-0.65998036,-0.09273489
-13.432648,-13.267231,-13.103815,-12.975129,-12.8475895,-12.435961,-12.024982
26.956219,26.751476,26.547924,27.247135,27.947357,28.138016,28.328289
64.24764,63.421776,62.59779,62.277195,61.958813,62.101475,62.24298
7.068585,6.72216,6.3754153,5.1824374,3.9892507,3.9004598,3.813148
-33.21286,-33.88607,-34.55942,-34.79229,-35.026093,-34.67078,-34.314804
-45.223236,-46.05743,-46.892685,-46.345078,-45.796635,-45.96358,-46.1306
21.960558,21.731993,21.505558,21.851046,22.197172,22.050255,21.90207
2.9721847,2.3628125,1.7550832,2.0352602,2.3150845,2.7757487,3.2343755
-34.622658,-34.650654,-34.677395,-33.956245,-33.23515,-32.7852,-32.3348
-10.844163,-10.90591,-10.968101,-10.255939,-9.54304,-9.811025,-10.079894
44.507324,44.42954,44.35128,43.978317,43.60704,43.890175,44.17233
1.3775153,1.124052,0.8701544,-0.02626564,-0.9225383,-0.59150076,-0.26137546
-98.71844,-98.659706,-98.60151,-98.25292,-97.906,-97.319,-96.73179
-0.47580254,-0.39433968,-0.31187737,-0.13020432,0.052727584,0.33967102,0.62635887
4.8867474,4.632107,4.378725,4.3146267,4.250759,4.717057,5.1831303
-36.401184,-36.88571,-37.37027,-37.145435,-36.92008,-36.723076,-36.526077
1.4306452,1.976331,2.5215743,2.1888745,1.8550332,2.1062834,2.3579342
-22.255753,-22.429857,-22.604355,-21.987719,-21.371275,-21.298864,-21.22814
38.36643,38.99121,39.61486,38.49936,37.385574,36.218742,35.051205
0.71953183,0.3561829,-0.0075379964,-1.1336204,-2.259288,-2.0605385,-1.8620521
11.959166,11.882632,11.805169,11.553794,11.302946,11.820139,12.336596
-28.434277,-28.785484,-29.137074,-28.949768,-28.763857,-28.70676,-28.64899
26.590775,26.381313,26.171835,25.469482,24.767323,24.715952,24.665115
-9.510103,-9.673824,-9.83721,-10.246707,-10.657439,-11.39186,-12.126943
-10.419727,-11.004884,-11.589793,-11.381886,-11.17377,-11.079462,-10.986391
48.818363,49.46615,50.113987,50.67012,51.22701,51.028248,50.82921
12.647022,13.073896,13.502253,13.929596,14.356779,13.875637,13.394712
4.2505245,4.3553505,4.460129,3.7062323,2.9530032,2.625191,2.2968924
23.960142,24.394579,24.827871,24.92802,25.028072,23.882166,22.737059
-59.156826,-59.146324,-59.13463,-58.19928,-57.2637,-57.444866,-57.62542
47.37234,47.07898,46.78584,45.757824,44.731968,44.485985,44.240414
18.467447,18.43281,18.397623,18.777033,19.156305,19.252476,19.350166
-33.023514,-33.580807,-34.137905,-33.509136,-32.88259,-32.99387,-33.106686
50.581425,51.009583,51.43881,50.796432,50.155125,49.663445,49.172764
9.071869,9.049503,9.02592,8.830696,8.635758,8.784401,8.933262
62.225475,62.051914,61.87859,61.34817,60.818554,60.5469,60.27552
-35.25763,-35.085205,-34.91436,-35.097652,-35.280525,-35.54045,-35.799137
9.282143,9.53175,9.782384,10.250558,10.719208,11.606584,12.4928
3.1850271,3.643196,4.101666,3.9394667,3.7772117,4.355593,4.9341936
93.84953,94.11706,94.384285,93.77977,93.17481,92.32848,91.483475
-60.839405,-61.120914,-61.40244,-60.02023,-58.637726,-57.37614,-56.114807
-37.176018,-36.888943,-36.60085,-36.302322,-36.003582,-35.995564,-35.987465
15.200152,15.085984,14.972804,15.22826,15.484111,14.584783,13.685786
-38.07292,-38.11265,-38.15307,-37.319477,-36.486004,-36.113922,-35.743587
35.141182,35.093872,35.04592,34.736523,34.427464,34.03598,33.64593
-37.084515,-37.00929,-36.934162,-36.773506,-36.613544,-35.725994,-34.83846
-29.239176,-29.183151,-29.125301,-28.759104,-28.392424,-28.279173,-28.165144
46.289425,46.47263,46.655083,46.924187,47.19276,47.840157,48.488674
31.334997,31.5073,31.6781,31.268263,30.859266,30.615732,30.37261
-6.6941752,-6.7401223,-6.7847257,-6.143762,-5.5019917,-5.0978813,-4.694835
-45.469063,-45.999886,-46.529903,-46.138687,-45.745872,-45.584015,-45.421326
10.358536,10.750708,11.142483,11.080681,11.018878,11.088324,11.158207
-16.444935,-16.777792,-17.112865,-16.647171,-16.181416,-16.396305,-16.611376
-8.370129,-8.214648,-8.059119,-7.7386785,-7.417663,-8.116571,-8.815295
-0.045951854,-0.10568763,-0.16569139,0.33094645,0.8283024,1.2081733,1.5871911
-14.186669,-14.466582,-14.745783,-14.320326,-13.893963,-13.412677,-12.930727
-39.760487,-39.820988,-39.88204,-40.119915,-40.35786,-40.715492,-41.072422
69.306526,70.1983,71.08963,69.76504,68.44105,68.36861,68.29707
54.792812,55.430027,56.06959,56.428753,56.78852,56.889973,56.992596
-36.731625,-36.834175,-36.935513,-36.742016,-36.549965,-37.103954,-37.658024
-54.823338,-54.878345,-54.932953,-54.854073,-54.774582,-54.65046,-54.52717
45.159924,44.631954,44.10384,43.03489,41.964806,42.22081,42.47738
1.984478,1.4235182,0.86156845,0.61089706,0.35953236,-0.24691106,-0.854455
10.238938,9.797242,9.355938,9.931778,10.507393,10.117936,9.728754
27.301105,27.456774,27.611652,26.124931,24.638601,24.07954,23.52088
85.228874,85.32649,85.42504,84.700424,83.97552,83.86685,83.760345
73.83445,74.62591,75.41644,74.69381,73.972435,73.296646,72.6221
-6.284223,-6.170757,-6.057857,-6.563211,-7.069612,-6.5088344,-5.947725
-6.817441,-6.917401,-7.017683,-6.732571,-6.446353,-5.8043904,-5.1622577
35.62332,35.730125,35.83642,35.617172,35.398476,35.030273,34.663055
57.934986,58.14324,58.350708,58.436462,58.521606,57.359745,56.199856
28.78171,29.532639,30.283634,30.584877,30.886013,32.06415,33.2421
7.5379725,8.166983,8.79621,9.087343,9.378322,10.16465,10.952145
-20.3862,-20.21165,-20.036592,-19.658424,-19.281199,-19.69191,-20.102505
1.9759144,2.1573472,2.338944,1.8661321,1.3917431,0.95054287,0.5074486
95.98263,96.564026,97.14551,95.768196,94.39242,94.20553,94.020325
-30.679821,-30.876617,-31.075367,-30.960342,-30.844997,-30.80746,-30.768333
-41.10737,-41.19159,-41.27806,-41.769127,-42.261124,-41.797806,-41.334106
-34.85109,-34.233124,-33.615623,-33.43266,-33.24888,-32.631355,-32.014694
-114.881905,-114.80306,-114.72485,-113.11344,-111.504135,-111.24546,-110.98743
50.882576,50.91753,50.951775,50.06622,49.18069,48.490314,47.79978
-55.308537,-54.802914,-54.298435,-53.43047,-52.56493,-52.166176,-51.76649
-76.13911,-77.033615,-77.928505,-77.45579,-76.981606,-76.49755,-76.01208
-31.098623,-30.389288,-29.680117,-30.414465,-31.14908,-31.756905,-32.36611
58.201454,57.776585,57.35278,57.335976,57.319397,58.01804,58.71728
-9.815721,-10.331145,-10.847106,-11.162169,-11.478967,-11.12539,-10.770648
-12.290769,-12.520287,-12.748279,-13.02284,-13.297557,-13.9658785,-14.632588
37.01602,37.277546,37.540276,36.355312,35.170135,34.745586,34.32206
-16.61006,-16.258333,-15.906786,-16.355295,-16.803633,-17.078352,-17.35246
84.906494,85.184326,85.46009,85.4152,85.3699,85.00989,84.64993
-79.79062,-80.20272,-80.614174,-78.634384,-76.65471,-76.91404,-77.17383
11.176553,10.810352,10.443626,9.629605,8.816132,8.0295515,7.241543
-73.742455,-73.59815,-73.45269,-72.08744,-70.722435,-70.35344,-69.98438
37.15705,37.00936,36.861423,35.90651,34.94907,34.625046,34.30275
-17.987679,-18.087404,-18.187994,-18.604818,-19.021927,-19.013765,-19.00607
-8.418092,-8.709436,-8.999286,-9.567031,-10.13427,-10.43878,-10.743127
7.9848013,8.321675,8.658667,9.869621,11.081632,11.146674,11.211885
-0.26982307,-0.7734418,-1.27717,-0.43976307,0.39699268,1.4811139,2.5642724
-27.1597,-27.886951,-28.61564,-28.253923,-27.894064,-26.90597,-25.917833
25.864408,26.90779,27.95088,27.641518,27.330856,27.404245,27.476559
92.83006,92.88786,92.94777,91.78172,90.6176,89.53189,88.44772
8.043235,8.107575,8.171507,8.332551,8.494001,9.25217,10.010584
24.112955,24.227905,24.34409,24.70028,25.055954,25.377153,25.699076
-53.12761,-52.94975,-52.77179,-52.589355,-52.40706,-51.399296,-50.392025
-75.28059,-75.06062,-74.84146,-74.03193,-73.22192,-73.98029,-74.73935
8.692403,8.204327,7.7165504,7.292787,6.8686833,6.252791,5.6373744
79.11003,79.148544,79.18596,78.53791,77.8893,77.3201,76.75059
61.86202,61.620403,61.379353,60.751392,60.124172,60.906403,61.68919
15.846866,15.85696,15.866381,16.050856,16.234312,16.174076,16.11255
-53.319225,-54.04857,-54.77659,-54.666252,-54.557022,-53.502655,-52.44763
-39.586357,-39.656223,-39.72504,-39.42483,-39.12392,-38.40012,-37.6767
4.55118,4.9502344,5.349736,5.531747,5.713668,6.532813,7.351429
0.62998295,0.61771965,0.60576344,0.09325122,-0.41894722,0.42490578,1.2701416
-22.534254,-22.178547,-21.822033,-21.133816,-20.444141,-20.72223,-21.000584
-40.827282,-40.55222,-40.277504,-39.988342,-39.699543,-39.05765,-38.416668
-29.75549,-29.39844,-29.042591,-29.531483,-30.021824,-30.38363,-30.74681
8.928672,8.559737,8.191248,7.6456637,7.100208,6.960548,6.820518
6.054865,6.154212,6.2540703,6.6682673,7.0818014,7.039694,6.997814
34.00083,34.146988,34.293827,33.5865,32.87868,32.332203,31.786978
-5.9916086,-6.225052,-6.458172,-5.6620727,-4.863139,-4.185418,-3.5068898
-73.75221,-73.92237,-74.09343,-74.048225,-74.00144,-74.59919,-75.19769
-17.109924,-16.55646,-16.001286,-15.648949,-15.2973385,-14.351322,-13.40555
-52.755592,-53.068985,-53.38375,-53.392357,-53.401516,-53.0177,-52.6331
-58.756104,-59.256027,-59.754803,-58.931686,-58.107677,-56.74034,-55.373547
-2.1858976,-1.8740405,-1.5638865,-1.937065,-2.3112972,-3.0683105,-3.825795
-50.2381,-49.537598,-48.836853,-48.363102,-47.88995,-47.360435,-46.832466
6.331821,7.189833,8.047243,8.167499,8.287469,9.11942,9.94981
-83.96021,-84.16535,-84.37077,-83.87016,-83.37114,-82.900955,-82.43244
-35.244495,-34.980824,-34.716995,-34.570282,-34.42393,-33.766582,-33.109478
-28.325357,-28.708529,-29.091915,-28.2973,-27.50464,-27.282354,-27.059145
-2.9858937,-3.6028428,-4.2185283,-4.143007,-4.06591,-5.2329307,-6.3995175
10.114319,9.962825,9.810285,10.837713,11.866565,12.177609,12.4884615
0.20427941,0.74560404,1.2854676,0.9221091,0.5589824,-0.23948719,-1.0359521
31.723839,31.892685,32.061325,32.751945,33.44412,33.80837,34.17378
-13.987079,-13.792718,-13.598241,-12.261536,-10.923399,-11.930115,-12.936352
4.7513947,5.535931,6.3218203,5.961527,5.602116,4.8158693,4.0300636
63.16305,63.22597,63.28925,61.935993,60.58266,60.181576,59.780636
-4.8357472,-5.165175,-5.495724,-5.8069634,-6.1196494,-6.177028,-6.234246
23.314848,23.468664,23.622139,23.580431,23.53848,23.45504,23.37243
28.1588,28.783382,29.409609,30.217997,31.027952,31.064888,31.102259
-59.895817,-59.945564,-59.996197,-59.156002,-58.31667,-58.82565,-59.33558
-64.28715,-64.91278,-65.54111,-65.47605,-65.41001,-65.72383,-66.03719
30.208538,30.019035,29.829678,29.366852,28.902298,29.729319,30.5559
-3.0459034,-3.3519843,-3.658717,-3.5554364,-3.451029,-3.8354647,-4.2203135
-46.68288,-47.60641,-48.529804,-48.90636,-49.28352,-48.66934,-48.05673
4.629733,4.432466,4.235492,4.394532,4.5526137,4.572271,4.5933194
56.833107,56.417927,56.003166,55.495743,54.98849,53.706245,52.42424
43.179714,43.52374,43.86687,44.64646,45.426353,45.108814,44.789974
-2.6091173,-2.717264,-2.8251054,-2.9300764,-3.0331552,-2.8787248,-2.724776
55.181023,55.66194,56.143375,56.294415,56.44516,56.314457,56.18374
44.209118,44.409073,44.608658,43.756645,42.904243,43.15127,43.400406
-1.0806351,-1.1898443,-1.2969763,-1.1453931,-0.99263275,-0.14889124,0.69585973
-1.7570493,-1.4937894,-1.2307622,-1.4424226,-1.65501,-1.4743764,-1.2923944
-96.77763,-96.54169,-96.306435,-95.57132,-94.83654,-93.76493,-92.69462
-23.433159,-24.044731,-24.65713,-24.849155,-25.042301,-24.510212,-23.97916
61.913383,61.923172,61.93388,61.87601,61.81993,61.379173,60.940495
-24.64738,-24.881887,-25.115341,-25.102787,-25.089369,-25.707546,-26.327396
14.145383,14.127191,14.10938,14.283708,14.458147,14.380578,14.303993
12.41861,12.359261,12.301232,12.120817,11.94083,12.442805,12.946606
-46.806408,-47.088722,-47.370987,-47.18347,-46.997734,-47.146782,-47.29663
-10.204819,-10.261732,-10.319103,-9.349494,-8.380662,-8.863023,-9.346061
10.306628,10.691262,11.076643,11.698931,12.321096,12.324936,12.329401
-10.208433,-10.95045,-11.691522,-11.768512,-11.846917,-11.196605,-10.546417
-26.00055,-25.973225,-25.94638,-26.478107,-27.010092,-28.233065,-29.45496
11.924436,11.972225,12.021299,11.118927,10.216818,8.824308,7.4320726
86.86467,86.928375,86.99266,86.18422,85.37663,85.03857,84.7003
-77.19953,-78.804985,-80.41082,-80.602615,-80.79494,-80.91985,-81.04546
-18.965681,-19.307386,-19.64521,-20.211824,-20.77644,-19.972383,-19.168016
-88.659225,-89.23936,-89.822105,-89.736275,-89.65204,-88.38355,-87.11585
-50.547695,-51.311535,-52.07513,-50.930065,-49.78478,-49.5763,-49.36771
14.811458,15.0619135,15.310831,15.622823,15.933759,15.496324,15.05775
1.7452775,1.7022148,1.6603218,2.031924,2.4042628,2.1155035,1.8250724
18.4693,18.920116,19.372177,18.757582,18.143822,17.728235,17.311794
7.7874756,7.795576,7.803862,7.800176,7.796547,7.958394,8.120915
50.92286,51.296036,51.66815,51.163544,50.65849,49.37095,48.084526
99.75276,99.8174,99.882805,99.74381,99.60585,100.134186,100.663414
11.323842,11.248615,11.173164,10.8242235,10.474583,10.994431,11.515335
-93.67149,-94.35339,-95.03498,-94.50617,-93.97835,-93.618,-93.25893
-85.247955,-85.22807,-85.20685,-84.740875,-84.27536,-84.21303,-84.152145
15.189693,15.352677,15.513188,15.410227,15.305132,15.532688,15.761139
15.794781,15.505536,15.214995,16.316006,17.417507,17.705074,17.993328
-67.967606,-68.07893,-68.189415,-67.03996,-65.89009,-65.492805,-65.0952
25.565771,25.651937,25.737968,24.461779,23.18569,22.871498,22.55817
34.04805,34.1247,34.200363,34.559105,34.91887,34.17287,33.42829
23.062862,23.60571,24.15051,24.259443,24.3685,23.70364,23.037987
-12.490318,-13.050226,-13.609776,-13.450863,-13.293289,-13.929649,-14.564945
-44.624226,-44.926407,-45.2284,-45.584972,-45.943356,-45.728523,-45.514095
-36.521393,-37.51277,-38.505646,-38.698174,-38.892143,-38.03485,-37.178047
-61.994503,-62.266502,-62.537476,-62.55347,-62.569836,-62.67313,-62.775482
99.289024,99.66931,100.04931,98.15388,96.25776,95.76743,95.27788
-18.753555,-19.180437,-19.608835,-19.321081,-19.034758,-19.088175,-19.141264
-12.783727,-13.358065,-13.932579,-13.897341,-13.862864,-14.746257,-15.628593
39.448086,39.612495,39.77698,39.921543,40.06545,39.694614,39.32513
49.11804,49.09763,49.07671,49.260323,49.44371,48.890194,48.336998
13.685283,13.778492,13.869881,13.527989,13.185143,13.47521,13.765396
112.70276,113.03865,113.372375,112.20125,111.03084,110.39702,109.76448
87.746284,87.39658,87.048645,86.34169,85.634834,86.20101,86.76854
5.0087333,4.656094,4.304783,4.874649,5.445053,4.7386303,4.032921
10.5169115,10.286777,10.056416,10.43489,10.813681,10.714487,10.615733
-5.6612983,-5.7149243,-5.7678924,-5.7680078,-5.7683425,-5.699554,-5.630243
-45.251343,-46.293907,-47.33822,-47.182854,-47.028038,-45.88141,-44.73517
7.8382955,7.8147736,7.7921114,7.288289,6.785934,6.048051,5.3082156
36.355396,36.429497,36.503986,36.7397,36.97484,36.308887,35.643295
-64.05193,-63.758102,-63.46468,-63.070152,-62.67578,-62.920944,-63.165756
4.2108855,4.0867467,3.9635065,4.322045,4.681034,4.0074906,3.334092
-83.34191,-83.31246,-83.2821,-82.797966,-82.31463,-83.13781,-83.963036
-22.589134,-23.161428,-23.733606,-23.592558,-23.451937,-24.651754,-25.85105
11.734514,11.87801,12.022409,12.297483,12.572183,12.630046,12.686529
-28.787844,-28.75881,-28.731272,-28.912834,-29.093193,-29.872934,-30.652548
8.613431,7.945525,7.2765207,6.6068754,5.938802,4.835414,3.7339141
-72.88874,-72.67761,-72.465256,-71.82933,-71.193085,-70.55221,-69.91392
-37.729954,-37.535107,-37.341145,-37.26781,-37.193394,-36.602917,-36.014
23.840551,23.2827,22.72482,22.006414,21.289307,21.363531,21.437332
7.2095847,7.098435,6.9881873,7.06862,7.150383,6.489896,5.8291845
4.2053914,3.4183536,2.6296415,2.4292724,2.2296376,1.0408182,-0.14680095
5.005104,4.9498215,4.8944893,4.408222,3.921459,4.201954,4.4823112
-4.056782,-3.8425097,-3.628294,-3.014792,-2.4002028,-2.468328,-2.5361943
-3.742558,-3.080111,-2.4175649,-2.2254748,-2.0326304,-2.5991483,-3.1665196
55.03652,55.18879,55.3407,55.346485,55.353706,54.947342,54.54094
-45.787144,-45.08001,-44.375225,-43.406364,-42.438385,-42.04653,-41.65529
-1.1771176,-1.2017386,-1.2280886,-1.4266932,-1.6257613,-0.99566483,-0.36558747
21.566507,21.562548,21.557028,21.367813,21.180445,20.036768,18.894377
-79.73034,-80.09417,-80.45745,-80.32249,-80.18775,-80.420586,-80.65338
14.222831,14.313591,14.4034605,15.598189,16.79207,16.028406,15.264793
-3.892567,-3.4664524,-3.0396292,-3.2975912,-3.5563982,-2.9924047,-2.427344
69.84204,70.21727,70.59416,69.949974,69.30653,69.38305,69.46016
19.186869,18.958311,18.729042,18.91305,19.09654,19.144651,19.192917
26.205038,26.672813,27.14028,26.528345,25.916483,25.926348,25.937864
26.37711,27.859438,29.3415,29.808315,30.274708,29.825018,29.375725
4.417716,4.3227673,4.2278576,3.6658933,3.1046102,2.0194376,0.93360406
29.507082,28.802189,28.097618,27.388172,26.679787,26.570488,26.461159
-32.68779,-33.50689,-34.327015,-33.729477,-33.131226,-33.281498,-33.4328
14.700921,14.845031,14.989009,14.517684,14.046866,13.065097,12.083243
-13.300184,-12.975298,-12.650921,-11.884071,-11.117432,-10.9167,-10.718147
10.656625,10.594905,10.531098,10.205319,9.880052,9.718644,9.557685
66.493065,66.866646,67.23957,66.64062,66.0424,65.9347,65.82646
-24.374702,-24.629025,-24.885262,-24.51374,-24.143106,-23.72029,-23.297676
-83.7532,-83.67074,-83.59009,-83.53388,-83.47854,-82.5486,-81.61979
-74.66514,-75.27221,-75.88069,-74.685646,-73.49061,-73.43417,-73.377785
3.5745082,3.8794131,4.1857247,4.481175,4.777704,4.3812013,3.9849772
35.522293,36.059555,36.5977,35.672535,34.74763,34.68833,34.630043
4.978452,5.182555,5.386656,5.4714417,5.556282,5.6834273,5.812163
79.35715,79.95027,80.54426,79.36894,78.19337,78.45904,78.725845
-56.431847,-56.811096,-57.190292,-56.80676,-56.42412,-55.030586,-53.638905
3.7400079,4.128035,4.518272,5.171367,5.824494,5.336638,4.8495374
-44.163754,-44.175358,-44.187645,-43.02912,-41.870342,-41.958637,-42.046917
94.28575,94.21884,94.15061,92.9133,91.67659,91.42304,91.17138
26.618364,27.674675,28.73121,29.472801,30.216251,30.27318,30.3303
-3.1442611,-3.097555,-3.0504253,-3.5818756,-4.1124024,-4.35731,-4.603107
-92.80304,-92.19472,-91.58707,-90.38396,-89.18115,-89.10541,-89.03073
-12.459342,-12.928227,-13.397662,-13.415618,-13.433245,-14.497458,-15.561673
1.1487823,0.60428387,0.060355708,0.033927485,0.010194344,-0.30492637,-0.6200108
-19.24877,-19.202616,-19.15872,-18.803734,-18.448694,-17.765898,-17.083765
-22.467081,-22.555534,-22.642687,-24.338835,-26.035007,-26.483435,-26.933052
3.6089382,3.5669537,3.5251355,2.3839054,1.2426958,2.5889416,3.9352112
-69.05548,-68.495155,-67.93554,-67.47087,-67.005775,-66.66436,-66.32348
-22.049868,-22.191525,-22.333849,-22.275866,-22.217737,-22.287985,-22.35794
-45.132545,-44.035805,-42.93863,-41.92071,-40.90347,-40.178196,-39.452988
17.90417,18.205322,18.50573,18.214449,17.921255,17.4081,16.893732
-42.00055,-42.05331,-42.105453,-41.961483,-41.81817,-41.444565,-41.072502
-33.576374,-33.561253,-33.547592,-33.341812,-33.13653,-32.740574,-32.345444
34.461277,35.381443,36.30334,36.570995,36.838917,37.3111,37.783108
16.073362,16.484688,16.895931,16.686962,16.47763,15.459762,14.441752
34.20058,34.28065,34.361427,34.954475,35.548496,35.710205,35.873615
0.19593784,0.24845478,0.29919598,-0.40004948,-1.0998309,-0.375006,0.3498437
10.427448,9.829446,9.231505,8.081683,6.931546,6.836139,6.7410817
-12.413611,-12.5113735,-12.609389,-11.967962,-11.325267,-10.596644,-9.867047
58.78186,59.149586,59.518856,58.56193,57.605434,57.153645,56.70076
-75.884636,-76.58866,-77.293655,-75.775154,-74.258835,-74.79072,-75.32319
15.708102,16.036797,16.365795,16.384048,16.405031,16.720562,17.038044
-70.93707,-71.15303,-71.36846,-71.03753,-70.70813,-70.26243,-69.8168
109.058205,109.53495,110.0118,108.923164,107.8341,106.91375,105.99464
52.64489,53.389732,54.136227,53.43359,52.731903,52.452858,52.174034
29.31513,29.025627,28.736311,28.648256,28.56001,28.075691,27.592215
-62.59124,-62.83626,-63.08223,-62.925972,-62.769226,-63.293037,-63.81646
-6.6592045,-7.2556553,-7.85238,-7.501237,-7.149351,-7.156411,-7.1631355
-75.3527,-75.64428,-75.93642,-74.94453,-73.95399,-73.789665,-73.625465
-1.0746483,-1.0789989,-1.0823835,-1.8337559,-2.585314,-4.011022,-5.4354634
-4.876611,-3.7574055,-2.6405795,-3.1709826,-3.7005093,-3.2324727,-2.7651389
9.54899,9.392217,9.235703,9.746654,10.257951,9.724415,9.191385
-2.685855,-2.9443483,-3.202567,-2.8794832,-2.5553408,-2.3162699,-2.07944
8.316477,8.150117,7.9837484,8.08571,8.188479,8.950978,9.712682
13.365168,12.879162,12.392206,12.382799,12.372664,12.338068,12.303528
43.274223,43.215557,43.156555,43.463303,43.77089,43.265015,42.760445
11.229004,11.328336,11.428479,11.69412,11.959144,10.954024,9.94897
-16.171045,-15.730972,-15.291331,-15.211891,-15.131593,-13.971086,-12.809442
6.8043437,6.889322,6.975576,6.0028462,5.029021,4.709494,4.39031
78.17323,78.20499,78.23636,77.40604,76.57689,76.59355,76.61037
37.521984,37.332012,37.141872,36.63764,36.1331,36.223373,36.314407
24.35339,24.086388,23.82202,23.223646,22.625162,22.343025,22.061148
19.624052,19.87198,20.119375,20.199192,20.279816,20.522083,20.764915
-10.906818,-11.699239,-12.49134,-12.98105,-13.470887,-13.123124,-12.776311
-6.3951554,-6.7005963,-7.006191,-6.6341214,-6.262921,-6.1925263,-6.122295
-15.888375,-15.561792,-15.236546,-15.750725,-16.264023,-16.163609,-16.063843
-64.77393,-64.67403,-64.57419,-64.61905,-64.663376,-65.519394,-66.37549
19.271912,19.350895,19.429956,19.610373,19.792534,19.649647,19.506453
-55.14161,-55.625225,-56.108765,-54.696808,-53.285183,-52.508923,-51.73241
42.33235,42.90366,43.474552,43.44376,43.41422,44.265163,45.115974
-34.005135,-34.271126,-34.53773,-35.09112,-35.64453,-35.48336,-35.322838
-17.065462,-16.817575,-16.56928,-16.536592,-16.504549,-15.890863,-15.277753
-30.635422,-30.606825,-30.578587,-29.764166,-28.949512,-29.338066,-29.72756
-79.84232,-79.029945,-78.2179,-77.26777,-76.31841,-76.10348,-75.89111
-82.29778,-82.07478,-81.85238,-81.766,-81.68106,-81.659775,-81.63943
14.62799,14.791209,14.953867,15.243491,15.532648,15.522147,15.510512
-14.449726,-14.446856,-14.446768,-14.44215,-14.436871,-14.366817,-14.297839
-22.824417,-22.607042,-22.390121,-22.409864,-22.430466,-21.803158,-21.175463
-50.620625,-50.972683,-51.32373,-50.366253,-49.410057,-48.873035,-48.336117
-1.4219108,-1.0390563,-0.6572852,-1.2619977,-1.8670583,-1.1966023,-0.5265784
17.338753,16.700157,16.061543,15.402217,14.743696,14.286324,13.828181
8.499647,8.348152,8.19632,7.3511024,6.5047455,6.107561,5.7109528
55.50228,55.95205,56.401215,56.45219,56.502304,56.531147,56.560833
1.227377,1.6216174,2.0152879,1.9098307,1.8042914,1.5557219,1.3067085
-9.2703085,-8.746147,-8.222943,-8.220204,-8.21694,-7.53053,-6.8452415
37.316643,37.09449,36.87288,36.474266,36.07606,35.51643,34.95742
71.30673,71.5158,71.725716,71.420715,71.11697,71.33007,71.543144
1.5286366,1.5053364,1.4804662,1.0564896,0.6322206,0.8686923,1.1054078
-67.09053,-67.83059,-68.56991,-67.39499,-66.22051,-65.72545,-65.23096
27.144901,26.98767,26.831543,26.141098,25.450638,24.658325,23.865448
-38.72835,-38.401703,-38.07416,-37.456028,-36.83794,-37.160164,-37.484055
33.417202,34.10853,34.799686,34.717148,34.634415,34.098145,33.562584
41.090885,41.066257,41.042385,39.83533,38.62904,38.763424,38.898315
105.93835,106.44807,106.95745,105.71622,104.474686,103.72546,102.97629
-18.358393,-18.786669,-19.216778,-19.530407,-19.84448,-19.603361,-19.362774
79.83493,79.90735,79.981895,79.716225,79.44981,78.77348,78.09916
40.695564,40.847744,41.00153,41.41562,41.82976,40.84988,39.870045
29.377378,30.469889,31.56143,31.845303,32.12899,31.743204,31.357798
75.76498,75.78307,75.80165,75.27619,74.75217,75.10006,75.44873
-10.2492695,-10.326687,-10.403726,-10.226068,-10.0485525,-10.400096,-10.750682
62.28573,62.922493,63.559227,63.53737,63.516373,63.08706,62.659645
5.1531787,5.8595586,6.5664444,6.49141,6.416834,6.390675,6.364781
4.13614,4.805002,5.475518,6.29845,7.1204996,7.0659037,7.0117803
14.736346,14.783473,14.830974,15.325458,15.820172,14.905459,13.990781
-4.20943,-4.6847215,-5.159202,-5.47518,-5.7900047,-6.6718407,-7.5525985
34.903225,34.550114,34.196087,32.85838,31.52046,30.913546,30.308245
-27.95807,-28.177616,-28.397078,-27.846014,-27.295992,-27.714037,-28.130705
13.935645,14.404192,14.873136,15.682301,16.492458,16.208727,15.924582
62.95246,63.03176,63.11074,62.770138,62.428703,62.851437,63.275177
-2.725246,-3.273687,-3.8231254,-3.7524734,-3.6824012,-3.6824336,-3.680511
-28.390371,-28.289,-28.18752,-27.755833,-27.324184,-27.32098,-27.317362
-54.58132,-54.5322,-54.481594,-53.600006,-52.719353,-52.76586,-52.812294
67.21558,67.388115,67.5628,68.01102,68.45983,68.89186,69.32583
5.3604546,5.298086,5.234828,5.5018473,5.7700806,5.260384,4.7502947
3.7880087,3.4081872,3.0296674,3.1202579,3.2114048,3.6387136,4.0671983
-11.743551,-11.9374275,-12.131105,-11.803871,-11.47627,-11.764308,-12.0534935
-20.872663,-20.994543,-21.11693,-21.038652,-20.96034,-20.667868,-20.375696
32.195477,31.419771,30.644028,29.872107,29.101446,28.833687,28.566267
65.58918,65.95185,66.313705,65.29815,64.2832,63.90776,63.532616
-1.0299335,-0.18661976,0.65617466,0.86691,1.078177,0.86545634,0.6517253
-22.801346,-23.200844,-23.598686,-22.749117,-21.899763,-23.22077,-24.540455
131.72389,132.10457,132.48671,131.98029,131.47371,131.09865,130.72401
-66.18595,-66.93799,-67.69064,-68.02173,-68.35475,-68.33716,-68.32201
1.6145668,1.8767853,2.136982,3.3477783,4.558367,4.950241,5.3415318
-44.4523,-44.60488,-44.75751,-44.307827,-43.85967,-44.761215,-45.66318
64.476814,64.88812,65.29981,65.23859,65.176895,64.31403,63.45269
-36.678947,-36.929348,-37.178234,-36.7488,-36.321453,-37.40197,-38.482517
-58.8427,-59.779694,-60.716637,-61.071503,-61.42675,-60.927235,-60.428642
26.575586,25.924444,25.273321,25.13535,24.997179,25.44957,25.903627
-4.9180293,-5.3270674,-5.734352,-4.9635587,-4.1929984,-3.5191698,-2.8440537
2.6198082,2.8809443,3.1400757,3.5113964,3.882412,4.0322895,4.182413
-4.954098,-4.9215846,-4.889444,-5.3378835,-5.788141,-6.68345,-7.578591
-29.140236,-29.459637,-29.780233,-29.65993,-29.539179,-28.817905,-28.096785
-61.343887,-61.251923,-61.16107,-60.997753,-60.835167,-60.94252,-61.050144
-4.939211,-5.624689,-6.3113165,-5.9349356,-5.5593433,-5.264126,-4.9691353
-60.91971,-60.902054,-60.88401,-60.988525,-61.0921,-60.639763,-60.18833
-8.982981,-8.65623,-8.329738,-8.872123,-9.415476,-10.366334,-11.317631
-26.911154,-27.442139,-27.972698,-28.589102,-29.206934,-29.131903,-29.056675
12.735595,12.478189,12.221514,12.551774,12.88293,13.427354,13.970951
-7.8053794,-7.4264393,-7.0463505,-6.3484373,-5.6497726,-5.2442985,-4.8387146
-13.431237,-13.879228,-14.328479,-13.910281,-13.490106,-12.996532,-12.502761
62.285572,62.775505,63.264748,62.53472,61.806816,62.77701,63.74638
-77.24306,-77.52095,-77.79937,-76.242966,-74.68894,-74.044624,-73.40286
17.8696,17.71259,17.555492,17.129122,16.700783,16.87873,17.057087
80.703964,80.685646,80.66647,79.80759,78.95037,78.98149,79.013916
-0.28440496,-0.46182176,-0.64075494,-0.9532206,-1.2662146,-0.39575884,0.47481325
-13.70616,-13.465704,-13.22591,-12.862711,-12.500553,-12.129835,-11.75999
-14.216044,-14.276831,-14.339661,-14.140684,-13.94139,-14.148999,-14.357726
43.775635,43.848938,43.922935,43.149715,42.378616,43.383965,44.389336
22.714613,23.036417,23.3578,23.154535,22.952013,22.81928,22.68744
-0.14692383,-0.7722643,-1.3955925,-1.3755071,-1.3547847,-1.3271863,-1.2986696
-19.147202,-19.423311,-19.699245,-18.891441,-18.084236,-18.721895,-19.359953
-32.90592,-32.986572,-33.067158,-33.740604,-34.414528,-34.03942,-33.664165
-24.468546,-24.217361,-23.966845,-23.361286,-22.754429,-22.932589,-23.111725
-1.4059716,-0.87757695,-0.34923756,-0.12057888,0.109592326,1.0151948,1.9225768
6.4052715,6.5648336,6.7233496,7.5388365,8.353859,9.737373,11.119616
-15.520746,-16.341267,-17.161995,-17.271862,-17.381523,-16.902086,-16.423048
4.6002264,5.333716,6.0687847,5.7630444,5.4570646,5.2503324,5.0432816
60.2525,60.34509,60.436768,60.07272,59.70959,59.255356,58.800274
34.6048,33.8911,33.177784,32.916218,32.654804,32.047585,31.44063
40.141033,40.815998,41.4902,41.680916,41.870975,41.177204,40.483448
-22.554579,-23.055696,-23.557163,-23.0877,-22.617228,-22.89266,-23.169502
-36.655746,-36.480164,-36.30427,-36.18646,-36.071617,-35.831413,-35.591057
3.202132,2.6701553,2.1387231,2.751767,3.3641918,4.108725,4.8537374
53.64879,54.0613,54.474228,54.991108,55.50865,55.478615,55.44919
10.88164,10.506659,10.132017,10.2651615,10.397404,9.152714,7.9081116
-8.620308,-8.97084,-9.320667,-9.381563,-9.441027,-9.194794,-8.94964
-5.704367,-5.8125405,-5.920605,-7.288628,-8.656597,-9.027273,-9.3967495
-39.82713,-39.900024,-39.97379,-39.324078,-38.67349,-38.506977,-38.340267
-16.442001,-15.953348,-15.466149,-16.077961,-16.69016,-16.09245,-15.495967
-78.42174,-78.88186,-79.34218,-78.96725,-78.592094,-77.80756,-77.02613
-81.32187,-81.82507,-82.32791,-80.5337,-78.739334,-78.36943,-78.00052
-17.354832,-18.041275,-18.726913,-18.530197,-18.334114,-18.206768,-18.078705
-51.92056,-51.846653,-51.772617,-50.848183,-49.922615,-49.87518,-49.829983
-39.213486,-39.076675,-38.940224,-38.422707,-37.906147,-37.664566,-37.42414
59.56592,60.082806,60.600418,58.92701,57.255108,56.427868,55.602333
-13.517972,-13.914945,-14.31289,-13.117122,-11.919429,-11.1459,-10.371224
11.37328,11.666783,11.9607315,11.628594,11.296431,11.330189,11.364095
-28.926346,-28.775383,-28.623613,-28.130262,-27.638174,-28.328863,-29.02207
0.099706665,-0.035364136,-0.17126034,0.623209,1.4186101,1.0832982,0.7475803
86.22484,86.34471,86.46437,85.44331,84.42186,83.3497,82.27875
13.855587,13.530627,13.205584,13.341987,13.47832,13.9145155,14.352117
57.895508,58.48278,59.07044,58.06637,57.06273,55.96502,54.869217
39.88153,40.507664,41.134605,41.066925,40.99949,40.787098,40.57566
-36.612682,-37.05672,-37.50163,-38.181507,-38.861473,-38.211258,-37.55969
41.93934,42.561375,43.182716,43.077694,42.97142,41.806362,40.639645
85.130165,85.59753,86.065475,84.99539,83.9276,83.369156,82.81096
63.07307,63.729244,64.38667,64.15124,63.917015,64.03026,64.14516
2.485426,2.61732,2.7480097,2.5737696,2.3991003,1.2980862,0.19772153
129.78085,129.97594,130.16937,128.0798,125.98938,126.738075,127.487724
44.33583,44.04392,43.75293,42.980892,42.208168,40.9317,39.658566
58.350773,58.753315,59.156265,59.407757,59.660942,59.244785,58.829094
54.1936,53.80482,53.4161,53.640842,53.865047,52.4451,51.026638
5.2687497,5.244243,5.2208323,5.342128,5.4630485,4.644648,3.8264894
-76.08158,-77.09297,-78.10238,-76.842735,-75.58213,-75.52802,-75.47531
-36.46178,-36.656395,-36.851997,-36.08361,-35.316196,-35.189697,-35.064007
-11.645728,-11.758911,-11.872224,-12.271813,-12.673158,-12.988739,-13.304584
-52.073074,-52.624493,-53.17519,-53.34684,-53.51992,-53.80053,-54.08057
19.561104,20.629505,21.69696,21.008179,20.319536,19.909403,19.499882
25.707504,25.463554,25.21838,25.423653,25.629303,25.576365,25.52373
52.107895,52.420715,52.73363,52.464844,52.196796,52.461147,52.725357
17.457508,17.410618,17.362808,17.428616,17.493282,17.549112,17.605446
78.01659,78.18312,78.349396,78.2269,78.104675,77.630226,77.15683
-51.73807,-52.466328,-53.195206,-52.267273,-51.338093,-50.3176,-49.298237
33.20926,33.151207,33.093624,33.243576,33.394287,33.563614,33.730392
-44.922413,-45.094444,-45.266663,-44.935917,-44.606842,-44.461582,-44.316555
26.500727,26.558332,26.616484,26.536514,26.457468,26.378105,26.297873
6.018061,5.74338,5.468081,4.7673373,4.067305,4.399839,4.732187
-22.348747,-22.388355,-22.428135,-22.616388,-22.80458,-23.134365,-23.463503
-42.124374,-42.295975,-42.468483,-42.357162,-42.244854,-42.9966,-43.750298
-28.138107,-28.249254,-28.360607,-27.498632,-26.63563,-26.770239,-26.904493
-3.5520792,-3.6573777,-3.7637362,-3.9371243,-4.110671,-4.0405846,-3.9697623
6.031392,6.362502,6.69287,7.0102544,7.326754,7.9169703,8.508518
67.88622,67.93272,67.97868,67.56035,67.14112,66.5491,65.95759
8.248677,7.6926475,7.1368613,7.2608137,7.3844404,6.816812,6.249685
122.879456,123.24478,123.610016,121.8191,120.02999,119.163155,118.29868
123.59116,123.648705,123.70645,123.16221,122.61747,123.05548,123.49574
2.2281487,1.5400794,0.8538544,-0.15741514,-1.1706903,-1.1736238,-1.1754339
-16.933205,-16.134068,-15.33408,-15.5903015,-15.847338,-15.9951935,-16.145086
58.51253,58.662548,58.812737,58.0484,57.283142,57.58412,57.885654
-36.37659,-35.8216,-35.26792,-34.478928,-33.68988,-33.51605,-33.342983
11.31383,11.728508,12.14045,12.045246,11.949789,12.012173,12.075016
-12.023041,-12.409498,-12.79567,-13.488001,-14.181335,-13.8419075,-13.502602
20.840252,21.121351,21.403131,20.3392,19.275526,19.423563,19.570112
0.728574,1.5153935,2.3032868,2.6077874,2.9124577,3.5168564,4.120782
-40.825066,-41.053078,-41.28074,-40.832214,-40.383705,-40.98917,-41.59538
-62.545296,-62.762238,-62.980682,-62.754456,-62.528893,-62.253014,-61.977528
-9.29928,-8.713173,-8.12678,-8.428961,-8.730001,-8.29225,-7.854641
46.594727,45.845634,45.098663,44.13924,43.179832,42.986748,42.795166
-1.306729,-1.5408114,-1.7744899,-1.329924,-0.885749,-1.1022471,-1.3185825
17.79966,17.800402,17.800545,18.122143,18.44404,18.792873,19.142124
-23.827906,-23.679655,-23.531977,-23.586721,-23.641813,-23.314466,-22.986834
27.595776,27.187931,26.780146,26.817198,26.85234,27.49498,28.138567
9.225121,8.897229,8.568312,8.359699,8.152413,8.210955,8.269831
84.27826,83.74938,83.22084,81.81178,80.40477,79.6804,78.95898
1.7517388,2.2083657,2.6648896,1.8533862,1.0420144,0.73125285,0.42192
-5.325844,-5.217469,-5.109155,-5.750012,-6.3910646,-6.3711596,-6.351543
-23.318588,-22.511744,-21.705614,-21.008495,-20.31152,-18.964634,-17.619125
83.22849,83.16243,83.09652,82.33663,81.57743,81.308815,81.041504
73.59179,73.696365,73.80151,73.12903,72.45657,72.43465,72.41325
-68.77044,-68.77404,-68.77685,-68.22111,-67.666565,-67.37385,-67.08173
9.090239,8.342318,7.59466,7.246805,6.9001827,6.671604,6.443596
57.401783,57.22519,57.049976,55.572273,54.094692,54.91166,55.72958
-45.224815,-44.935993,-44.647633,-44.797237,-44.947166,-44.3881,-43.83016
-73.27935,-72.750786,-72.22272,-71.32296,-70.423,-71.06488,-71.70889
-42.207638,-42.59233,-42.977875,-42.09801,-41.21707,-41.115913,-41.01657
73.52586,73.86098,74.195786,72.665115,71.1349,71.234695,71.33459
88.68652,88.99204,89.2964,88.961655,88.62843,88.46133,88.29563
-19.50207,-19.456526,-19.410522,-18.840134,-18.268694,-18.026947,-17.78396
-18.795588,-18.707853,-18.620277,-18.954971,-19.290905,-19.641857,-19.992142
-4.3185387,-4.4150248,-4.5139627,-5.037405,-5.558795,-6.503255,-7.447736
-50.266556,-50.72168,-51.17562,-51.108925,-51.044586,-51.926678,-52.80932
6.3308697,6.5390043,6.747556,6.087246,5.4272575,5.1133523,4.7985377
69.215256,70.07799,70.939285,70.889435,70.83982,70.78349,70.72749
29.62889,29.876324,30.124817,29.556751,28.988758,29.596622,30.206049
74.595604,74.607506,74.62035,73.921455,73.22301,72.42506,71.62726
-13.957164,-13.9113455,-13.868028,-14.359714,-14.851372,-14.756826,-14.66252
10.493075,11.0492525,11.603994,11.312581,11.021581,11.642765,12.262717
40.99492,41.25772,41.5219,41.74208,41.96324,42.696156,43.430202
17.030167,17.18068,17.330505,17.663408,17.995987,18.453876,18.91075
-13.419593,-13.314076,-13.208161,-13.402096,-13.595281,-14.641389,-15.687632
14.84428,15.499698,16.154926,16.712471,17.269547,17.921867,18.573906
-65.10397,-64.599976,-64.09732,-64.20903,-64.32057,-64.19106,-64.06294
41.46524,41.20595,40.946323,39.584015,38.221764,38.10162,37.98229
-73.971466,-74.16581,-74.36021,-73.77006,-73.17991,-72.86761,-72.55672
13.426971,12.990963,12.555828,11.882265,11.210288,11.216763,11.224241
-56.94233,-56.856457,-56.76957,-55.46307,-54.15722,-53.925537,-53.695534
-107.20784,-107.09618,-106.98425,-105.73851,-104.49396,-105.30817,-106.12547
-50.134857,-50.077175,-50.021503,-50.497814,-50.97358,-51.37921,-51.785904
0.27143857,0.06022737,-0.15117171,-1.4596162,-2.767991,-2.877581,-2.9886022
-29.445614,-29.488384,-29.533058,-29.953299,-30.374594,-30.668913,-30.96323
75.99903,76.01482,76.03134,76.286835,76.5448,76.74001,76.93634
-38.881165,-39.32377,-39.76507,-39.82369,-39.882553,-39.396885,-38.91277
-6.957064,-7.1181955,-7.2791157,-6.783912,-6.287354,-5.761833,-5.2360616
1.7295634,1.6779524,1.6267124,0.81307954,0.0017325263,-0.3514188,-0.7040017
26.624716,26.601048,26.576994,26.167522,25.759779,25.67178,25.584501
-15.96478,-16.364204,-16.762817,-17.1697,-17.576763,-17.034016,-16.490349
-0.8717595,-0.26200587,0.3474626,0.29373974,0.24151558,0.57656807,0.9117374
-0.7573638,-0.95367956,-1.151608,0.82154036,2.7943063,2.9367185,3.078609
-2.5826478,-2.3869138,-2.192101,-2.5172372,-2.843927,-2.2996697,-1.7568668
38.72192,38.39139,38.061398,38.93057,39.79979,39.971596,40.143414
-8.076842,-7.973546,-7.871125,-7.469445,-7.0675325,-6.3180265,-5.5687876
15.151061,15.574116,15.998207,16.643818,17.289192,18.20382,19.11842
7.8957586,8.130291,8.364209,8.469519,8.577277,9.249758,9.922627
75.67866,75.85943,76.042625,76.44255,76.84301,76.72707,76.61178
39.33021,39.778103,40.22521,40.252583,40.281128,41.202465,42.126057
-23.860313,-23.303873,-22.746952,-23.19838,-23.650942,-24.40352,-25.155947
-19.951675,-19.473248,-18.99498,-18.200653,-17.407722,-17.132034,-16.857843
50.159115,50.17566,50.192802,49.137573,48.081543,47.842403,47.604515
9.129969,9.488332,9.847472,10.573607,11.2999,11.507498,11.715429
-11.599898,-11.126036,-10.651924,-10.706854,-10.762984,-10.776941,-10.792124
-20.883831,-20.931763,-20.978397,-21.592537,-22.206177,-21.769287,-21.332687
43.075768,43.44809,43.819683,43.59502,43.37056,42.959583,42.548386
-97.456795,-96.995705,-96.53646,-95.37611,-94.21581,-92.92507,-91.63613
98.62723,98.45402,98.280174,97.46256,96.64532,96.00933,95.37545
-27.525154,-27.638365,-27.753832,-27.996449,-28.239887,-28.149849,-28.0609
-0.15204161,-0.73156756,-1.3094007,-1.9227906,-2.5368512,-2.646457,-2.7557728
0.735531,0.7205583,0.7058507,1.1174318,1.5279886,0.8304883,0.13350877
-5.4505134,-5.412879,-5.3765416,-5.2898383,-5.2057233,-5.1334186,-5.061886
-15.12226,-15.640589,-16.15849,-16.425985,-16.691597,-16.473955,-16.25608
34.705395,35.64187,36.57885,35.623302,34.668606,35.23841,35.811367
23.128752,23.343523,23.559107,22.573265,21.586401,22.353838,23.121637
24.26698,24.318909,24.370726,23.089138,21.806791,20.973072,20.138697
-57.597935,-58.16428,-58.729465,-58.09713,-57.466263,-58.14704,-58.828064
-92.564156,-92.87331,-93.18235,-91.902885,-90.626236,-90.065475,-89.505325
-90.06284,-89.67432,-89.284424,-88.35417,-87.42374,-86.55795,-85.693504
3.6678991,3.3853312,3.1040087,3.395337,3.6886911,3.443904,3.1993551
-0.8737381,-0.30545026,0.2628805,0.010767158,-0.24100858,-0.8318098,-1.4230899
27.78422,27.48123,27.177711,27.050243,26.923124,26.186344,25.450956
-69.050964,-68.657425,-68.26462,-67.58265,-66.90148,-67.494,-68.086365
-58.25175,-58.796288,-59.34059,-59.369717,-59.400196,-59.987377,-60.57359
65.42175,65.93911,66.456436,64.62428,62.789604,63.83559,64.88357
-42.83196,-43.101948,-43.370987,-42.724415,-42.07903,-42.491417,-42.90522
-24.966227,-24.443905,-23.921314,-23.99597,-24.07074,-23.990427,-23.909288
-0.96244806,-0.94077295,-0.91982836,-0.52595896,-0.13197607,-0.38418287,-0.6370763
-23.256163,-23.566566,-23.879148,-23.856337,-23.834568,-22.590128,-21.347206
-26.05633,-25.9495,-25.842796,-25.4368,-25.031757,-25.062565,-25.090925
51.759495,51.92584,52.093006,51.10095,50.10963,50.36909,50.6283
29.932066,29.677286,29.421488,28.319246,27.215792,27.00867,26.802868
-5.825887,-6.045854,-6.2665505,-5.8338113,-5.402284,-5.1345696,-4.866039
27.228483,26.865429,26.502514,25.407919,24.313274,23.68537,23.057585
23.432766,23.308216,23.183746,23.091812,22.9992,22.906511,22.813969
15.932168,16.403303,16.874228,16.610285,16.346983,16.185402,16.023996
47.40546,47.670605,47.935192,47.382626,46.83005,46.74325,46.656956
-29.373554,-28.918648,-28.460993,-28.594126,-28.726582,-27.989944,-27.2528
-10.673316,-10.761491,-10.851505,-10.355754,-9.86076,-10.311619,-10.763404
14.332995,15.23194,16.129915,16.107727,16.084705,16.785032,17.485191
28.948421,28.814463,28.679483,28.904013,29.128399,28.9611,28.794024
-2.991616,-3.408941,-3.8271444,-3.70248,-3.5784175,-3.4522612,-3.3244274
1.5526081,2.096443,2.6394022,2.8969095,3.1543252,4.083999,5.012649
33.956993,34.6845,35.412518,35.009872,34.60834,35.13932,35.66971
19.650646,19.384624,19.119238,18.65563,18.191017,18.6659,19.140127
-11.346522,-11.304061,-11.261508,-12.088241,-12.914115,-12.627194,-12.33972
-9.509166,-9.798129,-10.087465,-10.068278,-10.048252,-9.465569,-8.883556
-20.105314,-20.343933,-20.581728,-20.451193,-20.319145,-19.781942,-19.242584
-55.597878,-55.625275,-55.652817,-55.99335,-56.334824,-56.986412,-57.63803
-39.83729,-40.31897,-40.797634,-39.501087,-38.201916,-37.55087,-36.9008
-48.519775,-47.846706,-47.17268,-46.723007,-46.27169,-47.06455,-47.858727
81.47386,80.85007,80.22659,79.36047,78.49528,78.31372,78.13214
42.689117,42.923294,43.15975,42.523804,41.88754,41.912937,41.939255
20.543047,20.545435,20.547234,19.696262,18.847,19.164701,19.482355
40.17124,39.800278,39.431152,39.456635,39.48326,39.38806,39.291283
-7.753908,-7.733452,-7.714099,-6.930176,-6.1467733,-6.025235,-5.9046984
11.761302,12.177767,12.59521,13.6800165,14.764988,14.548146,14.332468
3.047238,3.3791263,3.7123773,3.1643808,2.6153905,2.8212812,3.026584
-3.882363,-3.705569,-3.5276802,-3.0480921,-2.5703733,-2.619457,-2.6687171
8.316598,8.358012,8.401199,8.288682,8.175278,6.981741,5.7903824
-0.09735575,0.059039205,0.21466264,-0.12024298,-0.45586005,-0.30175582,-0.14744654
101.35644,101.728165,102.10076,101.47897,100.85862,101.25457,101.65151
49.46523,48.536438,47.607517,46.692303,45.777943,45.93621,46.095036
-3.4753067,-2.7194645,-1.9653285,-2.2089865,-2.4527028,-2.5840085,-2.7145379
7.762696,7.836806,7.910751,8.124425,8.337915,9.283648,10.229796
-18.065393,-17.959225,-17.851755,-17.399216,-16.946676,-16.75304,-16.557465
38.72907,38.18421,37.638573,36.813316,35.98729,34.931206,33.877632
-29.676691,-29.643183,-29.610792,-29.086523,-28.56342,-28.02247,-27.482275
43.496128,42.930973,42.36694,42.962505,43.558285,43.36878,43.17981
5.6452327,5.0684857,4.4911704,4.257339,4.023252,3.42119,2.8188474
15.087685,15.648487,16.21062,16.74448,17.277025,17.77176,18.268032
-16.429329,-16.376328,-16.323378,-16.530565,-16.736027,-16.062265,-15.387928
52.285507,52.664936,53.045345,53.323406,53.601475,52.97294,52.344887
47.57597,48.190243,48.802933,48.954643,49.107365,49.71737,50.32851
-55.126427,-54.548496,-53.970634,-53.868713,-53.767467,-53.244522,-52.7231
-11.757427,-11.593599,-11.430946,-11.926928,-12.423264,-13.276484,-14.129316
-52.687664,-52.26305,-51.838722,-51.40223,-50.96578,-50.69088,-50.41686
-10.5442705,-10.030505,-9.516101,-8.9443245,-8.3729315,-6.5502276,-4.7269664
-36.117462,-36.27871,-36.43986,-35.541317,-34.643154,-34.583313,-34.522625
-23.449488,-23.74537,-24.043226,-23.806307,-23.56872,-23.879028,-24.18844
-2.985379,-3.522771,-4.061322,-4.3475585,-4.633968,-3.5776253,-2.5210874
-14.909889,-15.435482,-15.959321,-15.09888,-14.237251,-13.805618,-13.375227
24.334982,24.84289,25.34936,26.08071,26.810965,27.528278,28.246433
-31.55805,-31.903076,-32.24787,-31.945742,-31.644243,-31.91802,-32.191566
26.996296,27.371428,27.745277,27.585644,27.426287,27.44514,27.46492
-47.973457,-48.005222,-48.036213,-46.33919,-44.641926,-43.84572,-43.04904
-8.445313,-8.477167,-8.509743,-8.393129,-8.276911,-8.125908,-7.9763494
81.73297,81.75025,81.76569,80.25905,78.75236,77.93809,77.12657
-65.06546,-65.39523,-65.724014,-64.813705,-63.904663,-64.51439,-65.123856
39.16794,39.30475,39.44204,39.665344,39.890923,40.5024,41.114983
41.85183,42.910954,43.969975,43.971634,43.973057,43.619408,43.266254
85.04574,84.83665,84.627495,84.23256,83.84023,83.74663,83.654175
4.6357574,4.7125597,4.7900677,4.9661026,5.1426897,5.323407,5.5038986
51.117413,51.208046,51.298546,50.72667,50.156334,49.412697,48.67039
18.825588,19.213612,19.602985,20.084602,20.56667,20.971077,21.374992
-26.677002,-26.966082,-27.256895,-27.418266,-27.580648,-27.300894,-27.02117
-59.789616,-59.334328,-58.87933,-59.32751,-59.775055,-59.44041,-59.10804
113.26711,113.213646,113.15967,111.97441,110.78876,110.744,110.702705
15.592849,16.004374,16.41612,15.898586,15.381036,15.774564,16.167072
-73.345184,-73.93162,-74.51779,-74.30288,-74.08848,-73.50807,-72.926476
-2.0378525,-2.3440087,-2.6508572,-2.6306012,-2.6104023,-1.4593326,-0.30876076
-96.21405,-96.9638,-97.71478,-96.92563,-96.13902,-96.50778,-96.878204
8.197205,8.709986,9.221743,9.417709,9.614726,9.17799,8.742754
-24.0817,-24.297077,-24.51204,-23.850988,-23.18974,-23.734106,-24.27795
19.090933,19.934168,20.777557,20.865746,20.955193,21.241333,21.527235
53.440277,53.642677,53.845844,53.718773,53.592293,54.42548,55.260323
-73.667404,-74.162865,-74.65724,-73.625824,-72.59415,-71.38594,-70.18048
-48.49915,-47.86459,-47.229824,-46.489548,-45.747574,-46.175137,-46.603046
-60.18185,-59.83329,-59.486237,-58.851223,-58.217316,-58.78566,-59.35436
-60.017155,-60.042274,-60.06776,-59.377697,-58.687813,-59.339493,-59.991856
-19.754232,-19.754229,-19.753847,-20.071592,-20.389254,-20.338316,-20.286737
-17.851116,-18.305304,-18.759848,-18.3393,-17.919224,-18.525896,-19.134546
57.76315,57.923843,58.08466,57.598667,57.114117,57.554066,57.995026
-37.27509,-37.237366,-37.20052,-36.98034,-36.760746,-36.30592,-35.850502
8.024667,8.687118,9.350358,9.224465,9.099917,8.496708,7.8938274
1.8274105,1.9194038,2.0111463,2.2639883,2.5155828,2.5841682,2.6542184
48.999393,49.166332,49.333385,48.859932,48.386654,47.781643,47.176533
9.658283,9.647044,9.63447,8.794611,7.9545774,8.165049,8.37554
22.837025,22.90517,22.973698,22.810196,22.647419,22.816101,22.9838
-24.917665,-24.255846,-23.594599,-24.43429,-25.274862,-25.582302,-25.890356
54.26615,53.303436,52.342667,51.40516,50.470585,50.203793,49.93914
45.93907,46.518574,47.097992,46.605194,46.11063,46.58825,47.06623
-25.588392,-25.734787,-25.882526,-25.113054,-24.344706,-24.698797,-25.05306
47.43665,47.474712,47.514034,47.490215,47.46789,46.956116,46.442978
-26.85098,-27.20205,-27.554218,-27.235023,-26.916945,-27.322124,-27.72812
24.420994,24.471848,24.524471,24.38916,24.255068,24.546524,24.839087
-99.08611,-98.986145,-98.88636,-97.79571,-96.70617,-95.97164,-95.23828
36.352688,36.59485,36.83858,36.871265,36.906063,36.66528,36.42416
-10.20803,-10.765647,-11.322784,-11.1681185,-11.015538,-10.790303,-10.567323
-19.211023,-19.545485,-19.88027,-18.687717,-17.49528,-17.041756,-16.588215
-22.919466,-23.066378,-23.213783,-23.071104,-22.928463,-21.908144,-20.888718
-56.59427,-57.06231,-57.530815,-58.381973,-59.232704,-59.54131,-59.85124
52.428238,52.55806,52.688923,52.761154,52.834274,52.240646,51.6471
-15.616927,-15.614586,-15.612676,-15.704565,-15.795811,-15.754002,-15.713391
-70.27557,-70.787384,-71.29945,-70.949524,-70.60056,-70.572495,-70.54706
7.2138486,7.528489,7.8425684,7.831401,7.8222656,7.762932,7.702298
2.83375,3.0435135,3.2539241,3.4444444,3.634854,4.430466,5.2268434
80.69962,80.43559,80.170975,78.6207,77.07107,77.73653,78.40256
63.250996,64.165276,65.08022,64.209595,63.34058,63.86526,64.39153
-4.0705743,-3.8942666,-3.7185864,-3.3307996,-2.9409432,-2.5066924,-2.0736718
2.7941592,3.0880163,3.383394,3.8608716,4.339995,3.5565789,2.7711103
-5.311211,-5.4310412,-5.551309,-4.9146214,-4.2783036,-4.7659388,-5.2539153
-0.5723169,-1.0848176,-1.5980422,-1.3849885,-1.1721418,-0.839936,-0.50774837
-21.859737,-22.247795,-22.637049,-22.422047,-22.207253,-21.607811,-21.009422
4.653155,5.5083146,6.362412,6.868747,7.37357,6.8228307,6.2718368
0.73810697,0.5338862,0.3297515,0.69458175,1.058739,1.0296361,1.0012782
-6.068995,-6.216717,-6.362976,-7.1260343,-7.887887,-6.7477636,-5.608337
-3.5387242,-3.2818663,-3.0247767,-2.6854742,-2.3470938,-1.4841958,-0.621504
-42.60686,-42.308178,-42.008972,-40.7724,-39.536285,-39.674232,-39.812794
53.965458,53.836823,53.710136,53.170086,52.63173,52.839924,53.048676
-52.099476,-51.973198,-51.84573,-51.61753,-51.389874,-50.619728,-49.850014
77.324425,76.79705,76.271126,75.05164,73.83213,73.72645,73.62181
-71.79399,-72.283714,-72.7735,-72.14138,-71.51031,-72.10942,-72.70931
81.29678,81.629745,81.96385,81.24582,80.528534,81.30069,82.07251
2.9116445,2.028689,1.1451973,0.50875324,-0.1275707,-0.8053737,-1.4805027
-51.772808,-52.087585,-52.402637,-51.661507,-50.91978,-50.772118,-50.624416
-67.57434,-67.83536,-68.09638,-67.83584,-67.576225,-68.31529,-69.054276
-53.388977,-53.76655,-54.144394,-53.015186,-51.885212,-52.03574,-52.18636
35.839203,35.50086,35.16197,35.03953,34.91853,34.990723,35.063663
38.68816,39.43913,40.18974,40.02062,39.85085,39.637756,39.42571
4.248076,4.3490205,4.449782,4.737452,5.0253587,5.120978,5.2171464
-28.625753,-28.42222,-28.217358,-27.305367,-26.39398,-27.06388,-27.733953
-49.268044,-49.75317,-50.240223,-50.077747,-49.916424,-50.27544,-50.635586
-27.168362,-26.849142,-26.529873,-26.733309,-26.93694,-26.873133,-26.809223
53.899303,54.065388,54.232517,54.105495,53.98025,53.152092,52.32559
43.64245,43.981403,44.32168,43.41522,42.509777,42.152832,41.797737
-3.366476,-3.8487291,-4.330986,-3.7379358,-3.146449,-2.3860688,-1.6262622
33.110695,33.154037,33.197994,33.52971,33.861023,33.25914,32.65732
-9.798885,-9.980776,-10.162408,-9.370031,-8.578365,-7.653758,-6.7281747
52.110653,52.44668,52.783283,51.78668,50.790005,51.04556,51.30345
-1.9616257,-2.2136972,-2.4656389,-2.0016735,-1.5373417,-0.97981805,-0.422033
18.481157,18.850983,19.222427,19.667349,20.113539,19.196287,18.27963
-70.30886,-70.94058,-71.570755,-71.19154,-70.81129,-70.292564,-69.773705
1.5854514,1.6202428,1.6548679,0.64177775,-0.3719037,-0.08233621,0.20652841
1.2997112,1.2807865,1.2605629,1.1698818,1.0790691,1.3975716,1.7183914
36.715824,36.922176,37.13028,36.948193,36.765987,36.43635,36.106037
23.981766,24.530306,25.081055,24.816383,24.551823,24.612963,24.674505
5.165188,4.8068132,4.4464145,5.149833,5.8528576,5.3089137,4.7647805
-28.486147,-27.946568,-27.408363,-27.288176,-27.168173,-26.360764,-25.55407
37.914463,37.758347,37.601604,37.57708,37.555843,37.427307,37.299614
31.113451,31.503864,31.893732,31.430906,30.969803,29.922197,28.875807
-83.3446,-83.55243,-83.75966,-83.313545,-82.86739,-83.02084,-83.17532
42.8725,43.313282,43.75486,43.910744,44.06801,44.94722,45.828804
8.804746,9.336815,9.869753,10.197067,10.526719,10.26957,10.013029
31.826534,31.923471,32.019196,31.56385,31.109686,30.971941,30.834488
-0.81785905,-0.5767878,-0.33641425,-0.64043033,-0.9457654,-1.987811,-3.029726
4.977804,5.3833113,5.7901087,4.651806,3.5158255,2.2933447,1.0711596
21.251867,20.492031,19.73041,19.395842,19.061205,18.561594,18.060844
2.8745763,2.7196405,2.5653226,1.8974036,1.2310103,1.1635569,1.095394
-48.783318,-48.98245,-49.179955,-49.203083,-49.225098,-49.835518,-50.44731
36.218456,36.388847,36.55985,36.631348,36.703552,37.36157,38.019444
-15.59938,-15.186655,-14.774053,-14.812973,-14.85324,-14.375821,-13.899428
-26.007177,-25.619883,-25.231829,-24.999077,-24.765623,-24.843103,-24.921392
-42.689655,-42.871025,-43.053272,-42.06124,-41.07154,-41.417377,-41.76456
12.290044,12.294856,12.300241,12.951768,13.604405,13.979797,14.355987
-50.72371,-50.44839,-50.174194,-49.422615,-48.673515,-48.711205,-48.749138
29.546207,28.96597,28.38372,27.65174,26.919394,25.193142,23.467514
3.770117,3.8373678,3.9042327,4.472644,5.039565,4.8887963,4.736418
-75.68553,-76.08309,-76.480484,-75.92551,-75.37094,-75.33905,-75.30757
-32.710133,-32.92389,-33.13655,-32.72464,-32.31289,-31.462763,-30.614077
64.21958,64.6441,65.06824,64.22066,63.37355,63.309128,63.24717
-38.576813,-38.829678,-39.083035,-39.08019,-39.07675,-39.25015,-39.425087
-5.3659964,-5.8089786,-6.251935,-5.7433333,-5.2331367,-5.4310803,-5.6296415
65.82722,65.724655,65.62293,65.11799,64.611786,64.11417,63.617096
13.025503,13.18262,13.339439,13.480032,13.620277,14.958693,16.297272
60.976173,61.39098,61.80478,61.056133,60.306633,59.45382,58.60364
-38.959846,-39.660625,-40.3615,-39.61732,-38.871655,-39.14154,-39.41332
49.884823,50.87167,51.857998,52.30698,52.75606,52.486855,52.217422
-44.19963,-44.60999,-45.020733,-44.409946,-43.799057,-43.272026,-42.745956
-9.644872,-10.063553,-10.481893,-10.4659395,-10.4511175,-10.764249,-11.07683
27.447264,26.683432,25.92039,25.767994,25.615295,24.913984,24.212292
1.825235,2.0861993,2.3477263,2.6497693,2.950646,2.3055453,1.6596228
31.22022,30.844896,30.471027,30.127636,29.782846,29.203304,28.625679
98.38359,98.87757,99.37232,98.50169,97.632286,97.5655,97.49965
-23.1646,-23.611584,-24.059446,-24.110542,-24.161217,-23.588463,-23.014683
64.07022,64.74463,65.41876,65.58353,65.74938,66.42642,67.10386
37.62163,37.821762,38.02564,37.25118,36.47859,36.343746,36.211037
69.2367,69.00898,68.78091,68.322624,67.86462,67.31709,66.76989
74.4733,74.999794,75.52749,75.41583,75.3066,75.55878,75.81152
-65.15741,-64.8311,-64.50418,-63.68381,-62.863018,-62.4779,-62.094887
36.59104,36.185253,35.778954,35.22301,34.666683,35.37582,36.086163
-6.2735934,-6.2962584,-6.3198237,-6.4752555,-6.630338,-6.059263,-5.4861827
7.1473985,6.993155,6.838576,7.350386,7.860477,8.676602,9.494283
38.45546,38.599125,38.741932,37.664265,36.587032,36.264843,35.943455
78.16454,78.18102,78.19735,78.09886,78.0005,78.1422,78.2854
36.443985,36.511517,36.580673,35.86188,35.14364,34.69501,34.246
-69.42739,-68.59002,-67.75408,-67.025375,-66.29671,-65.30921,-64.323715
67.34238,66.985115,66.62865,66.40279,66.17656,66.03993,65.904816
-4.26315,-4.4087086,-4.5556607,-4.533379,-4.511517,-4.1156173,-3.7189481
-96.111374,-96.32467,-96.53623,-95.3572,-94.17974,-93.48226,-92.78715
37.611565,36.89003,36.168846,36.409023,36.649662,37.47821,38.307728
96.95012,97.59073,98.23166,96.85524,95.479836,95.67678,95.875305
42.444195,42.988255,43.5312,42.369118,41.207893,40.275932,39.34481
24.025928,23.834385,23.642649,23.709232,23.776817,24.709091,25.64246
56.927635,57.803528,58.67967,58.495968,58.31419,57.43418,56.556274
-6.9428396,-7.567483,-8.191604,-9.419772,-10.64846,-10.694423,-10.741067
-4.298667,-3.4345365,-2.570558,-1.9456217,-1.3196776,-1.7426181,-2.1665258
22.509937,22.526875,22.541656,23.137434,23.732845,24.070263,24.40857
10.176379,10.634975,11.092079,10.265203,9.439446,10.094962,10.75075
54.574085,54.178905,53.78213,53.231388,52.67864,52.983265,53.288296
-127.996315,-129.19637,-130.39607,-129.38234,-128.36996,-128.54788,-128.72824
-26.41976,-27.21607,-28.012363,-27.546343,-27.07992,-27.968266,-28.856087
-6.958476,-6.1831126,-5.4090962,-4.8684053,-4.3292317,-4.2410126,-4.1529346
-49.67505,-49.477825,-49.28135,-48.88504,-48.488697,-47.839447,-47.192863
-11.227071,-10.642332,-10.056664,-9.528813,-9.001475,-8.3378935,-7.673147
-40.69297,-40.813335,-40.93335,-41.127728,-41.323856,-41.901016,-42.480328
-41.681446,-42.710545,-43.73907,-43.4463,-43.154964,-43.50517,-43.856762
-5.54182,-5.4609065,-5.380222,-4.9787803,-4.578939,-3.8984027,-3.2178092
-31.167334,-31.471615,-31.774767,-32.249508,-32.72363,-32.550335,-32.3782
-8.55357,-8.606185,-8.660039,-10.387742,-12.116253,-11.074021,-10.031311
56.56756,57.025097,57.48248,56.42465,55.36783,55.409294,55.452652
-16.511461,-16.769432,-17.026659,-17.988354,-18.950071,-19.341496,-19.733284
32.290703,32.64683,33.003323,32.024662,31.04497,31.132698,31.220072
26.64561,26.277405,25.907835,24.769876,23.631691,23.771421,23.911709
-41.374306,-41.47417,-41.5735,-41.68881,-41.804688,-41.59464,-41.38438
45.960762,45.782906,45.605133,44.563572,43.521275,43.73771,43.955692
41.249416,41.44059,41.631554,41.189766,40.749214,40.258728,39.769646
7.7076635,8.168801,8.630527,7.9084787,7.1862764,7.5619535,7.9400816
15.547942,15.158495,14.768827,14.139964,13.509638,13.740843,13.971354
2.2014563,1.613909,1.0256631,0.73895377,0.45264408,-0.20959692,-0.87125903
17.096586,16.861273,16.625193,16.692358,16.76087,17.348806,17.937134
-25.332092,-25.11756,-24.904005,-24.872965,-24.841177,-24.016586,-23.192577
-29.638752,-29.539928,-29.441645,-28.923536,-28.40407,-27.643286,-26.883144
-2.4107106,-2.0110881,-1.6123776,-1.153681,-0.69573087,-0.4101097,-0.12502784
-8.436991,-8.202192,-7.968996,-7.459589,-6.949827,-7.0673294,-7.1854258
-42.976673,-43.286785,-43.597736,-42.524364,-41.45094,-41.816093,-42.1826
35.35776,35.592236,35.82736,36.38477,36.942368,37.501225,38.06068
42.92908,42.71925,42.509174,42.202557,41.894115,41.54155,41.190945
61.204937,60.75358,60.30209,59.93356,59.56563,58.35656,57.14748
37.91389,37.46549,37.017498,37.164677,37.310196,36.738228,36.167805
-0.61016124,0.065034464,0.7404676,0.2110544,-0.3170361,-0.19702761,-0.076775
38.261883,38.35738,38.450653,38.71793,38.98579,39.404186,39.821896
14.210283,14.171192,14.130051,14.35496,14.579235,14.996419,15.412772
-65.127304,-65.23913,-65.35148,-64.95347,-64.55659,-64.89106,-65.22619
18.461245,17.961836,17.46237,17.521156,17.580015,17.285748,16.991985
-30.312695,-30.485935,-30.657505,-30.42668,-30.195946,-29.739517,-29.283894
16.216688,15.549199,14.881963,15.197736,15.514649,15.233359,14.952437
112.34674,112.67073,112.995,111.55955,110.125145,109.32285,108.522156
-90.37961,-90.293564,-90.20682,-90.53257,-90.85825,-91.13661,-91.41636
-51.7745,-51.842815,-51.91379,-51.611473,-51.310936,-50.917397,-50.52408
29.61551,29.38603,29.155304,28.844017,28.533705,28.879066,29.223497
3.91503,3.8508916,3.7852035,3.6140494,3.4448562,3.2441134,3.0423255
-9.458956,-9.763012,-10.066194,-10.299204,-10.532015,-10.970536,-11.408399
11.630248,11.202284,10.774617,10.305461,9.837793,9.169372,8.501042
-7.6453257,-7.7086864,-7.7721515,-8.222033,-8.670913,-8.720184,-8.768684
39.639294,39.047203,38.455074,37.4059,36.358376,35.850777,35.342426
-0.8822219,-1.9634521,-3.0444791,-2.821695,-2.5988777,-2.892699,-3.1868227
51.622265,52.163773,52.70577,53.32005,53.933823,54.886635,55.839203
38.5021,38.506477,38.51284,39.053665,39.59537,38.674816,37.7553
46.110943,45.792492,45.474106,45.230026,44.984726,44.858906,44.734554
2.1960866,1.9592282,1.7228771,0.8217885,-0.0799373,1.0746647,2.2289789
-16.772806,-16.417324,-16.060982,-16.190832,-16.319597,-16.367327,-16.416452
-53.54305,-53.411137,-53.279144,-51.69543,-50.111916,-50.43499,-50.7587
59.794556,59.530895,59.269665,58.645588,58.020237,57.72855,57.437393
4.8765073,4.9928613,5.1093736,4.108542,3.1085038,3.5813107,4.0541596
22.401047,21.697983,20.996407,20.909302,20.823233,20.981335,21.138775
3.6121697,3.3548465,3.096734,3.4552488,3.8130255,3.4486003,3.08364
19.832071,20.396498,20.960167,21.21581,21.470442,21.78443,22.09965
27.639547,27.480127,27.321157,26.964674,26.610126,26.612299,26.614128
50.144142,49.94586,49.748474,49.507645,49.266613,48.491386,47.717922
77.649414,77.88256,78.11507,77.578705,77.044304,76.896034,76.74903
34.71785,34.46152,34.20456,34.62641,35.047756,34.885025,34.72302
-3.9791007,-3.8146875,-3.6518714,-3.7591126,-3.866146,-3.4576507,-3.04967
61.334675,60.888294,60.440845,60.889904,61.338215,60.914227,60.490482
-106.73476,-106.82833,-106.92396,-106.860374,-106.79635,-106.35401,-105.9127
-48.512924,-49.08402,-49.657036,-49.433834,-49.21087,-49.75918,-50.308853
21.828428,21.845026,21.86141,21.638817,21.415895,21.080526,20.745495
-3.2883408,-3.2897065,-3.2916577,-3.8163407,-4.3401794,-4.0757546,-3.8101122
-43.930183,-44.24517,-44.559765,-43.04796,-41.537125,-42.159462,-42.78198
4.9468794,5.12199,5.2984743,4.870996,4.443895,3.8834188,3.323755
30.906584,31.642462,32.378365,32.906258,33.435276,32.568935,31.701754
21.716543,21.798437,21.88104,22.199848,22.518492,22.881163,23.245104
-15.277225,-15.340334,-15.402485,-15.365802,-15.327942,-14.342329,-13.357649
2.0358033,2.0380826,2.040997,1.9435972,1.8450359,2.035293,2.2246776
23.840586,23.667908,23.49408,23.344095,23.19439,23.441753,23.68921
32.75767,33.371933,33.98658,32.924046,31.862001,31.024595,30.187773
-0.040067483,0.19729109,0.43562454,0.02611084,-0.38333684,-1.2089438,-2.03261
-14.3450985,-14.920887,-15.4969225,-14.8137865,-14.131133,-14.498919,-14.867962
-32.13162,-32.23698,-32.34195,-33.15936,-33.9779,-34.61179,-35.246845
52.802624,53.272175,53.742126,52.72706,51.71097,51.12378,50.53655
29.793009,29.354145,28.916332,29.226465,29.537912,28.860155,28.18353
16.02866,16.086197,16.142075,15.990705,15.840232,15.909297,15.979323
-88.669304,-88.89785,-89.126114,-88.001816,-86.87804,-86.5797,-86.28288
11.29815,11.129395,10.961812,10.995086,11.029141,11.408078,11.786601
-38.07114,-38.634922,-39.19868,-39.30379,-39.408916,-39.16455,-38.92005
-78.95235,-78.98242,-79.0123,-78.20684,-77.40238,-76.597,-75.79184
-27.169743,-26.874636,-26.580084,-26.888689,-27.197325,-26.560486,-25.924564
2.7174118,2.3379996,1.95971,2.5243232,3.090202,2.9915302,2.8932765
1.6630257,1.2081846,0.75329095,0.38893732,0.025287947,-0.07405106,-0.17361085
39.009136,39.161488,39.31522,38.94351,38.572266,38.33435,38.096455
-1.4601095,-1.2499673,-1.0388277,0.055212285,1.149708,1.610266,2.0700343
93.78395,93.80475,93.82723,92.84896,91.87206,91.1828,90.49316
-12.25079,-12.441474,-12.6317625,-11.564352,-10.497418,-9.220925,-7.945559
50.614243,50.7931,50.974014,50.82994,50.686817,50.546818,50.408386
-1.9207839,-1.8047293,-1.6875929,-1.963396,-2.2406552,-2.3895113,-2.5365727
58.565475,58.667786,58.769108,58.017967,57.26661,56.23113,55.196724
-10.394819,-10.276186,-10.157688,-9.69437,-9.232786,-9.411909,-9.591665
-7.6244564,-7.2352786,-6.844012,-7.4863634,-8.128298,-8.084956,-8.041223
-74.13903,-74.50193,-74.863945,-74.38841,-73.913185,-74.446075,-74.97929
-17.142752,-16.57321,-16.003391,-16.1823,-16.36267,-15.9251375,-15.487985
90.17098,90.77319,91.37516,90.38881,89.40202,89.406075,89.40985
-11.769894,-11.560372,-11.351134,-11.174035,-10.996297,-10.433848,-9.870963
63.829178,63.79687,63.764355,62.326824,60.890015,59.65697,58.424755
1.6935374,2.0832145,2.4710882,3.1853712,3.8999135,5.42662,6.953736
20.934063,21.25284,21.571053,21.21397,20.857931,20.043478,19.230906
36.945297,36.74044,36.536804,36.282833,36.028866,35.76418,35.4997
18.808874,18.892878,18.976439,18.237093,17.498732,16.961454,16.425518
2.6303196,2.7492056,2.8669634,2.6380062,2.4087105,2.7858534,3.1632757
-48.251236,-48.45446,-48.65815,-47.97022,-47.281433,-47.64299,-48.005104
-4.416645,-4.5357165,-4.65408,-4.272491,-3.890478,-3.7534902,-3.6176238
-88.14597,-88.99015,-89.83373,-89.36274,-88.89271,-89.13744,-89.38317
39.68779,39.351616,39.01729,39.30123,39.584652,38.206806,36.83086
19.703398,19.784979,19.865393,19.264788,18.663622,17.977901,17.29305
