2014 SVI Minority Status Encoding,2015 SVI Minority Status Encoding,2016 SVI Minority Status Encoding,2017 SVI Minority Status Encoding,2018 SVI Minority Status Encoding,2019 SVI Minority Status Encoding,2020 SVI Minority Status Encoding
-32.40868,-32.36735,-32.32608,-32.333916,-32.342354,-32.399982,-32.457672
27.269402,27.486649,27.703526,27.495626,27.289404,27.513735,27.738361
-6.195581,-6.3697524,-6.5440993,-6.343206,-6.1430736,-6.53268,-6.923036
-1.7858909,-1.5764169,-1.3677953,-1.573085,-1.7777461,-1.9093322,-2.0393143
25.236067,25.146984,25.059374,25.101696,25.145014,25.06371,24.982061
-41.668816,-41.94473,-42.220284,-42.26953,-42.320503,-42.198467,-42.07714
43.901966,43.948692,43.995983,44.1,44.20384,44.06629,43.927635
-27.475555,-27.482456,-27.48967,-26.987652,-26.486292,-26.442303,-26.397701
9.999393,9.8797245,9.761024,9.694948,9.628823,9.44004,9.251899
-94.50443,-94.29943,-94.09542,-94.16435,-94.23382,-93.93907,-93.64338
-46.604954,-46.800568,-46.996426,-47.135582,-47.275085,-47.283024,-47.29104
2.703179,2.7668061,2.830564,2.5324569,2.2335372,2.5233483,2.812632
-25.13695,-25.690395,-26.243681,-26.394922,-26.54659,-26.421774,-26.296522
-15.033097,-14.976858,-14.919858,-14.858825,-14.799163,-15.02201,-15.244505
-83.29108,-83.70641,-84.12124,-83.94059,-83.76125,-83.69166,-83.62134
-52.31361,-52.517212,-52.720932,-52.71594,-52.712475,-52.7265,-52.74124
67.80179,67.62716,67.45297,67.29904,67.14554,67.30753,67.46972
-90.89202,-91.11411,-91.334015,-91.29646,-91.25857,-90.84561,-90.43248
-12.144168,-12.1757765,-12.207466,-12.585933,-12.9648,-12.918131,-12.870689
2.8539305,3.1024227,3.3517332,3.362678,3.3733473,3.1758046,2.978979
35.342625,35.43791,35.531734,35.658543,35.784893,35.62074,35.456966
72.333694,72.210846,72.08837,72.13166,72.17525,72.26699,72.357765
1.8107444,1.9130558,2.015185,2.4587793,2.9025347,3.1463058,3.3907974
76.47644,76.95366,77.43012,76.924034,76.41855,76.48887,76.56002
-11.8571615,-11.901129,-11.945225,-12.016904,-12.087881,-12.172273,-12.255513
-64.67146,-64.767296,-64.863945,-64.52717,-64.19053,-64.69411,-65.19843
69.20761,69.07927,68.950096,68.63216,68.31454,68.45235,68.589386
-69.293015,-69.5583,-69.821495,-69.67452,-69.52664,-69.45572,-69.38294
-70.32884,-70.328415,-70.3264,-69.9213,-69.51603,-69.36554,-69.21448
73.87473,74.09338,74.31205,74.07547,73.83844,74.06773,74.29589
51.639908,51.59051,51.540363,51.752605,51.965157,51.843918,51.724087
-64.03977,-64.37592,-64.7123,-64.649475,-64.58712,-64.86195,-65.13793
8.971244,9.082622,9.193602,9.407836,9.623818,9.942012,10.259788
13.986572,13.9012985,13.815668,14.110386,14.404945,14.15567,13.906037
47.467278,47.474808,47.4813,47.109745,46.739532,46.404003,46.068863
15.358867,15.54555,15.73116,15.717183,15.703223,16.052853,16.40145
18.072647,18.363546,18.65494,18.471416,18.287329,18.572222,18.855675
22.716183,22.560472,22.404913,22.37095,22.337072,22.492506,22.646215
-30.426182,-30.86444,-31.303944,-31.572102,-31.840054,-31.435848,-31.030533
53.754963,53.983906,54.214306,54.023533,53.833,53.773354,53.714554
4.317669,4.587527,4.85717,4.6234365,4.3897276,4.5466385,4.703771
11.623642,11.53104,11.438193,11.590954,11.743612,11.492802,11.241785
-12.131909,-11.96801,-11.803365,-11.874298,-11.945793,-11.668383,-11.390467
-18.452642,-18.308289,-18.164371,-18.29559,-18.426077,-18.392797,-18.358366
-58.526234,-58.678097,-58.83061,-59.00259,-59.17458,-59.048264,-58.921207
-0.83459353,-0.98862433,-1.1428587,-1.0940082,-1.0459931,-0.8252976,-0.60280585
-0.7224217,-0.92739683,-1.1316533,-1.340992,-1.5516272,-1.1767664,-0.8018208
31.57278,31.48691,31.399685,31.132383,30.866863,30.80376,30.742178
-3.9700832,-3.8464093,-3.7227035,-3.5957189,-3.4679275,-3.4073787,-3.3457704
-31.190962,-31.351301,-31.51181,-31.253496,-30.996397,-31.060757,-31.124842
11.413273,11.387012,11.362601,11.298595,11.2344265,11.50992,11.783747
-22.141384,-22.373112,-22.605835,-22.058134,-21.509827,-21.75742,-22.004852
60.70409,60.61714,60.531235,60.537754,60.5438,60.143646,59.742496
-15.370919,-15.575506,-15.777909,-15.660634,-15.543923,-15.196865,-14.848614
-16.164438,-16.351854,-16.540216,-16.643663,-16.747183,-16.829882,-16.912985
63.296436,63.386158,63.47479,63.537865,63.60171,63.55652,63.51085
28.888073,28.926422,28.965313,28.77313,28.579826,28.60799,28.635244
5.7306395,5.668988,5.6076612,5.33035,5.0529776,5.0390778,5.0248604
-22.075407,-22.046778,-22.01724,-21.975363,-21.933016,-21.66041,-21.387167
72.15442,71.983406,71.81095,71.68145,71.552345,71.71028,71.86848
-40.23787,-40.190884,-40.143127,-39.95056,-39.757988,-39.88012,-40.002
64.21993,64.13521,64.04997,63.792004,63.534058,63.47188,63.409054
-0.76579934,-0.75404793,-0.74145204,-0.3487633,0.046046924,-0.17012028,-0.38542157
74.145905,74.03698,73.92748,73.50514,73.08349,73.04364,73.003174
-13.350991,-13.432505,-13.51456,-13.583842,-13.6534195,-13.379264,-13.103934
-65.750015,-65.40551,-65.059746,-64.75142,-64.44443,-64.56582,-64.686676
-23.782192,-23.775797,-23.768147,-23.793127,-23.818384,-24.176685,-24.533518
9.604474,9.701372,9.798343,9.62597,9.455383,9.481169,9.508119
-0.6900604,-0.77908254,-0.86747146,-0.9918673,-1.1159265,-0.9352486,-0.75399375
31.612164,31.686827,31.762943,31.553204,31.345274,31.151106,30.956778
-68.987755,-68.99948,-69.01076,-68.40149,-67.79216,-68.10399,-68.41478
5.1764007,5.465486,5.7533164,5.4636226,5.175863,5.294252,5.4125504
33.547062,33.658607,33.77094,33.602776,33.434135,33.375282,33.3172
-43.82228,-44.069283,-44.316277,-44.486176,-44.65614,-44.756924,-44.85611
-68.8214,-68.89733,-68.9719,-68.81794,-68.665215,-68.4614,-68.25767
26.387108,26.231768,26.076223,25.78196,25.488665,25.504854,25.519707
59.483555,59.44519,59.40691,59.60584,59.80426,59.61952,59.435894
-42.353268,-42.246586,-42.140255,-41.938183,-41.737114,-41.79751,-41.85859
32.493095,32.39841,32.30242,32.129925,31.957153,32.46114,32.96622
5.7831683,5.6928477,5.6013103,5.597137,5.5931945,5.64397,5.692962
-0.0032428834,0.017572012,0.037854757,-0.023859415,-0.085555464,0.16946849,0.42461643
-73.40833,-73.37832,-73.34972,-73.38854,-73.427574,-73.49739,-73.56662
-52.846355,-52.803085,-52.760143,-52.894302,-53.029095,-52.440784,-51.85367
42.384514,42.54124,42.697666,42.609764,42.5216,42.461025,42.40005
1.0504565,1.1087861,1.1668315,1.1113944,1.0544105,1.0608077,1.0661235
-66.58567,-66.805855,-67.02537,-66.64056,-66.25531,-66.17215,-66.08953
31.779705,31.735195,31.691898,31.859375,32.02863,31.904755,31.779392
-52.957127,-52.99231,-53.026733,-52.98743,-52.94849,-52.922493,-52.895935
4.123425,4.2255898,4.328185,4.3435082,4.3598104,4.458976,4.558677
-43.295853,-43.46353,-43.63197,-43.874027,-44.11631,-44.157394,-44.19971
-12.200474,-11.931819,-11.662836,-11.857292,-12.052214,-12.021179,-11.990216
26.575134,26.555092,26.534733,26.483696,26.432053,26.273956,26.115648
-6.6433806,-6.6440473,-6.6438136,-6.529202,-6.4148946,-6.593487,-6.7741466
-47.677105,-47.60993,-47.543518,-47.321156,-47.09886,-47.235184,-47.372066
-76.47066,-76.24428,-76.01758,-76.214035,-76.41118,-76.496994,-76.5832
39.584583,39.6051,39.624336,39.659607,39.694904,39.373783,39.052834
-27.739677,-27.776405,-27.811176,-27.790546,-27.768818,-27.643045,-27.516542
-85.22949,-85.51123,-85.792145,-85.720566,-85.6492,-85.59581,-85.54278
4.6824236,4.830145,4.9777374,4.815814,4.6538486,4.9843073,5.314515
6.226997,6.222451,6.219761,5.849928,5.4816756,5.3132963,5.1450653
53.816227,53.78358,53.750618,54.09255,54.43333,54.191963,53.949474
36.25575,36.045948,35.834496,35.683514,35.533283,35.504345,35.474503
65.946434,65.94471,65.94284,65.97664,66.010635,65.74446,65.48012
2.884047,3.1401548,3.3959682,3.433297,3.4697046,3.7638683,4.0588236
-8.803383,-9.282534,-9.762836,-9.818386,-9.874023,-9.240029,-8.6071205
-5.745533,-5.7900248,-5.835432,-5.5736094,-5.3107586,-5.13113,-4.950885
33.932766,33.779213,33.626053,33.56898,33.511738,33.50978,33.507835
29.245794,29.384445,29.522367,29.482542,29.441216,29.097422,28.753736
-1.2929336,-1.2930671,-1.2936069,-1.39038,-1.4876624,-1.6350414,-1.7816211
-1.4802803,-1.4509405,-1.4207257,-1.3314971,-1.2425083,-1.6395887,-2.037035
50.782284,50.537415,50.29246,50.470722,50.648148,50.8279,51.008717
-8.939138,-8.886394,-8.833815,-8.781773,-8.731188,-8.846328,-8.96125
-60.03031,-60.216194,-60.40255,-60.12786,-59.85513,-60.118633,-60.383717
-34.05159,-33.840183,-33.629047,-33.59526,-33.561428,-33.394955,-33.229057
107.145485,107.33517,107.52452,107.3352,107.14629,107.447395,107.74879
2.908443,2.9891953,3.0694594,3.613319,4.156546,4.400104,4.6430516
-42.63071,-42.761513,-42.893505,-42.527317,-42.160625,-42.241657,-42.320667
5.1514225,4.958832,4.7641964,4.7977047,4.8301563,5.2198114,5.6088963
21.646887,21.653282,21.65924,21.46512,21.270527,21.199486,21.130003
-25.2451,-25.108067,-24.968948,-24.962101,-24.957287,-25.051712,-25.145794
19.26093,19.109842,18.959219,19.22534,19.490576,19.166567,18.841257
41.027756,41.020046,41.013176,40.99365,40.973106,41.043884,41.11397
-27.628412,-27.689688,-27.752094,-27.567234,-27.382107,-27.303402,-27.224924
-57.759125,-58.092052,-58.425144,-58.710316,-58.995415,-58.881027,-58.76776
-54.930267,-55.004837,-55.08033,-54.89458,-54.70648,-54.666897,-54.628582
15.7085285,15.891668,16.074747,15.946693,15.818783,15.87121,15.922548
39.45097,39.252186,39.053787,39.128323,39.205116,39.031284,38.857372
-74.77734,-74.727745,-74.67715,-74.61305,-74.54857,-74.54881,-74.5483
5.6104603,5.8260756,6.042725,5.730127,5.4186916,5.667382,5.916485
-41.19705,-41.147053,-41.096523,-41.39673,-41.697514,-41.56992,-41.443207
36.57622,36.636604,36.69636,36.747536,36.800507,37.160492,37.520008
-28.923372,-28.913347,-28.904432,-28.672733,-28.440786,-28.753042,-29.062864
-16.96491,-17.11259,-17.260681,-17.311426,-17.362553,-17.46568,-17.568905
14.987951,15.032525,15.076526,14.806992,14.53883,14.85157,15.165514
-2.4329658,-2.4754386,-2.5181947,-2.5326009,-2.5465941,-2.7611613,-2.9783082
-71.05231,-71.04567,-71.04,-71.0715,-71.1045,-70.88261,-70.660355
49.820766,49.68154,49.54195,49.605015,49.667603,49.527264,49.385918
-30.42406,-30.77874,-31.132362,-31.128258,-31.123056,-31.017319,-30.91247
-23.2872,-23.356733,-23.426252,-23.657494,-23.887976,-23.752676,-23.618837
-35.195305,-35.267136,-35.338455,-35.424995,-35.512943,-35.491364,-35.470284
-24.150396,-24.291534,-24.430506,-24.824144,-25.219042,-24.78726,-24.355623
-30.832186,-30.777746,-30.7226,-30.740284,-30.758596,-30.89072,-31.02196
-62.809288,-63.253674,-63.697998,-63.743263,-63.78948,-63.777317,-63.76607
-61.267105,-61.417233,-61.567924,-61.646603,-61.726234,-61.451477,-61.176846
-5.9814754,-5.885387,-5.7891574,-5.9262977,-6.062656,-6.0289645,-5.99451
2.6415794,2.8197134,2.998884,2.7794902,2.560208,2.697666,2.8349473
91.20909,91.326065,91.44121,91.30675,91.171,91.51841,91.86629
-55.80068,-55.857784,-55.91486,-55.251263,-54.586414,-54.372375,-54.159306
44.64245,44.972248,45.30249,45.209225,45.11531,44.878437,44.64169
81.96813,82.03294,82.097534,82.02219,81.94743,81.612045,81.27748
20.50619,20.75257,20.99945,20.965452,20.932009,20.731987,20.532278
-28.614176,-28.732355,-28.851423,-29.087599,-29.323202,-29.188595,-29.0527
-14.547518,-14.843374,-15.138437,-14.668745,-14.200058,-14.323259,-14.4466305
9.1033325,9.331622,9.561451,9.849929,10.139132,10.195962,10.251972
22.304995,22.162655,22.020472,22.343895,22.667482,22.701218,22.73332
-17.10527,-16.939503,-16.77179,-17.038952,-17.306202,-17.86035,-18.414474
30.352894,30.19757,30.040283,29.74065,29.440357,29.54741,29.651981
3.275551,3.2682345,3.2602866,3.700083,4.1407185,4.028536,3.9166167
52.60463,52.940468,53.276756,53.06804,52.86011,53.067883,53.27585
-31.251694,-31.179657,-31.107283,-30.878788,-30.6517,-30.4643,-30.277185
6.7940664,6.8928614,6.991909,7.340748,7.6902714,7.5136623,7.3379917
-54.85068,-55.224895,-55.599033,-55.377163,-55.15649,-55.42968,-55.702396
-9.555462,-9.499681,-9.444823,-9.242837,-9.041817,-8.925178,-8.810695
-43.266064,-43.381725,-43.497623,-43.59214,-43.688404,-43.805508,-43.922306
30.139036,29.777193,29.415659,29.686277,29.957575,29.68546,29.412722
17.482687,17.575146,17.66937,17.712095,17.754946,17.752346,17.748892
-40.034237,-40.173164,-40.31203,-40.078686,-39.84747,-39.57254,-39.2991
-4.706098,-4.988651,-5.270416,-5.5328307,-5.7958293,-5.5500293,-5.30265
-16.97566,-17.07797,-17.180618,-17.370882,-17.559807,-17.393208,-17.226067
18.615677,18.175266,17.735107,17.397923,17.061874,16.997498,16.93251
-57.064613,-57.399136,-57.73252,-57.384396,-57.036587,-57.107136,-57.179615
11.019498,11.04165,11.064528,11.289052,11.5141115,11.555236,11.594811
-29.827793,-29.90884,-29.988214,-29.889805,-29.7914,-29.651308,-29.510918
9.604249,9.16642,8.727466,8.701921,8.677466,8.854933,9.032194
-62.9302,-63.04492,-63.159737,-62.85083,-62.542,-62.958805,-63.375427
20.801222,20.642962,20.484737,20.641586,20.799488,20.400286,19.999422
81.803955,81.937614,82.07195,81.878395,81.683304,81.511795,81.34073
-28.02562,-28.027992,-28.029974,-27.956518,-27.884184,-27.856161,-27.82776
-5.5180726,-5.8255963,-6.13339,-6.2895904,-6.445762,-6.4995255,-6.5533547
47.23007,47.281208,47.333378,47.23359,47.133987,47.254276,47.374634
59.86136,59.870255,59.88199,59.40771,58.93224,58.94253,58.953495
0.80511504,0.6925128,0.5800448,0.68209296,0.78397185,0.62722665,0.4711936
-95.35538,-95.402725,-95.44881,-95.73205,-96.01628,-95.69175,-95.36848
11.68722,12.009778,12.3326435,12.257033,12.181421,12.218502,12.254883
49.798904,49.8788,49.95869,49.949665,49.942295,50.153294,50.364853
0.443619,0.28156495,0.118601084,-0.39479804,-0.90834975,-0.88898253,-0.8695867
21.652155,21.727861,21.80315,22.035606,22.268248,21.850248,21.431744
-26.190792,-26.319948,-26.447948,-26.068157,-25.687382,-25.558123,-25.430433
15.416475,15.513144,15.609911,15.57612,15.542839,15.481873,15.421143
-52.770382,-52.913086,-53.056835,-53.05037,-53.044758,-53.169933,-53.293842
52.45907,52.73436,53.01122,52.77852,52.545773,52.4603,52.375317
-62.37623,-62.326633,-62.276253,-62.095062,-61.912624,-61.957306,-62.000755
-50.682323,-50.54867,-50.41357,-50.38483,-50.356106,-50.440296,-50.52402
-75.870255,-76.27401,-76.67662,-76.60484,-76.533554,-76.272964,-76.0116
-93.40539,-93.43032,-93.453835,-93.37966,-93.306465,-93.26789,-93.230064
-76.83739,-76.61162,-76.385925,-76.03931,-75.69211,-75.23929,-74.786476
6.271682,6.1515265,6.03065,5.8582106,5.6876154,5.525653,5.364522
-18.010351,-17.866045,-17.721462,-17.87263,-18.023287,-18.040056,-18.057716
10.881444,11.16506,11.449052,11.28207,11.114631,11.050518,10.985472
-35.402092,-35.42379,-35.446686,-35.412495,-35.378647,-35.409115,-35.439453
-22.380974,-22.243746,-22.107649,-22.349466,-22.589996,-22.719313,-22.848347
-19.11183,-19.29707,-19.482914,-19.469677,-19.455479,-19.661282,-19.866783
38.46956,38.38778,38.304775,38.437454,38.570915,38.57866,38.586575
30.956463,30.87979,30.801659,30.856382,30.91018,30.874363,30.838493
-28.691765,-28.3684,-28.04596,-28.213108,-28.379005,-28.362228,-28.346508
14.006648,13.811373,13.615902,13.691576,13.768545,13.299318,12.828569
-13.660737,-13.571377,-13.48324,-13.418165,-13.353364,-13.273525,-13.193609
36.667217,36.721043,36.77502,36.537533,36.30001,36.387627,36.474167
-18.969374,-18.996418,-19.024023,-18.82152,-18.618315,-19.10185,-19.58466
68.45527,68.590034,68.723755,68.602104,68.48138,68.57376,68.666374
63.690247,63.92518,64.16166,64.77083,65.38144,65.369064,65.35773
-20.445787,-20.498215,-20.550741,-20.868149,-21.185665,-21.244183,-21.301643
-3.001177,-3.125994,-3.2518733,-3.3787997,-3.50548,-3.7382243,-3.970669
46.10932,46.13218,46.155563,46.18683,46.21985,46.32403,46.429108
31.407068,31.592566,31.778442,31.538088,31.29907,30.66748,30.035322
8.116845,8.130708,8.143206,8.223182,8.302721,8.143983,7.985048
52.091297,51.90579,51.71902,51.5464,51.37267,51.39773,51.42429
-3.1183755,-3.1288488,-3.1384003,-2.9413078,-2.7449863,-2.768121,-2.791721
-1.0822116,-0.9635344,-0.8445421,-0.86581,-0.88679415,-1.1810328,-1.4758588
-54.181408,-54.1401,-54.10031,-53.974236,-53.84843,-54.032875,-54.215294
22.925098,22.772549,22.619093,22.940268,23.264015,22.737186,22.210083
-53.499554,-53.530643,-53.559673,-53.53343,-53.506523,-53.8154,-54.122208
-25.430231,-25.58759,-25.744793,-25.964462,-26.184185,-26.272184,-26.360794
-14.6282215,-14.586252,-14.543681,-14.070652,-13.597651,-13.676226,-13.756241
-10.398001,-10.514881,-10.631872,-10.703657,-10.775507,-10.695293,-10.613596
58.571033,58.811695,59.05224,59.04024,59.028137,58.633312,58.238632
18.49938,19.045275,19.59013,19.380953,19.172012,19.267208,19.36344
16.04089,15.777077,15.5136,15.330503,15.146875,15.043553,14.940704
-8.852804,-9.069443,-9.286131,-9.17911,-9.072376,-8.749769,-8.426596
-37.931713,-38.287624,-38.642963,-38.641903,-38.639812,-38.63132,-38.621624
-40.466854,-40.503212,-40.53957,-40.17411,-39.80855,-39.682972,-39.558067
2.7860122,3.256185,3.7264438,3.4543605,3.1819873,3.365995,3.5506492
-90.12539,-90.149574,-90.17266,-90.06639,-89.961296,-89.57668,-89.19309
35.95883,35.93099,35.90416,35.73967,35.57531,35.36406,35.153633
77.98939,77.98456,77.98311,77.803795,77.62494,77.59439,77.562454
42.121597,42.404568,42.687954,42.657246,42.626846,42.585854,42.544476
49.598564,49.46265,49.325275,49.35747,49.38976,49.634033,49.876556
-54.733086,-54.852295,-54.970104,-54.677956,-54.386063,-54.44425,-54.503952
30.384352,30.559381,30.732965,30.644087,30.55684,30.573378,30.590816
34.407455,34.385414,34.36415,34.24682,34.127884,34.389534,34.650833
-61.568798,-61.451336,-61.333893,-61.13602,-60.938206,-60.935127,-60.931503
-5.4375596,-5.3012004,-5.165281,-5.1886888,-5.2120767,-5.1424985,-5.0712647
6.3682337,6.775075,7.1824217,7.2344227,7.2847347,7.2902613,7.2953596
19.524965,19.356655,19.189764,19.078999,18.969019,18.917274,18.863634
43.49395,43.528633,43.56427,43.374115,43.184395,43.040096,42.89602
-11.974724,-12.195132,-12.416264,-12.642579,-12.87022,-12.988673,-13.108038
17.909176,17.950678,17.991846,17.930618,17.869614,17.810297,17.750679
24.445316,24.599134,24.752665,24.480125,24.207008,24.362026,24.517744
19.73552,19.771742,19.806713,19.926722,20.046434,20.506573,20.967339
20.682987,20.712845,20.743614,20.678774,20.611753,20.50073,20.390627
-1.7511823,-1.7797554,-1.8093784,-1.6509082,-1.4924963,-1.3931167,-1.2931192
-5.2982683,-5.263197,-5.227557,-5.0962315,-4.96461,-5.205408,-5.4448137
-12.736706,-13.012735,-13.28969,-13.401417,-13.513159,-13.648109,-13.784769
-26.542585,-26.584473,-26.625921,-26.88824,-27.15101,-27.367731,-27.584673
24.992365,25.081858,25.171911,25.135517,25.098198,24.966341,24.834162
48.4071,48.50945,48.610622,48.65989,48.708908,48.90404,49.099186
-10.392786,-10.565946,-10.737537,-10.993055,-11.248137,-11.292458,-11.336608
68.49814,68.41879,68.33911,68.47746,68.61609,68.439064,68.26261
18.50682,18.295128,18.083706,17.905031,17.7256,17.688168,17.650671
75.77576,75.86924,75.96083,75.95925,75.95741,75.94354,75.9299
-71.4117,-71.43985,-71.46819,-71.44006,-71.41219,-71.59358,-71.77588
-40.56907,-40.542244,-40.51472,-40.07521,-39.63587,-39.70191,-39.76804
-96.6148,-96.53633,-96.45996,-96.811066,-97.16409,-96.86507,-96.56705
10.834925,10.876448,10.9179,11.136191,11.3540535,11.600087,11.845741
-41.50016,-41.689358,-41.8789,-41.88482,-41.89023,-41.864525,-41.83777
41.54239,41.999638,42.45626,42.511528,42.567745,42.220818,41.87519
95.60227,95.84141,96.07888,95.93936,95.80079,95.847176,95.89426
-16.990175,-16.867886,-16.746817,-16.80731,-16.866913,-16.802286,-16.737103
48.683807,48.538044,48.391293,48.160835,47.929756,47.85355,47.776943
-81.51331,-81.643,-81.77148,-81.77296,-81.774864,-81.64959,-81.526985
26.532015,26.815172,27.097471,27.254341,27.410423,27.585752,27.763197
-11.014817,-11.058026,-11.100034,-11.329646,-11.560017,-11.346276,-11.132456
-86.86838,-86.813034,-86.75693,-86.63138,-86.5065,-86.35493,-86.204895
26.033598,26.052355,26.071032,25.921988,25.774908,25.363268,24.950975
48.83381,48.915356,48.995777,48.823433,48.65148,49.016823,49.382572
-47.34828,-47.347134,-47.345123,-47.647808,-47.950283,-47.78558,-47.621548
-93.49447,-93.66394,-93.83073,-93.87337,-93.91697,-94.1797,-94.44261
47.924316,47.936035,47.94729,47.94436,47.942696,47.653732,47.366158
-57.73423,-57.83332,-57.931946,-57.586372,-57.240566,-57.27498,-57.30914
53.267853,53.22945,53.191727,52.955666,52.720154,53.09833,53.475597
15.672964,15.679625,15.686299,15.932485,16.179707,16.415352,16.65155
-28.211582,-28.25229,-28.29322,-28.40258,-28.511143,-28.304523,-28.096096
106.44756,106.5418,106.635475,106.05077,105.46625,105.2918,105.116554
-50.572395,-50.451855,-50.330776,-50.329823,-50.329414,-49.856583,-49.38399
-11.0554085,-10.956602,-10.858426,-10.537703,-10.217673,-10.259583,-10.301931
58.635643,58.656776,58.6779,58.336132,57.99381,57.876713,57.75917
30.901276,30.884644,30.866861,30.99369,31.121038,31.253855,31.384283
-27.269182,-27.168495,-27.069096,-27.288483,-27.508196,-27.238817,-26.969872
68.03742,68.06814,68.09795,67.97988,67.86171,67.76664,67.6697
21.140177,21.059288,20.978346,20.984728,20.99108,21.033205,21.074633
65.7883,66.00886,66.23008,66.17298,66.114105,65.97809,65.841774
8.11304,8.073697,8.033345,8.1893,8.345281,7.9998336,7.653499
46.60988,46.434708,46.259605,45.971138,45.683422,45.530357,45.37871
-1.4028332,-1.4993241,-1.5971787,-1.4682305,-1.3388703,-1.337867,-1.3367016
-33.698135,-33.698124,-33.697426,-33.688175,-33.678772,-33.589985,-33.50205
1.2866254,1.3209357,1.3572001,1.2831635,1.208076,1.5245585,1.8401961
-19.743202,-19.589333,-19.436256,-19.555492,-19.675186,-19.74273,-19.8106
2.4018204,2.846904,3.2923615,2.781709,2.2706368,2.3506787,2.4305985
68.62869,68.744156,68.8596,68.714355,68.57133,68.58094,68.58975
-37.162933,-37.22932,-37.295662,-36.99626,-36.698296,-37.093773,-37.488842
36.010147,35.90721,35.8027,36.031944,36.26107,36.07618,35.89119
11.900732,11.878301,11.857197,11.931021,12.004802,12.248224,12.4920025
-14.557579,-14.361055,-14.1642685,-14.294881,-14.42578,-14.740556,-15.054928
-6.5709653,-6.5816183,-6.5923605,-6.665518,-6.739179,-6.884208,-7.0270033
17.44178,17.44391,17.445816,17.538654,17.632824,17.638754,17.644777
62.77815,62.78902,62.799103,62.850067,62.900368,62.80888,62.71583
47.508698,47.46412,47.41993,47.52108,47.621693,47.666534,47.710854
42.334965,42.83993,43.345463,43.132786,42.92042,43.05022,43.17994
53.650383,53.540974,53.430645,53.248035,53.065083,53.431873,53.79788
-18.659752,-18.593128,-18.526249,-18.370188,-18.21502,-18.073706,-17.932901
-11.77771,-11.83657,-11.894714,-11.864769,-11.835175,-12.090805,-12.345217
-26.259762,-26.240654,-26.221954,-26.282835,-26.342361,-26.162445,-25.981731
84.531364,84.65273,84.77587,84.6152,84.45699,84.03466,83.611534
-68.98503,-69.06015,-69.1346,-68.624664,-68.11737,-67.80209,-67.48888
-47.53292,-47.68473,-47.837006,-48.04277,-48.24815,-48.241596,-48.234455
22.42471,22.4846,22.541925,22.576393,22.61171,22.593899,22.577103
15.460539,15.534088,15.607943,15.944312,16.280085,16.392942,16.506834
-7.947711,-7.796277,-7.644292,-7.4268084,-7.2079897,-7.3341475,-7.4594755
73.41394,73.229355,73.04392,73.36281,73.68275,73.38027,73.07852
36.176453,36.02968,35.883793,35.717655,35.550632,35.65084,35.750298
-12.904093,-12.852062,-12.798859,-12.790037,-12.782099,-12.528118,-12.275665
-24.545828,-24.612234,-24.6789,-24.558104,-24.438768,-24.368063,-24.296818
31.207108,30.915085,30.623318,30.568277,30.514204,30.165195,29.816494
-25.468172,-25.166204,-24.864126,-24.602,-24.340813,-24.437801,-24.533113
51.54508,51.569744,51.59419,51.455013,51.31484,51.43037,51.545067
33.49397,33.545403,33.5965,33.72334,33.850166,34.037838,34.22386
16.543238,16.785275,17.026175,16.993664,16.960508,16.923779,16.888252
-43.869232,-43.747726,-43.626465,-43.138542,-42.650414,-42.985554,-43.320583
12.783717,12.817826,12.851483,13.174906,13.5005245,13.637416,13.773651
25.268673,25.474274,25.678675,25.612072,25.545055,25.701572,25.858723
-34.646687,-34.612694,-34.57895,-34.872776,-35.166622,-35.265156,-35.362156
-17.173067,-17.20917,-17.244337,-17.379717,-17.51571,-17.047197,-16.579279
-38.25815,-38.300762,-38.34483,-38.446163,-38.548157,-38.41984,-38.29378
-20.906496,-21.065012,-21.225164,-20.882101,-20.539474,-20.066208,-19.592514
-12.4387245,-12.540264,-12.641366,-12.729973,-12.818436,-12.700498,-12.581846
18.247625,18.29806,18.348576,18.25707,18.165125,18.223463,18.283262
-12.202463,-12.356902,-12.511797,-12.769279,-13.026702,-12.7011175,-12.374747
-93.44995,-93.11009,-92.77042,-92.86571,-92.961426,-92.72688,-92.49156
35.235397,35.222523,35.209488,35.164314,35.118256,35.13259,35.148624
-23.97712,-24.057863,-24.13702,-24.149097,-24.16275,-24.18045,-24.199245
-61.260548,-61.607475,-61.954025,-61.63073,-61.30717,-61.499226,-61.692818
50.834373,50.84208,50.850967,50.572803,50.294178,50.357838,50.422386
63.600407,63.643047,63.684464,63.50152,63.317738,62.813755,62.309322
-15.391589,-15.233368,-15.074593,-15.113199,-15.150993,-15.331562,-15.512099
11.841047,11.674532,11.507196,11.616794,11.726973,11.793599,11.859302
-67.74373,-67.85039,-67.95656,-67.75608,-67.555725,-67.18921,-66.823395
52.98851,52.91395,52.84076,53.05609,53.27201,53.39509,53.51849
-66.06841,-66.09489,-66.12121,-65.73518,-65.34916,-65.27308,-65.19817
3.848947,3.8472943,3.8461213,3.9128652,3.97965,4.0377784,4.0952497
-11.567029,-11.504411,-11.442759,-11.394382,-11.348507,-11.218496,-11.088138
0.6452478,0.6118015,0.578359,0.6506113,0.72348154,0.37765634,0.031847354
-19.132204,-19.22003,-19.30894,-19.654577,-19.999422,-20.223839,-20.447657
-20.027916,-19.96851,-19.908464,-19.57311,-19.237947,-19.08454,-18.931185
33.717533,33.643105,33.567726,33.633057,33.69752,33.57166,33.445965
-22.905937,-22.988884,-23.071953,-23.161509,-23.249977,-23.29976,-23.349955
-28.099249,-27.972513,-27.846416,-27.979021,-28.110771,-28.115744,-28.119972
-30.277042,-30.562765,-30.849781,-31.036598,-31.222424,-31.007776,-30.792622
17.160759,17.390818,17.620625,18.126621,18.63382,18.278782,17.92429
-10.267753,-10.204595,-10.141439,-9.992006,-9.842075,-9.714673,-9.588186
9.689251,9.513619,9.336613,9.098744,8.859647,9.072605,9.285413
-62.928196,-63.256218,-63.582462,-63.645283,-63.70832,-63.71519,-63.721237
36.64223,36.777702,36.912453,37.01833,37.12403,37.207542,37.290657
62.070053,62.09225,62.11394,62.242012,62.36877,62.59364,62.818775
5.364545,5.177438,4.9904633,5.2216196,5.45319,5.1865826,4.921608
-86.3836,-86.52494,-86.665764,-86.161156,-85.65688,-85.698906,-85.7415
11.9736805,11.9203205,11.86918,11.667539,11.46674,11.815671,12.165676
8.117428,8.50045,8.883017,8.700813,8.518696,9.056589,9.593773
-84.75938,-84.930336,-85.10104,-84.7301,-84.3594,-84.27543,-84.19113
-32.900528,-33.169052,-33.437565,-33.547523,-33.657364,-33.652534,-33.648575
-64.79896,-64.6601,-64.52113,-64.521034,-64.52149,-64.4315,-64.34128
-9.570842,-9.489066,-9.40649,-9.395392,-9.384566,-8.837965,-8.289778
20.546825,20.30116,20.055405,19.907953,19.758877,19.973043,20.186779
-25.87926,-26.103827,-26.326622,-26.19823,-26.070604,-26.023783,-25.977774
-42.26457,-42.425285,-42.585037,-42.757973,-42.9311,-42.617027,-42.303543
-11.254571,-11.070157,-10.885586,-11.210213,-11.535242,-11.496383,-11.456807
-14.5746,-15.140861,-15.7069435,-15.350535,-14.99374,-14.955004,-14.917322
32.09601,31.997204,31.898357,31.5742,31.24958,31.40818,31.566166
-24.958448,-25.153946,-25.349062,-25.355797,-25.36271,-25.26518,-25.166746
6.363215,6.3240695,6.2833457,6.427468,6.5722756,6.704206,6.8369555
7.049696,7.004999,6.9586143,7.2666893,7.5736175,7.609064,7.644335
-30.79594,-30.64571,-30.496407,-30.59953,-30.702747,-30.6725,-30.6423
85.68948,85.72561,85.76148,85.60705,85.453804,85.543816,85.63421
20.31953,20.411816,20.503565,20.634043,20.765125,20.82838,20.890675
31.123924,31.311663,31.499054,31.24302,30.986748,30.691326,30.396004
80.85999,81.050995,81.240814,81.051704,80.86259,80.83963,80.81383
-12.419401,-12.084548,-11.750499,-11.809377,-11.867921,-11.976885,-12.085709
-8.910951,-8.875075,-8.838891,-8.572823,-8.30749,-8.460781,-8.614251
98.49165,98.740036,98.98844,98.82724,98.66705,98.70311,98.73928
-15.900401,-15.939452,-15.979241,-16.051447,-16.123758,-16.261826,-16.40032
-39.654232,-39.46588,-39.276577,-39.02456,-38.773922,-38.867126,-38.960854
-19.10092,-19.070845,-19.042776,-19.036764,-19.030272,-19.011522,-18.99361
-8.811103,-8.977553,-9.14326,-9.053653,-8.964931,-9.193217,-9.4206
70.183464,70.3146,70.44514,70.1119,69.77932,69.83427,69.889854
-108.293945,-108.52374,-108.75189,-108.474365,-108.19727,-107.98835,-107.77937
42.04053,42.21578,42.39184,42.29499,42.19791,41.89046,41.583664
21.510715,21.48898,21.466806,21.462357,21.458477,21.235004,21.012276
29.400036,29.429207,29.459476,29.688614,29.917343,29.93776,29.95706
-20.765316,-20.782043,-20.797613,-20.981544,-21.166882,-21.089493,-21.011044
33.121643,33.30269,33.485706,33.39306,33.29874,33.281067,33.265053
-13.818909,-13.897761,-13.977564,-13.819333,-13.663752,-13.436902,-13.210987
-0.39283407,-0.558452,-0.72330225,-0.44337785,-0.16296996,-0.27994382,-0.39619386
-21.591093,-21.620045,-21.647827,-21.612112,-21.574806,-21.262026,-20.951078
20.51274,20.64618,20.779402,20.416872,20.052263,20.08573,20.119108
57.25142,57.42113,57.59126,57.44549,57.300343,57.49248,57.68586
-55.68058,-55.603046,-55.527332,-55.67153,-55.81396,-56.186104,-56.558052
-9.042182,-8.972393,-8.9035015,-8.6611805,-8.418258,-8.208843,-8.000504
-12.797195,-12.901918,-13.007384,-13.031757,-13.056096,-13.092107,-13.129056
29.844244,29.978682,30.113955,29.86536,29.61795,29.477543,29.336481
-1.7889966,-1.899634,-2.0094452,-1.8749431,-1.7406713,-1.5217344,-1.3030928
-44.287094,-44.292103,-44.29628,-44.041286,-43.78558,-43.97727,-44.168346
-1.4222782,-1.2918489,-1.1623037,-0.8333804,-0.5028483,-0.72651356,-0.9506137
-13.012973,-13.107384,-13.201592,-13.141288,-13.08134,-12.907075,-12.731366
0.21677053,0.03710687,-0.14238894,-0.11757672,-0.09258425,0.13854206,0.36780298
18.863033,18.631012,18.400663,18.165665,17.93054,18.06106,18.191647
-69.699165,-69.71018,-69.72176,-69.26113,-68.799995,-68.54043,-68.28114
-57.844967,-57.710884,-57.574547,-57.78179,-57.989586,-57.839165,-57.69017
27.999136,28.171139,28.342634,28.45006,28.557634,28.425291,28.293028
27.594381,27.529968,27.465275,27.344782,27.224722,27.046337,26.867826
-69.40309,-69.7978,-70.19312,-70.52986,-70.86636,-70.873344,-70.87943
55.630722,55.608303,55.586308,55.60833,55.6294,55.40462,55.180283
37.296673,37.169384,37.041775,37.158344,37.273296,37.416313,37.560497
-21.495377,-21.613628,-21.732101,-21.941313,-22.150824,-21.748571,-21.346546
41.463005,41.564358,41.66589,41.785164,41.904217,41.597984,41.292534
0.91472626,0.6734638,0.43162438,0.24551865,0.057778332,0.16514966,0.27262017
-1.2718666,-1.2182796,-1.16592,-1.4038503,-1.6418741,-1.2920768,-0.9400947
21.35335,21.739038,22.125673,22.210922,22.296278,21.794136,21.29093
-23.192194,-23.251928,-23.310034,-23.035252,-22.760916,-22.728432,-22.694263
38.96958,38.560585,38.151955,38.197083,38.241768,38.388985,38.536064
56.942505,56.93994,56.93737,56.81511,56.692142,56.59715,56.50225
19.143387,18.93074,18.7182,18.93796,19.158644,18.607948,18.056816
0.065904185,0.16366915,0.2626558,0.1006494,-0.060777143,0.13488154,0.3301006
52.17074,52.470375,52.770786,52.62547,52.47945,52.448814,52.417805
61.607693,61.567444,61.52791,61.644062,61.761784,61.43915,61.118057
49.976284,50.146976,50.318184,50.097195,49.87754,49.70381,49.53006
56.146694,56.226707,56.307102,56.028233,55.749363,55.59173,55.434685
-56.89948,-56.96573,-57.033638,-57.041386,-57.049152,-56.876427,-56.703243
-56.623165,-56.382145,-56.140385,-56.212265,-56.28346,-56.192734,-56.10244
-44.792213,-44.991226,-45.19043,-45.039673,-44.889034,-44.628616,-44.368233
-103.64009,-103.48225,-103.32339,-103.48179,-103.64098,-103.81141,-103.979774
11.599877,11.725894,11.851748,11.821997,11.792697,12.148467,12.503376
27.623787,27.650656,27.675163,27.212746,26.751179,27.219452,27.688684
-56.72472,-56.631004,-56.538445,-56.147053,-55.75522,-55.8515,-55.949223
-78.105125,-78.27316,-78.440155,-78.22054,-78.002266,-77.85164,-77.70243
33.96597,34.145927,34.3272,34.319534,34.31129,34.22418,34.136517
-39.18269,-39.27123,-39.360023,-39.074585,-38.789436,-39.172512,-39.556187
-42.526176,-42.34109,-42.15569,-42.378376,-42.60076,-42.646317,-42.690777
60.79244,60.716915,60.639763,60.701317,60.76344,60.66426,60.564323
44.587044,44.6885,44.78856,44.629578,44.470966,44.28887,44.106293
53.260372,53.19578,53.131504,52.93895,52.745506,53.024044,53.302395
15.87579,15.625811,15.375021,15.38369,15.393549,15.269568,15.1445265
29.869833,29.747272,29.625446,29.531088,29.435947,29.85298,30.26857
-47.792515,-47.549778,-47.30631,-47.32786,-47.348774,-47.138844,-46.929485
-9.416146,-9.402489,-9.387467,-9.662269,-9.937468,-9.885517,-9.834189
-29.203436,-29.71034,-30.216982,-29.634737,-29.05351,-29.160769,-29.267103
-60.867413,-60.823685,-60.780296,-60.81493,-60.849876,-60.774014,-60.697113
-23.263565,-23.320656,-23.378063,-23.329636,-23.28243,-23.241034,-23.200205
24.185528,24.045956,23.90636,24.376556,24.847466,25.01589,25.18256
35.353836,35.459457,35.564323,35.449608,35.336548,35.63485,35.933018
-46.511482,-46.899906,-47.289574,-47.472244,-47.656548,-47.64597,-47.634953
11.7630205,11.899392,12.035205,11.951691,11.868438,11.963161,12.0581665
9.906399,9.688288,9.470102,9.434699,9.399667,9.413923,9.428666
-22.108109,-22.125275,-22.142921,-22.154762,-22.166992,-22.337036,-22.506521
-9.695937,-9.692191,-9.686981,-9.457683,-9.229056,-9.327301,-9.424785
32.63591,32.64606,32.6538,32.76102,32.869602,32.78675,32.704346
-65.461716,-65.45928,-65.45787,-65.53057,-65.60323,-65.415825,-65.228424
-31.585466,-31.419878,-31.2545,-31.618507,-31.9833,-31.884647,-31.785536
-19.01511,-19.463411,-19.9102,-20.063671,-20.21496,-20.425491,-20.637705
-3.6766853,-4.0780363,-4.480261,-4.3218226,-4.1644278,-4.5580363,-4.951063
-4.781749,-4.6233025,-4.4647455,-4.421631,-4.3788643,-4.0752077,-3.7719014
-40.18723,-40.299294,-40.41151,-40.222084,-40.033096,-39.513718,-38.99491
-15.140506,-15.222795,-15.305657,-15.451294,-15.598236,-15.75695,-15.914281
-43.887753,-44.13623,-44.385777,-44.55991,-44.73467,-44.24471,-43.75388
12.079654,12.088013,12.095887,12.465195,12.834768,12.823492,12.812468
-41.346455,-41.256027,-41.163933,-41.30157,-41.43753,-41.42913,-41.41937
14.051675,13.997685,13.943025,13.603957,13.265445,13.494151,13.722789
4.7405896,4.7553544,4.769358,5.140862,5.5112596,5.2764,5.0415654
95.73753,95.69792,95.657394,95.467476,95.27843,95.050446,94.8242
-4.880823,-4.7274513,-4.57326,-4.296339,-4.019795,-4.3152633,-4.6103354
83.20245,83.318016,83.432785,83.4413,83.45318,83.28502,83.11766
3.1000006,3.1357667,3.1712928,3.2092001,3.2471168,3.2270567,3.2075636
-8.568256,-8.349602,-8.129017,-8.0807,-8.032583,-8.1359215,-8.239073
25.145496,25.071665,24.997585,24.963007,24.927546,25.387907,25.849085
-22.07079,-22.135008,-22.198809,-22.296906,-22.395346,-22.62309,-22.849232
54.183563,53.78137,53.378223,53.4142,53.44981,53.08559,52.72285
-7.995374,-8.017186,-8.039179,-8.243295,-8.446295,-8.620451,-8.794933
5.9656,6.165365,6.3672285,5.7931094,5.2192183,5.438041,5.658468
43.54931,43.827118,44.104702,44.26792,44.431282,44.302197,44.173088
29.525488,29.79893,30.072262,30.107092,30.142998,30.218481,30.29434
-9.061681,-9.062992,-9.063495,-8.707242,-8.350573,-8.382977,-8.415312
-2.2031226,-2.3245063,-2.4468184,-2.462747,-2.477901,-2.1276927,-1.7790979
-75.27036,-75.38517,-75.50009,-75.655426,-75.8123,-75.828186,-75.84327
43.25032,43.408745,43.567936,43.616676,43.66577,44.126976,44.58619
2.8240354,2.9213502,3.0178888,2.8910196,2.7649553,2.5374696,2.3104637
-76.566864,-76.59448,-76.62231,-76.45136,-76.27945,-76.198,-76.11533
-70.69421,-70.89706,-71.098724,-70.8682,-70.637405,-70.817894,-70.99818
49.24711,49.15685,49.06697,49.06146,49.056984,48.921734,48.786644
-1.0424119,-1.1495858,-1.2573606,-1.3810216,-1.5044681,-1.5953628,-1.6865474
69.1056,69.08572,69.0654,68.93804,68.81221,68.911285,69.01109
-2.5350335,-2.5057824,-2.47635,-2.3575032,-2.2393544,-2.0103714,-1.7795595
-49.00874,-48.959873,-48.911068,-49.02521,-49.140728,-49.310127,-49.481266
-9.980782,-10.053243,-10.124306,-9.94155,-9.759409,-10.02677,-10.2946415
3.1366313,3.233391,3.328523,3.0798867,2.8302786,2.6374533,2.4426863
-60.641666,-60.651943,-60.66302,-60.73807,-60.812546,-60.455826,-60.09829
5.5813875,5.7470784,5.9136324,6.165106,6.41677,6.5327263,6.6481104
-21.875635,-21.952812,-22.02885,-21.760485,-21.49198,-21.858831,-22.224356
-6.3381224,-6.282634,-6.225997,-6.1978483,-6.171237,-6.3259935,-6.4798594
28.261213,28.242538,28.222645,28.135275,28.04783,27.976685,27.905544
-59.486618,-59.63911,-59.79078,-59.7744,-59.75731,-59.57443,-59.39118
40.699867,40.678787,40.65747,40.825523,40.99215,40.645885,40.30072
23.366167,23.323221,23.28066,23.354286,23.428822,23.234545,23.03926
-39.594463,-39.704586,-39.813885,-39.9062,-39.999863,-39.83208,-39.665478
12.004496,12.147707,12.29082,12.257269,12.224101,12.274208,12.32483
48.442795,48.756264,49.068737,48.983143,48.897312,48.863697,48.831356
-32.80073,-33.087296,-33.37388,-33.299244,-33.223553,-33.005886,-32.787334
62.53232,62.626045,62.720863,62.714317,62.70908,62.77614,62.84312
9.648591,9.26775,8.887188,8.8713665,8.856243,9.251963,9.647926
75.46936,75.51284,75.55543,75.247894,74.94061,74.58235,74.22327
-22.562176,-22.348808,-22.136171,-22.067823,-21.999357,-21.72648,-21.454823
3.485064,3.431889,3.3779235,3.4677863,3.556251,3.497252,3.4380212
-6.5627737,-6.7754765,-6.9876776,-6.9342127,-6.8785715,-6.942502,-7.0071287
39.86727,40.150547,40.43384,40.629932,40.82625,40.79538,40.763298
-58.44044,-58.644848,-58.84923,-58.912167,-58.975918,-58.84553,-58.715202
-7.4533033,-7.3039517,-7.1549373,-6.999766,-6.8450003,-6.970602,-7.095601
-38.799015,-38.88893,-38.97921,-38.939262,-38.900246,-38.706367,-38.511665
77.408775,77.544975,77.68319,77.315315,76.94627,76.94912,76.95144
0.047273993,-0.00430453,-0.054547906,-0.118342996,-0.18228686,-0.010692241,0.1619457
-3.1762483,-3.3281121,-3.478544,-3.4674404,-3.4551272,-3.5727642,-3.690028
11.053221,11.411154,11.768557,11.587555,11.406525,11.680401,11.952841
3.4544036,3.589431,3.7247002,3.733023,3.7423477,3.6694007,3.595566
32.26528,32.30229,32.339073,32.644024,32.949146,32.799767,32.64962
35.64298,35.811348,35.97916,35.872677,35.767548,35.68456,35.60257
-40.062054,-39.92856,-39.79413,-39.6282,-39.462963,-39.777355,-40.090008
3.9075458,4.1686997,4.4287457,4.2297807,4.032064,3.8440902,3.6567838
7.9631624,8.140889,8.31907,8.116979,7.914214,8.147586,8.381902
62.3368,62.12702,61.917393,61.848022,61.77755,61.959362,62.14279
19.558273,19.485302,19.4114,19.402943,19.394361,18.832607,18.271488
39.664524,39.783768,39.90312,39.956436,40.00915,39.764706,39.520473
43.05468,43.21013,43.36481,43.530304,43.695797,43.60967,43.5227
-45.762623,-45.8702,-45.9772,-45.244038,-44.51113,-44.511387,-44.511272
-49.26208,-49.350193,-49.43962,-49.434677,-49.430096,-49.368107,-49.30549
54.314903,54.479847,54.644955,54.369602,54.095272,53.66633,53.234768
-94.62431,-94.80316,-94.98101,-95.08017,-95.17923,-95.09294,-95.007065
-4.0692387,-4.0869617,-4.1048203,-4.303171,-4.501877,-4.770067,-5.0382366
2.710797,3.0409343,3.3715265,3.2420928,3.1126373,3.1093404,3.106591
-90.44697,-90.51679,-90.58653,-90.51953,-90.45324,-90.37361,-90.291824
-37.165474,-37.244194,-37.32472,-37.167267,-37.00977,-37.07144,-37.13248
5.5258975,5.566433,5.605763,6.027325,6.448838,6.5559297,6.6630864
-10.616228,-10.558284,-10.500817,-10.227462,-9.953733,-10.138113,-10.323004
-53.022007,-53.338154,-53.653667,-53.04642,-52.440544,-52.41019,-52.381107
79.71887,80.11759,80.51577,80.11745,79.71926,79.75846,79.79774
-4.401077,-4.3387976,-4.277922,-3.9696734,-3.6625397,-3.6963637,-3.7296054
-35.426693,-35.40053,-35.373337,-35.468742,-35.56477,-35.6343,-35.704403
-18.79798,-18.844923,-18.893305,-18.69718,-18.500826,-18.796652,-19.091501
48.95393,49.0185,49.084656,49.05306,49.02037,48.962124,48.903744
-55.7266,-55.759224,-55.791924,-55.856842,-55.921238,-55.812412,-55.70354
-42.655243,-42.448685,-42.240135,-42.46865,-42.696846,-42.469193,-42.239635
-55.428284,-55.486046,-55.543358,-55.13719,-54.731434,-54.675816,-54.619293
88.99903,89.28582,89.57053,89.48861,89.40659,89.25939,89.11258
-22.17998,-22.378353,-22.5773,-22.712585,-22.847414,-23.048645,-23.250961
56.772507,57.072414,57.3708,57.297344,57.22387,57.087788,56.952602
-40.968105,-40.958107,-40.949684,-40.7633,-40.577652,-40.66984,-40.76252
-70.09854,-70.243126,-70.39038,-70.21117,-70.03082,-69.97104,-69.911194
-49.44634,-49.432076,-49.417835,-49.251625,-49.085613,-49.305878,-49.526012
10.168299,10.330509,10.492297,10.337684,10.182451,9.730497,9.278446
-5.754791,-5.717649,-5.6811233,-5.5415196,-5.40225,-5.519379,-5.637957
62.509163,62.688126,62.86653,62.417248,61.96788,62.540657,63.11329
37.84754,37.95911,38.07083,38.26763,38.464893,38.50541,38.545464
8.708318,8.770304,8.832344,9.275279,9.719987,9.710113,9.700857
80.1845,80.296,80.40757,80.40298,80.399376,80.45048,80.49984
-62.08706,-62.288094,-62.488,-62.89395,-63.300087,-63.125847,-62.952362
5.757502,5.630298,5.5022464,5.5186906,5.534905,5.3333917,5.133736
4.359947,4.6220036,4.8831654,4.742626,4.6018944,4.398203,4.1961
29.124596,28.97324,28.822021,29.11137,29.400257,29.34262,29.28394
-9.703752,-9.934951,-10.1676,-9.810212,-9.45123,-9.518247,-9.583982
-14.393701,-14.444802,-14.496247,-14.06358,-13.629855,-13.803349,-13.97636
19.545404,19.651972,19.758644,19.752527,19.74617,20.158792,20.570944
92.2953,92.300934,92.307076,92.304665,92.302475,92.142456,91.98368
-2.017738,-1.9261615,-1.8358629,-1.6414897,-1.4468353,-1.2398412,-1.0322425
24.928675,24.947662,24.9666,24.988934,25.011827,25.01725,25.023876
1.4761523,1.4905137,1.5044664,1.5340894,1.5634149,1.8652235,2.1675987
-67.230644,-67.487434,-67.74497,-68.07547,-68.40541,-68.292656,-68.17915
-7.7261853,-7.7656837,-7.8064017,-7.941295,-8.075175,-8.209997,-8.344529
12.686512,13.081926,13.476177,13.292655,13.108619,12.987761,12.867123
-73.70791,-73.72537,-73.742935,-73.79236,-73.84263,-73.8814,-73.91803
-22.056139,-21.736847,-21.417414,-21.526123,-21.633284,-21.656363,-21.68061
-0.4962204,-0.6956709,-0.8942221,-0.9097603,-0.92599136,-0.55280334,-0.18017943
-108.37715,-108.33264,-108.288376,-108.018906,-107.750084,-107.57915,-107.40753
19.24178,19.55006,19.858494,20.18594,20.512583,20.100555,19.689093
65.54247,65.33643,65.13119,65.07818,65.02599,64.597115,64.169075
-5.8468356,-5.7163806,-5.587088,-5.7041955,-5.8203645,-5.4694266,-5.1175275
-3.5283635,-3.8417046,-4.153799,-4.4213653,-4.68953,-4.7775106,-4.8650527
24.39984,24.465256,24.531778,24.364346,24.196936,24.5124,24.828754
-23.22128,-23.256655,-23.290775,-23.019804,-22.748096,-23.193403,-23.637882
-58.91343,-58.80753,-58.701687,-58.680122,-58.65809,-58.656822,-58.657364
6.095945,5.9651604,5.83468,5.9896817,6.1448674,6.216679,6.2889905
-36.15831,-36.16429,-36.169735,-36.353325,-36.538094,-37.123283,-37.70879
43.814495,43.63444,43.453663,43.030525,42.608177,42.52109,42.434673
-70.252556,-70.48128,-70.709625,-70.67682,-70.64481,-70.72481,-70.804886
11.122853,11.143727,11.163756,11.311498,11.460629,11.527024,11.593778
-39.03035,-39.075592,-39.120216,-39.288406,-39.457447,-39.60726,-39.757996
95.053276,95.055664,95.05637,94.70778,94.35779,94.11534,93.87175
38.73352,38.94709,39.159542,38.708122,38.256,38.132595,38.009045
1.2179497,1.0497817,0.88316333,0.5529822,0.2234362,0.63703144,1.0503377
33.375874,33.298637,33.221706,33.340916,33.46034,33.286594,33.112827
33.190556,33.13472,33.078533,32.938786,32.798573,33.07684,33.35371
54.354183,54.51267,54.67187,54.641235,54.610886,54.45817,54.305927
-23.157001,-22.951048,-22.747232,-22.652073,-22.556335,-23.066004,-23.576212
-75.28196,-75.39716,-75.51284,-75.40771,-75.30361,-75.25811,-75.212746
-29.677633,-29.679132,-29.68019,-29.858595,-30.035826,-29.763845,-29.49137
-37.545723,-37.579247,-37.61376,-37.56977,-37.526283,-37.59469,-37.663353
22.496632,22.520075,22.545288,22.283108,22.02282,22.234114,22.4451
4.696202,4.770018,4.843371,4.755549,4.6679425,4.581406,4.492886
-46.5195,-46.26126,-46.002796,-46.318287,-46.634483,-46.732414,-46.829933
-63.020004,-63.063965,-63.10913,-63.063385,-63.016678,-62.99049,-62.964058
41.957176,41.841503,41.72584,41.955864,42.18625,41.828903,41.474228
65.59103,65.27386,64.95692,64.76992,64.583244,64.30569,64.0292
-47.37201,-47.460564,-47.549355,-47.622826,-47.696697,-47.91466,-48.13237
-53.86237,-53.699986,-53.538,-53.84806,-54.15832,-54.13393,-54.110676
-64.7319,-64.69349,-64.6553,-64.4278,-64.20244,-63.974815,-63.748817
-35.69584,-35.96171,-36.227165,-36.147808,-36.068535,-36.183865,-36.300014
8.607089,8.442395,8.278804,8.46046,8.641994,8.368075,8.092507
-87.67375,-87.40639,-87.138626,-86.85502,-86.572914,-86.81727,-87.061646
-62.787792,-62.8288,-62.86917,-62.92475,-62.978054,-63.24378,-63.509644
-7.2374244,-6.990743,-6.7449155,-6.964252,-7.1823974,-7.0520625,-6.922235
-19.8394,-20.13373,-20.426516,-20.41369,-20.400145,-20.281878,-20.16394
25.188107,25.36308,25.53637,25.68675,25.83708,25.680155,25.524178
82.72468,82.6903,82.65657,82.62514,82.592834,82.29395,81.99504
-45.188656,-45.222378,-45.255825,-45.050945,-44.845703,-44.694527,-44.54204
22.589981,22.74534,22.901934,22.919811,22.938345,22.657833,22.377592
96.9313,97.011826,97.09119,97.22241,97.355095,97.206085,97.05649
39.599354,39.568424,39.5358,39.304314,39.0731,39.509277,39.94351
-13.024393,-13.206531,-13.387726,-13.285774,-13.183886,-13.083543,-12.983331
13.208382,13.155937,13.101805,13.3675,13.633216,14.044792,14.456549
-90.683975,-90.938324,-91.19351,-91.021805,-90.85105,-90.8502,-90.84924
49.424484,49.235943,49.048126,49.013355,48.980297,48.95929,48.938393
-8.4138975,-8.227384,-8.040266,-7.997822,-7.9542637,-7.8113356,-7.6676397
90.836174,91.03489,91.236,91.31156,91.3886,91.49558,91.60235
45.73882,45.94841,46.15696,46.196247,46.23746,45.97473,45.71237
48.968197,49.209522,49.450455,49.019295,48.58599,48.295193,48.0051
-21.095003,-21.55038,-22.005318,-21.54577,-21.0865,-21.27272,-21.4601
116.74011,117.042206,117.34393,117.21102,117.07702,116.789444,116.5021
47.675297,47.587997,47.50079,47.719654,47.938374,47.801132,47.663868
-11.926349,-12.164953,-12.403773,-12.295891,-12.187838,-12.172144,-12.154237
38.441868,38.34089,38.238808,38.391087,38.54275,38.6767,38.80952
-7.1481385,-6.984019,-6.8187175,-7.1414332,-7.465983,-7.4970694,-7.5267534
-9.876953,-9.995041,-10.114149,-9.903807,-9.693729,-9.864627,-10.036836
38.55592,38.68025,38.80291,38.82229,38.840015,38.657825,38.478134
82.34825,82.65426,82.9599,82.89067,82.82153,83.144135,83.46677
-7.8959355,-8.061617,-8.227277,-8.26008,-8.291789,-8.206239,-8.120813
-30.305902,-30.478266,-30.65101,-30.674515,-30.697168,-30.63088,-30.567469
5.71238,5.8080726,5.903197,5.4069037,4.9097095,4.7470355,4.582461
12.829084,12.843227,12.858266,13.074348,13.290802,13.760629,14.230216
-10.564268,-10.551039,-10.538265,-10.519371,-10.501931,-11.014418,-11.526251
-6.4280972,-6.2681785,-6.1077504,-6.273703,-6.4410515,-6.4633293,-6.4866786
4.145382,4.1702967,4.194504,4.1231174,4.051896,4.1572275,4.264285
40.086113,40.19055,40.298264,40.463135,40.628235,40.27673,39.92449
-71.4425,-71.731514,-72.01937,-71.67723,-71.33585,-71.05945,-70.782196
-1.0459628,-1.1559196,-1.2644958,-1.0581388,-0.85154015,-0.8094917,-0.76833683
93.14114,93.26996,93.39881,93.15585,92.91349,93.26827,93.62137
3.324381,3.3694746,3.4146388,3.3142722,3.2122023,2.7450058,2.2794468
-77.47991,-77.22932,-76.97884,-77.11444,-77.25047,-77.38189,-77.51179
10.742912,10.57598,10.408103,9.989525,9.5701275,9.775889,9.981136
41.150795,41.171795,41.19221,41.22383,41.25634,41.126633,40.997467
-42.50266,-42.46201,-42.422268,-42.483463,-42.54534,-42.89521,-43.244923
-9.130781,-9.245575,-9.358511,-9.407707,-9.456266,-9.455637,-9.454901
9.41578,9.705199,9.993033,9.467088,8.941785,9.003358,9.06458
30.199787,30.172804,30.146471,29.939323,29.732357,29.713568,29.695147
17.30208,17.36931,17.437275,17.386951,17.336594,16.962198,16.587389
-36.991184,-37.14437,-37.296295,-37.278423,-37.260975,-36.897255,-36.533722
-65.39944,-65.32891,-65.259796,-64.977646,-64.69641,-65.063126,-65.428856
-35.938328,-35.967068,-35.99577,-36.01942,-36.04353,-36.102352,-36.163166
-32.767326,-32.596508,-32.425697,-32.848133,-33.27,-33.283817,-33.29763
31.98297,32.145416,32.307476,32.16811,32.030556,31.998325,31.965395
19.722239,19.693735,19.663876,19.587288,19.50903,19.376123,19.242899
4.3257213,4.3415933,4.3581357,4.095924,3.8333127,3.6603591,3.4867218
21.382067,21.298805,21.215744,21.448496,21.681267,21.575848,21.471968
54.383385,54.336937,54.289455,53.83222,53.37452,53.470036,53.56513
-59.42499,-59.219685,-59.013054,-59.080227,-59.148636,-59.269566,-59.390034
33.706547,33.920685,34.133373,33.70167,33.269043,33.208225,33.146652
-39.67541,-39.7338,-39.790543,-39.878654,-39.96809,-39.599117,-39.23157
-15.265154,-15.312504,-15.359714,-15.190524,-15.021966,-15.338046,-15.654488
8.34394,8.228184,8.113166,8.322168,8.531735,8.444422,8.356798
-36.533962,-36.785393,-37.036358,-36.84728,-36.65763,-36.428364,-36.197838
-36.36395,-36.660454,-36.957348,-37.030304,-37.10364,-37.012463,-36.91856
-37.98829,-37.880283,-37.772816,-37.819508,-37.866024,-37.806293,-37.74624
-52.055824,-52.241764,-52.42875,-52.228584,-52.02973,-51.913128,-51.797127
18.829706,18.580713,18.331688,18.233494,18.136059,18.004343,17.870932
-63.589813,-63.70915,-63.829056,-63.612244,-63.396088,-63.221397,-63.047127
52.023163,52.121452,52.22001,52.310345,52.400562,52.254982,52.109047
13.085555,12.830989,12.575191,12.428011,12.281303,12.13783,11.996066
-21.818909,-21.756525,-21.69315,-21.729298,-21.766644,-21.561752,-21.35786
-30.159105,-30.314129,-30.47026,-30.496546,-30.521942,-30.358322,-30.194862
-19.026781,-18.703754,-18.381052,-18.627674,-18.874403,-18.874882,-18.875797
-26.737907,-26.3434,-25.948223,-26.16842,-26.389076,-26.63945,-26.88879
-25.610119,-25.95621,-26.30129,-26.020248,-25.738737,-25.836802,-25.935192
-10.298724,-10.463126,-10.628164,-10.204062,-9.781798,-9.584585,-9.386317
39.54116,39.271465,39.00291,39.15145,39.300888,39.628643,39.95699
22.591375,22.92526,23.258959,23.171892,23.084337,23.20598,23.330133
-58.71384,-58.945107,-59.17573,-59.06634,-58.956654,-59.26855,-59.582104
-14.584381,-14.78453,-14.986009,-14.943965,-14.900764,-15.081215,-15.262861
41.297855,41.397366,41.496582,41.348373,41.19983,40.873146,40.544807
53.167027,53.242237,53.31748,53.183823,53.049915,53.192055,53.334675
58.12074,58.07899,58.036785,58.19701,58.356594,58.027706,57.698795
18.291962,17.933605,17.574339,17.665401,17.75641,17.737436,17.719645
36.316883,36.366634,36.415752,36.794548,37.174,36.989487,36.804276
-69.6221,-69.8282,-70.03673,-69.7836,-69.53118,-69.46227,-69.39234
-17.397589,-17.822632,-18.248777,-18.171122,-18.09292,-18.178596,-18.26393
46.883007,46.973225,47.06187,46.803062,46.54459,46.726482,46.908283
-36.58081,-36.52899,-36.477917,-36.04715,-35.61529,-36.045593,-36.47593
15.610082,15.66511,15.720073,15.58073,15.442287,15.746439,16.051006
58.55128,58.745617,58.93982,58.870594,58.80164,58.67263,58.544773
18.305418,18.35641,18.408407,18.392134,18.375902,18.453188,18.53041
0.47475407,0.68176526,0.8897216,0.6596505,0.430474,0.45886108,0.48705646
-39.148163,-39.05902,-38.9704,-39.04461,-39.119545,-39.18386,-39.245895
-86.08457,-85.64241,-85.19919,-84.904434,-84.60821,-84.86694,-85.12488
43.89271,44.149258,44.40614,44.514587,44.623493,44.28935,43.953686
-82.95783,-82.624794,-82.29064,-82.18803,-82.08637,-81.67341,-81.26104
70.397095,70.67944,70.962524,71.090164,71.217896,70.90572,70.59369
-16.216406,-16.166592,-16.118483,-15.963263,-15.806522,-15.876772,-15.946892
-23.272482,-23.45154,-23.628979,-23.587584,-23.547203,-23.622316,-23.698254
-25.93988,-26.134136,-26.327686,-26.40208,-26.476961,-26.366062,-26.25477
14.301919,14.204902,14.106832,13.726311,13.34593,13.723785,14.102564
-69.83941,-69.88575,-69.932625,-69.40952,-68.88682,-69.06651,-69.24725
22.476683,22.463789,22.44994,22.441628,22.434055,22.321848,22.20926
-3.9883368,-3.9669726,-3.944626,-3.5214121,-3.0983107,-3.0849326,-3.071503
-8.97693,-9.2333,-9.489161,-9.378104,-9.265959,-9.565336,-9.864265
-11.62442,-11.725921,-11.827515,-11.754663,-11.682522,-11.610527,-11.538855
-54.953133,-55.16295,-55.373436,-55.244858,-55.1156,-54.908836,-54.704216
-50.40053,-50.47916,-50.555527,-50.656006,-50.75656,-50.648727,-50.54054
16.957085,17.288696,17.620314,17.662344,17.704016,17.740654,17.77728
-23.510796,-23.415802,-23.321606,-23.370686,-23.420433,-23.147335,-22.875591
-56.364258,-56.39084,-56.416252,-56.156223,-55.89806,-56.371223,-56.84473
1.9209676,1.884151,1.8478961,1.9142432,1.9798522,1.768251,1.5568995
49.857273,49.64264,49.428776,49.52835,49.630108,49.4754,49.321545
62.554607,62.3216,62.08662,61.846096,61.604637,62.212776,62.819836
7.082124,7.0568247,7.0325675,7.1366177,7.241424,7.1348763,7.026776
39.439487,39.605354,39.77131,39.62353,39.47631,39.636604,39.799397
-23.585468,-23.783447,-23.980984,-23.879515,-23.777493,-24.040298,-24.303984
48.686436,48.67717,48.66701,48.47651,48.285995,48.363956,48.44156
3.92617,4.141,4.356452,4.1335115,3.909826,4.0476055,4.185381
-39.111183,-38.876232,-38.641136,-38.870525,-39.10034,-39.250042,-39.39878
-1.3143888,-1.4541669,-1.5936551,-1.3644319,-1.1362901,-1.4211068,-1.7054791
38.782356,38.867847,38.95232,38.91722,38.884666,38.847042,38.811497
39.75103,40.03263,40.313946,40.672016,41.02975,40.907284,40.785217
-11.6114235,-11.668966,-11.725767,-11.403066,-11.080714,-11.169944,-11.259355
45.299034,45.545242,45.788494,45.265083,44.7424,44.772305,44.803276
36.367775,36.371117,36.3733,36.378407,36.385395,36.31949,36.254494
-3.4570055,-3.6077242,-3.7588072,-3.9658403,-4.1703806,-3.9016066,-3.6319265
-55.86016,-55.666172,-55.470505,-55.27932,-55.08916,-55.18622,-55.28409
-44.49079,-44.21341,-43.936657,-44.27749,-44.61656,-44.419678,-44.222454
-49.579334,-49.78767,-49.995743,-49.658657,-49.32118,-49.287132,-49.25384
-33.42823,-33.32338,-33.219154,-33.20523,-33.19269,-33.154778,-33.118126
9.31407,9.235281,9.156061,9.048664,8.942867,9.019884,9.097462
-16.003126,-16.0576,-16.113981,-15.516368,-14.9193945,-14.984836,-15.048596
-6.6483493,-6.495071,-6.3411736,-6.3446774,-6.347734,-6.7377887,-7.1263223
25.756252,25.794432,25.833168,26.008163,26.182308,26.065031,25.946688
-9.247456,-9.247013,-9.246479,-9.103691,-8.959668,-9.217235,-9.474723
-31.072636,-31.15849,-31.243996,-31.391418,-31.538673,-31.957554,-32.377193
-0.6970275,-0.83204585,-0.96921855,-1.0653622,-1.1613524,-1.4554923,-1.7491629
-15.265714,-15.125911,-14.985098,-15.089379,-15.194544,-15.342105,-15.490708
-21.834536,-21.732695,-21.629513,-21.709417,-21.788652,-21.740038,-21.69076
10.445416,10.38507,10.326851,10.352184,10.37544,10.513453,10.652158
42.3736,42.309647,42.24531,42.04727,41.8499,41.93417,42.0192
-81.43229,-81.72267,-82.01282,-81.834595,-81.65576,-81.5144,-81.37266
-31.797174,-31.729673,-31.662695,-31.970707,-32.27932,-32.402866,-32.526783
5.9434175,6.0076694,6.0721903,6.1947784,6.3165426,5.8719673,5.429206
-2.065714,-2.05572,-2.046543,-1.7245681,-1.4017904,-1.6465833,-1.8914473
-35.598392,-35.312874,-35.02788,-34.958675,-34.88897,-34.926918,-34.96381
-10.848381,-10.822546,-10.797266,-10.808303,-10.819159,-10.596519,-10.372927
-54.300793,-54.384056,-54.466873,-54.371613,-54.279114,-54.225945,-54.17038
-28.791948,-28.827286,-28.862936,-29.051386,-29.241032,-29.292385,-29.344168
7.6211023,7.379254,7.137867,6.9454694,6.752619,6.9313135,7.1097903
11.821768,11.628994,11.435919,11.606075,11.777067,11.742264,11.708216
-80.53305,-80.65139,-80.770294,-80.42099,-80.07118,-80.279495,-80.48793
-37.18133,-37.341553,-37.501072,-37.300358,-37.099422,-37.160126,-37.220634
1.1365874,1.1411307,1.1435988,1.4079001,1.6715062,1.7201054,1.7694123
-5.477523,-5.2113476,-4.944784,-5.2567835,-5.569213,-5.479821,-5.3912544
-60.572975,-60.433453,-60.294262,-60.065834,-59.837265,-59.768883,-59.702293
-19.992773,-19.921144,-19.847479,-19.877617,-19.907316,-19.87692,-19.846956
44.242477,44.52117,44.80016,44.590218,44.382053,44.666656,44.950443
46.79001,46.827713,46.864044,46.794174,46.72629,46.72751,46.727646
12.021542,11.915873,11.810435,11.684354,11.557018,11.337633,11.116457
-50.362915,-50.541042,-50.718605,-50.332253,-49.944572,-50.031715,-50.118248
-14.243572,-14.246797,-14.248665,-14.362616,-14.479042,-14.845232,-15.211975
-18.562181,-18.473541,-18.385042,-18.318588,-18.252401,-18.506159,-18.760983
-77.76796,-77.6161,-77.46512,-77.242256,-77.01959,-76.949265,-76.87877
9.712091,9.479939,9.24896,9.178977,9.108158,9.114908,9.119993
15.2056265,14.825515,14.447616,13.918833,13.388796,13.282378,13.177272
11.888842,11.748396,11.607136,11.766759,11.926068,11.91965,11.912505
15.152504,14.925696,14.697724,14.590453,14.482614,14.516215,14.549057
-10.616007,-10.429026,-10.239568,-10.092082,-9.943783,-9.877817,-9.809668
-26.621876,-26.820736,-27.019672,-27.111753,-27.20383,-27.28261,-27.36129
-13.877916,-13.722047,-13.567322,-13.298792,-13.029643,-13.051583,-13.07436
-20.205269,-20.208057,-20.210625,-19.986666,-19.764336,-19.868778,-19.97382
72.235435,72.18353,72.132545,71.87759,71.622795,71.916725,72.21044
-53.297962,-53.639362,-53.981632,-53.750126,-53.51739,-53.368565,-53.220486
-55.83575,-56.043743,-56.251007,-55.740643,-55.22894,-55.246506,-55.262653
75.171585,75.39802,75.62478,75.34963,75.07472,75.01121,74.94782
66.149086,66.2572,66.36698,66.17217,65.97809,65.8689,65.76
22.423843,22.725616,23.026802,23.159794,23.294304,23.601408,23.908125
56.20375,56.091255,55.979633,56.099,56.22099,55.945145,55.668842
-15.289495,-15.327814,-15.367079,-15.040822,-14.715015,-14.584574,-14.453245
59.51547,59.6014,59.68644,59.5352,59.38432,59.52811,59.67248
-15.184483,-15.459616,-15.735931,-15.799763,-15.865429,-15.650391,-15.434247
13.993705,13.913857,13.833966,13.989482,14.145989,14.28116,14.41656
3.2997367,3.402672,3.5059135,3.7321084,3.9581678,3.848212,3.7381527
-63.442974,-63.499912,-63.55701,-63.181187,-62.80437,-62.726223,-62.646626
30.862015,30.840914,30.817728,30.691402,30.564764,30.775139,30.986477
-14.659434,-14.504368,-14.348761,-14.501122,-14.653697,-14.538821,-14.425112
-77.97634,-77.960236,-77.94526,-77.68371,-77.42164,-77.245186,-77.068306
13.255667,13.234271,13.212059,13.177367,13.142697,13.455655,13.769055
-20.376844,-20.14735,-19.918264,-19.682661,-19.447733,-19.572206,-19.695826
-0.8626023,-1.1281323,-1.3920321,-1.33146,-1.2706232,-1.4341025,-1.5966396
73.76655,74.00872,74.25136,74.14063,74.03045,73.87992,73.730095
9.017193,9.037154,9.055574,9.019297,8.984135,9.183288,9.383153
24.641909,24.864666,25.087584,25.155308,25.223856,25.24243,25.259573
2.549042,2.4994009,2.4509513,2.533438,2.6163557,2.36393,2.1122353
-12.146211,-12.185966,-12.225598,-12.253974,-12.282727,-12.003797,-11.724977
77.81903,77.64018,77.46292,76.760025,76.057755,76.04591,76.03453
-46.50385,-46.694088,-46.885017,-46.86871,-46.853294,-47.077072,-47.30107
6.9457817,7.0066123,7.0681224,7.3367763,7.606577,7.3619456,7.1171145
20.193787,20.101028,20.007057,19.620941,19.235207,19.558601,19.880367
1.880047,1.866295,1.8540689,1.9107305,1.9667131,1.8365289,1.7071325
-146.90764,-146.9558,-147.00478,-146.9883,-146.97235,-146.58286,-146.1927
39.213364,39.35116,39.487915,39.60361,39.719296,39.58806,39.456783
-6.3928213,-6.3782196,-6.3632216,-6.2748165,-6.1847987,-6.307533,-6.4305534
-8.4438095,-8.555782,-8.6683855,-8.538203,-8.409617,-8.189294,-7.9685388
-6.4257,-6.459565,-6.4928336,-6.217434,-5.9417787,-6.1268764,-6.3121486
64.74077,64.68227,64.62321,64.66222,64.70094,65.07999,65.45674
-0.25124854,-0.43328398,-0.61550206,-0.47824734,-0.34008378,-0.3908245,-0.4413473
0.34567896,-0.10043273,-0.5458406,-0.53139436,-0.5168022,-0.73232496,-0.9472517
4.827275,5.140789,5.454624,5.344483,5.2341743,5.6528697,6.073076
70.54511,70.911476,71.27769,71.17872,71.080086,70.95598,70.83289
-99.1062,-99.27215,-99.43805,-99.087585,-98.73625,-98.48027,-98.22449
13.926558,13.57193,13.216645,13.485539,13.754755,13.397097,13.039808
-95.34561,-95.66735,-95.98582,-95.99843,-96.01147,-95.86518,-95.71596
24.78902,24.800247,24.810879,24.725359,24.639168,24.80848,24.978727
-2.052205,-2.0687532,-2.0863886,-1.9256392,-1.7654285,-1.6518774,-1.5411911
-22.888193,-23.01084,-23.134153,-23.092718,-23.05052,-23.178394,-23.306229
3.5051558,3.494321,3.4822905,3.344886,3.2070153,3.290871,3.3761942
-10.685705,-11.230304,-11.7737875,-11.516789,-11.260141,-11.248556,-11.2357435
-14.33226,-14.520394,-14.708734,-14.601771,-14.49693,-14.617309,-14.738067
78.94611,79.36082,79.775764,79.82964,79.88338,80.008064,80.133385
-76.06658,-75.7888,-75.51222,-75.23097,-74.951996,-74.70581,-74.45819
-66.403145,-66.68612,-66.9679,-66.70707,-66.44689,-66.37492,-66.30183
-72.38851,-72.72776,-73.06661,-73.15474,-73.24246,-73.28455,-73.3282
-69.12379,-69.304886,-69.48502,-69.58264,-69.679436,-69.66631,-69.65314
35.6975,35.820778,35.944923,36.003258,36.061264,36.14743,36.23214
-41.16166,-41.150723,-41.138775,-41.452522,-41.766018,-41.53067,-41.295597
-50.274597,-50.4182,-50.562576,-50.488396,-50.413586,-50.472214,-50.530037
-26.278515,-26.160498,-26.044157,-26.16388,-26.284878,-26.449692,-26.614292
-58.90815,-58.58038,-58.252117,-58.37508,-58.49958,-58.47598,-58.452892
-81.16108,-81.01349,-80.86611,-80.8421,-80.81684,-80.86848,-80.92139
17.493538,17.375576,17.256363,17.219746,17.182858,17.347536,17.511211
-66.55496,-66.42157,-66.28753,-66.34207,-66.39722,-66.15962,-65.9209
55.39403,55.23587,55.07733,55.090855,55.106445,55.16879,55.230408
74.55326,74.7564,74.961075,74.815315,74.66876,74.420525,74.1737
2.9205449,2.9888856,3.058249,3.0636709,3.0689468,2.8903883,2.7123394
12.457102,12.616903,12.7764015,12.988124,13.198386,13.098748,12.999341
0.5342164,0.53057766,0.52626085,0.69260025,0.8601179,0.71636057,0.5718832
27.183985,27.141563,27.099062,27.208513,27.318302,27.162525,27.00587
8.115829,8.219988,8.325471,8.077591,7.8285623,7.646113,7.46505
-4.6076202,-4.7232623,-4.8403053,-4.884643,-4.9287124,-4.9227486,-4.9169173
34.557014,34.7194,34.882256,34.918617,34.954433,34.97469,34.9955
-22.16073,-22.01999,-21.879202,-22.361803,-22.843885,-22.638517,-22.432522
88.799194,88.91104,89.02196,88.847786,88.67595,88.69528,88.716225
51.725452,51.71082,51.69444,51.92384,52.154472,52.20162,52.24925
-44.357464,-44.493496,-44.629223,-44.874695,-45.119698,-44.9113,-44.703094
44.52032,44.688213,44.85389,44.864506,44.873768,44.68615,44.499706
27.60981,27.636581,27.660936,27.789175,27.92011,27.783636,27.646467
34.476654,34.29184,34.105545,33.983124,33.861378,33.920757,33.97731
60.295475,60.460663,60.625576,60.584576,60.543316,60.339813,60.135933
26.243362,26.054136,25.863874,25.714542,25.5667,25.833595,26.10203
1.1150469,1.4527763,1.7907597,1.7341958,1.6770335,1.5818878,1.4882641
8.812873,8.984486,9.155351,9.284843,9.416105,9.598501,9.780006
-10.604989,-10.684457,-10.762997,-10.703731,-10.644824,-10.818049,-10.992015
9.792785,9.120511,8.448365,8.544699,8.641548,8.500426,8.359521
-43.349277,-43.470264,-43.589672,-43.943188,-44.29743,-44.43108,-44.564613
58.934067,58.856934,58.779915,58.60425,58.428257,58.456757,58.483883
4.305275,4.2500772,4.1956005,3.784837,3.3720143,3.378732,3.3850873
-87.21111,-87.51357,-87.818,-87.77253,-87.728714,-87.94009,-88.15202
-103.091736,-103.01184,-102.931335,-102.838974,-102.74678,-102.806915,-102.86763
15.615913,15.6627655,15.71059,15.592889,15.476002,15.460802,15.445721
19.465765,19.399149,19.331648,19.148138,18.96401,19.090742,19.215866
-34.485287,-34.417896,-34.351208,-33.92122,-33.490948,-33.93413,-34.376373
32.634293,32.634445,32.63482,32.83688,33.038136,33.17593,33.312073
16.456612,16.48318,16.510004,16.78218,17.056332,16.724005,16.3907
-38.986492,-38.963367,-38.93904,-39.06232,-39.186584,-39.105366,-39.021885
41.75311,41.729805,41.70729,41.6855,41.664787,41.729954,41.795013
-1.2562965,-1.398703,-1.5403923,-1.4067787,-1.2734207,-1.2894748,-1.3039554
16.5293,16.504568,16.480265,16.55885,16.63609,16.673767,16.710436
34.300602,34.292393,34.283752,34.434128,34.584938,34.340294,34.095207
-10.676896,-10.863697,-11.050378,-11.205091,-11.359224,-11.330513,-11.302848
-20.984274,-20.984888,-20.985966,-21.03679,-21.087502,-20.902943,-20.718721
57.736126,58.074013,58.412514,58.415115,58.419476,58.448013,58.47764
-46.201397,-46.072857,-45.943775,-46.075794,-46.2078,-46.737144,-47.266457
13.982605,14.083498,14.184498,13.860859,13.538285,13.214895,12.890094
99.687515,99.74133,99.79308,99.786224,99.77942,99.540085,99.30022
8.803731,8.641825,8.477898,8.521909,8.5641365,8.355179,8.14501
53.57217,53.875957,54.179173,54.145813,54.11149,54.06903,54.0263
35.719887,36.09416,36.46924,36.542416,36.617348,36.73885,36.860367
-35.61431,-35.640022,-35.665787,-35.685097,-35.704933,-35.771114,-35.837017
8.656645,8.609631,8.562346,8.706726,8.850689,8.825455,8.800299
-3.607961,-3.5790946,-3.5509279,-3.8448584,-4.1373825,-4.1944623,-4.2517204
-26.291784,-26.464958,-26.636456,-26.491186,-26.346054,-26.602968,-26.859318
-30.481386,-30.841558,-31.200983,-31.054377,-30.907219,-30.766483,-30.625898
-52.74405,-52.812386,-52.880074,-52.747227,-52.614174,-52.43132,-52.24848
0.8815292,0.8167132,0.7513555,0.7258557,0.7005786,0.51825607,0.33525887
10.079914,10.248189,10.414189,10.206352,9.998504,10.1397085,10.280135
54.47801,54.14258,53.80776,53.89087,53.975082,53.9918,54.008694
5.081613,5.000695,4.9216475,5.1854253,5.4497514,5.53228,5.613949
65.285904,65.312,65.33776,65.247086,65.156364,65.32646,65.49698
-46.710793,-46.77867,-46.846725,-46.78459,-46.723366,-47.010246,-47.29692
-86.19775,-86.3725,-86.54615,-86.31036,-86.07352,-86.01738,-85.96025
88.4064,88.68532,88.965,88.624374,88.2845,88.292435,88.29849
-55.163208,-54.934956,-54.707283,-54.62563,-54.54434,-54.79115,-55.037678
-121.65856,-121.71962,-121.77975,-121.29867,-120.81856,-120.89185,-120.96456
1.9189371,1.9394408,1.9595258,1.9330701,1.90637,1.7994392,1.6940216
-48.49166,-48.52797,-48.56473,-47.863113,-47.162025,-47.90371,-48.644573
30.287657,30.522758,30.757095,30.395695,30.035011,30.065819,30.097511
73.20623,72.858986,72.51205,72.43495,72.358604,72.51234,72.666115
-28.926031,-28.715006,-28.5035,-28.302649,-28.10211,-28.226408,-28.3495
24.290863,24.294436,24.297422,24.350431,24.40258,24.458513,24.513594
-50.03305,-49.830654,-49.629143,-49.47534,-49.323406,-49.4386,-49.554634
-9.969715,-10.349633,-10.7307825,-10.538624,-10.345125,-10.418017,-10.493252
-62.34286,-62.06033,-61.777943,-61.567863,-61.357456,-61.438046,-61.51678
-32.320087,-32.315044,-32.31058,-32.470276,-32.630455,-32.57368,-32.51459
-0.7633436,-0.78227496,-0.8001764,-0.64421487,-0.48684236,-0.6022022,-0.71737313
6.6682405,6.9587975,7.249911,6.891473,6.532803,6.661597,6.7898207
107.87464,107.91418,107.95392,107.55694,107.161,107.145256,107.128105
-62.882008,-62.975567,-63.06859,-62.887913,-62.70766,-62.49131,-62.275055
20.150282,20.389072,20.626396,20.266481,19.906298,19.731941,19.55888
-0.6382881,-0.5207239,-0.40257746,-0.5952564,-0.7873798,-0.90129143,-1.0150089
39.765137,39.845016,39.924656,39.69408,39.465805,39.65005,39.835495
29.228725,29.607885,29.986952,30.13614,30.285967,30.501024,30.715878
101.31422,101.39276,101.47049,101.42052,101.37223,101.3075,101.24306
-24.005667,-23.906168,-23.807571,-24.06386,-24.32019,-24.301765,-24.282017
-56.13664,-56.401047,-56.665695,-56.505817,-56.34558,-56.428013,-56.51025
9.178151,9.344198,9.509502,9.622392,9.736186,9.871758,10.008722
-4.510771,-4.4697905,-4.4286556,-4.3777857,-4.326955,-4.2973957,-4.2678022
-9.987576,-9.95485,-9.922008,-9.677309,-9.432308,-9.471003,-9.509734
8.815497,8.507686,8.1988,8.110296,8.02093,8.078738,8.136428
-80.682755,-80.43995,-80.19784,-79.65868,-79.12005,-79.14254,-79.16448
-24.971691,-25.007416,-25.044321,-25.26537,-25.486046,-25.177114,-24.86759
-33.741924,-33.54238,-33.340446,-33.432262,-33.524357,-33.44753,-33.370205
-3.9382691,-3.6669555,-3.3953233,-3.3066735,-3.2179284,-3.002521,-2.7867675
-62.187332,-62.386177,-62.58306,-62.70054,-62.8191,-62.337036,-61.85421
-29.204107,-29.355,-29.506216,-29.399767,-29.293427,-29.421604,-29.550554
56.913273,57.05267,57.191113,57.050426,56.908466,56.563435,56.218773
-1.0433326,-1.0999355,-1.1565051,-1.1472967,-1.1373758,-0.98981243,-0.842377
-50.791107,-51.133633,-51.47612,-51.23557,-50.993702,-51.13857,-51.284065
2.8304706,2.4650073,2.099071,2.2753882,2.4499764,2.8581395,3.2649102
-14.552135,-14.304818,-14.057896,-14.049093,-14.040461,-14.223993,-14.407739
-22.34371,-22.458708,-22.575485,-22.926569,-23.278265,-23.31027,-23.341982
-7.626103,-7.5836797,-7.541285,-7.470835,-7.398688,-7.3291993,-7.2590604
-3.7824051,-3.8411598,-3.9004102,-4.3498726,-4.8003387,-4.4308,-4.061596
87.2126,87.382935,87.553795,87.55969,87.564896,88.05896,88.55312
-15.477072,-15.748122,-16.018166,-16.311697,-16.60453,-16.633957,-16.66571
-14.051937,-14.038243,-14.024377,-13.681525,-13.3377905,-13.023705,-12.709884
-26.31426,-26.345419,-26.37726,-26.394428,-26.412203,-26.301542,-26.19036
24.249233,23.934086,23.619293,23.475586,23.331722,23.303837,23.276997
2.7963061,2.902411,3.0077329,3.0824952,3.1583457,3.233171,3.3091722
43.612267,43.915195,44.218853,44.0288,43.840202,44.012314,44.185944
36.825012,36.835075,36.845238,36.969162,37.092308,37.068306,37.043198
72.28256,72.18169,72.08105,72.233955,72.38583,72.699196,73.01344
50.613514,50.630035,50.646126,50.640724,50.63582,50.624306,50.612595
-32.43779,-32.206993,-31.976805,-32.042885,-32.110825,-32.159424,-32.20703
-44.22441,-44.444427,-44.665443,-44.495266,-44.324577,-44.352135,-44.38134
-1.9423683,-1.8157742,-1.689738,-1.6287835,-1.5676115,-1.5779159,-1.5879467
-7.793087,-7.6412487,-7.488781,-7.5122757,-7.534813,-7.7442055,-7.954958
37.46002,37.272766,37.08632,36.99835,36.91115,36.934334,36.95673
35.27703,35.058193,34.8393,34.963066,35.087112,34.875835,34.66449
-34.77952,-35.203453,-35.625736,-35.8653,-36.104004,-35.786606,-35.468544
31.999939,31.828072,31.657085,31.453436,31.250004,31.175049,31.10075
5.683258,5.6148815,5.5444746,5.4528704,5.36034,5.494824,5.628824
-22.193506,-22.296658,-22.40021,-22.281248,-22.162714,-22.621511,-23.081068
43.139492,42.71377,42.286587,42.27129,42.25655,42.696518,43.134
48.596294,48.277195,47.958023,47.680813,47.402596,47.916683,48.430378
-2.0503585,-1.9438465,-1.8373477,-2.081618,-2.32606,-2.1024444,-1.8782585
-5.7025685,-5.6660542,-5.6278934,-5.817065,-6.0085917,-6.007426,-6.0077243
54.43341,54.693893,54.953796,54.795097,54.634964,54.833958,55.034035
-13.493031,-13.307682,-13.120801,-12.695003,-12.269543,-12.270217,-12.270482
-9.932278,-10.210476,-10.488237,-10.513379,-10.539684,-10.8968,-11.253478
85.2583,85.492615,85.72741,85.73841,85.74983,85.502594,85.25246
-3.7338505,-3.9767199,-4.21975,-4.3892474,-4.5591373,-4.9687333,-5.3787127
-34.638557,-34.847336,-35.056217,-35.339466,-35.622253,-35.540005,-35.457966
78.26592,78.40538,78.543106,78.411255,78.28027,78.229675,78.18075
12.896012,13.303527,13.712168,13.790763,13.866811,13.6129055,13.357816
-3.8982732,-3.9179409,-3.9376237,-4.0702114,-4.2018423,-4.240594,-4.280981
-9.633185,-9.642559,-9.65147,-9.550327,-9.4484,-9.367305,-9.285595
11.230012,11.491665,11.754209,11.59474,11.4355345,11.5763645,11.718517
58.85416,58.732933,58.610134,58.519413,58.428852,58.41167,58.39466
1.0428505,0.91377455,0.7843991,0.72085196,0.6577607,0.8121968,0.9665528
156.51617,156.2803,156.0436,156.04906,156.05428,155.9536,155.8531
8.586002,8.893871,9.202913,9.112498,9.023168,8.962293,8.904737
-2.5839305,-2.5528197,-2.5200505,-2.7319999,-2.947042,-2.7684913,-2.5908885
-36.404503,-36.785885,-37.16709,-37.139763,-37.112526,-37.38416,-37.65607
-9.829231,-9.686136,-9.542074,-9.457293,-9.371933,-9.239773,-9.106485
-73.87036,-73.97543,-74.07926,-74.13096,-74.18437,-74.10722,-74.03016
-34.166843,-34.206764,-34.246845,-34.206715,-34.16609,-34.133022,-34.102
