2014 SVI No Vehicle Encoding,2015 SVI No Vehicle Encoding,2016 SVI No Vehicle Encoding,2017 SVI No Vehicle Encoding,2018 SVI No Vehicle Encoding,2019 SVI No Vehicle Encoding,2020 SVI No Vehicle Encoding
-29.578653,-28.663553,-27.748941,-29.109692,-30.46408,-29.295023,-28.113102
-6.3449116,-5.9947224,-5.655101,-5.243596,-4.828063,-3.3203335,-1.7990036
-17.220806,-15.991229,-14.725925,-13.791116,-12.846347,-12.399636,-11.919563
-12.251878,-10.327456,-8.461268,-5.1137633,-1.7599784,-0.56409365,0.65032476
-40.807804,-40.87164,-40.91042,-41.613926,-42.30167,-44.15217,-45.945366
-50.70512,-51.38303,-52.055508,-52.679672,-53.298145,-52.736572,-52.153107
48.284344,48.83753,49.403835,50.26332,51.135372,50.345715,49.608383
60.58814,60.9624,61.320137,61.282604,61.25794,59.027412,56.84077
28.26388,27.66213,27.011116,27.3346,27.66068,26.777922,25.912468
11.496781,11.961569,12.412825,13.041933,13.65968,14.532065,15.364967
10.730748,10.522343,10.364628,10.378136,10.404387,11.003937,11.650041
-12.049482,-11.4389305,-10.86199,-10.148983,-9.436668,-10.722916,-12.006861
20.307665,20.736738,21.122953,21.993217,22.878592,22.415888,22.006062
-64.26134,-66.71039,-69.14454,-69.77266,-70.41124,-69.57112,-68.77629
36.44629,38.96254,41.52417,42.866684,44.209515,43.873287,43.54869
-37.516926,-36.79414,-36.02226,-35.71223,-35.398876,-34.77424,-34.13997
-27.523073,-28.775696,-30.014723,-29.94123,-29.86507,-29.979815,-30.085506
9.220137,9.138012,9.0870285,8.687068,8.284285,10.1633,12.028068
21.083418,22.905718,24.709896,23.246399,21.789454,20.398472,19.041464
6.4706473,8.159527,9.79257,8.131613,6.4574285,4.8071213,3.1075215
-3.5881588,-3.7444785,-3.8947303,-4.5574894,-5.237123,-6.5315924,-7.8854485
3.7488246,4.217834,4.690573,4.83697,4.9988065,3.9668565,2.9849343
-60.910675,-62.181435,-63.43901,-62.207954,-60.977642,-59.1168,-57.252636
28.286394,27.72416,27.192007,25.86941,24.544672,24.019793,23.490252
6.701866,6.8739824,6.982374,8.443412,9.913681,11.148184,12.4134245
-15.478908,-15.989979,-16.432732,-16.281689,-16.14372,-17.523262,-18.952938
-22.153662,-21.340925,-20.514147,-18.795576,-17.078884,-18.661476,-20.256588
-69.39024,-69.92728,-70.44066,-71.302734,-72.16165,-69.61047,-67.0504
-44.92257,-44.563087,-44.22886,-41.94743,-39.655846,-38.236423,-36.78785
8.261349,7.884009,7.5352645,5.7291894,3.9167256,1.6879592,-0.564899
22.27706,22.70569,23.151278,25.471525,27.809803,27.31637,26.89345
23.685194,24.224997,24.8327,23.858095,22.89686,21.836693,20.8277
-14.061277,-16.15552,-18.241842,-19.753733,-21.271101,-21.924139,-22.598099
42.527336,42.096897,41.730053,43.051487,44.38859,45.018246,45.70924
-51.22221,-51.328022,-51.459476,-51.393505,-51.33324,-51.035213,-50.756073
43.695057,44.706364,45.78473,47.115707,48.459976,46.69376,44.98379
51.76877,52.356052,52.88438,51.26785,49.63993,49.172916,48.664955
35.535816,36.27446,36.9966,35.63096,34.254944,33.16313,32.038372
-49.842335,-49.333656,-48.84094,-48.990982,-49.146683,-47.080048,-45.035515
29.962572,31.223751,32.460445,34.24381,36.033768,38.630753,41.250786
-26.231976,-27.855843,-29.54651,-28.203218,-26.848015,-26.185804,-25.48136
-59.56668,-60.50979,-61.47505,-59.833996,-58.19585,-56.93219,-55.677925
2.56627,2.5140412,2.5169928,0.14147493,-2.2379253,-2.0469234,-1.8758581
57.101677,57.710262,58.35801,58.065323,57.766754,58.42549,59.061962
-37.12313,-36.20411,-35.288975,-31.920076,-28.532476,-28.2858,-27.972822
-86.20183,-86.27536,-86.39542,-86.54125,-86.7065,-88.034355,-89.433174
74.17135,74.81577,75.40553,74.224945,73.026245,73.21906,73.344795
17.278675,16.990524,16.65364,14.151264,11.665288,9.709366,7.814751
-1.5045964,-0.658835,0.22392124,2.7381043,5.262877,5.9329686,6.6393538
16.429123,17.150301,17.805508,18.28835,18.780394,19.95964,21.173586
31.413132,32.256947,33.096478,33.504654,33.911297,34.652767,35.390945
-56.043404,-54.827427,-53.556583,-53.963985,-54.37408,-54.041103,-53.719616
-83.70738,-84.28997,-84.891266,-81.822205,-78.76214,-77.26024,-75.795
9.956713,9.452682,9.0026865,7.5392365,6.093071,4.68476,3.345318
-45.22787,-45.902294,-46.558075,-47.638172,-48.719482,-49.768044,-50.81522
-19.149195,-19.465914,-19.809628,-20.171928,-20.523504,-19.308903,-18.061905
16.209179,15.427927,14.643955,15.233807,15.806635,16.080128,16.281647
25.742937,25.25731,24.769476,25.156582,25.558035,28.187624,30.870642
15.353956,16.34034,17.270557,16.636522,16.015612,14.781721,13.592543
-87.66862,-89.13799,-90.618645,-88.68926,-86.75695,-83.78652,-80.80371
-29.596956,-30.062386,-30.55864,-28.474434,-26.403563,-24.85364,-23.357758
25.336973,25.94398,26.51998,26.077719,25.625164,27.335909,29.002964
37.506977,37.214905,36.897823,36.782192,36.681004,35.504337,34.376602
49.397434,49.890377,50.32303,49.335213,48.32827,47.06873,45.738068
-130.07518,-132.27747,-134.50436,-133.06947,-131.6429,-129.68642,-127.76154
59.839783,60.193695,60.60281,60.84739,61.076637,62.1074,63.075123
54.129776,54.817024,55.50049,54.684544,53.87399,54.287495,54.721165
-69.45729,-68.48993,-67.52448,-66.42076,-65.303215,-64.81338,-64.27472
38.721252,39.680557,40.65262,40.0663,39.48001,41.220215,42.958923
60.68534,62.063976,63.45557,64.065445,64.67109,63.126358,61.571484
2.181263,2.4631329,2.7714286,2.3109336,1.8368921,1.446796,1.0030651
23.224628,22.719543,22.175661,22.0913,22.008785,20.310726,18.621748
-29.140156,-27.716003,-26.317581,-27.018497,-27.71305,-29.027508,-30.321815
0.42055866,0.5831558,0.73800296,-0.1623495,-1.0676949,0.6204731,2.286812
0.2401866,0.29610053,0.32192698,0.657793,1.0038241,0.87116617,0.7804031
-4.3200374,-4.239095,-4.2169833,-3.979587,-3.7342086,-2.9485373,-2.1389709
-67.84708,-67.94524,-68.04043,-67.41888,-66.799225,-67.89641,-69.00157
-33.79132,-33.745358,-33.685635,-35.924503,-38.160378,-39.83322,-41.499897
-57.231064,-56.973183,-56.75281,-56.325756,-55.901222,-55.603767,-55.312996
6.7566795,7.0694323,7.3158216,6.09058,4.8839054,4.798458,4.7824945
-6.9417,-6.672266,-6.3331833,-8.117678,-9.890955,-9.748598,-9.569071
43.442028,44.58069,45.76658,46.06601,46.36389,45.594193,44.823906
13.317584,14.399262,15.447267,16.288483,17.119448,18.04761,18.93656
11.916515,11.788049,11.710475,12.030456,12.363086,13.085036,13.855126
-69.60254,-71.415405,-73.282166,-72.20334,-71.12819,-70.389984,-69.66367
-49.350925,-48.793774,-48.28811,-47.453777,-46.61824,-46.868607,-47.11688
-37.15316,-37.229782,-37.243923,-37.21089,-37.18386,-34.584625,-32.01042
-64.836044,-64.40523,-64.039314,-64.55885,-65.077286,-64.26987,-63.46146
29.6714,30.025728,30.407938,31.11612,31.841116,32.156982,32.533703
4.3591337,2.6673353,1.0046718,1.9993856,3.0138862,2.8393762,2.7358491
12.158107,12.761937,13.30491,12.44993,11.597891,11.257605,10.927208
57.848076,57.405594,56.90836,55.919537,54.928974,53.66676,52.39629
9.595417,10.4289055,11.276036,10.475603,9.677483,7.8433466,6.0073366
-54.717896,-55.261723,-55.764416,-56.61911,-57.458076,-58.033432,-58.5505
-55.868652,-55.13934,-54.40915,-54.2867,-54.147217,-54.033695,-53.85992
59.0804,59.029377,59.024975,58.270554,57.51794,57.289204,57.05717
39.44859,40.435863,41.360302,39.6906,38.02319,36.86887,35.714386
-2.9370508,-3.0016484,-3.0653977,-2.144279,-1.2044764,-2.217339,-3.1611886
-64.16496,-64.75965,-65.30661,-64.628914,-63.963917,-63.28619,-62.65557
40.942192,41.52792,42.183926,39.16061,36.13055,33.462315,30.770094
-8.248507,-8.103734,-7.882021,-6.633072,-5.3752747,-4.5486016,-3.6894932
-18.809635,-19.144434,-19.492928,-19.457975,-19.42502,-17.713137,-16.018696
0.16605465,-0.9011565,-2.0359755,-3.4346066,-4.822591,-8.028761,-11.197856
-19.953682,-19.706524,-19.398546,-18.403118,-17.42538,-16.357225,-15.357613
-31.22765,-32.908485,-34.546246,-34.71101,-34.875313,-36.247852,-37.61446
-137.08345,-139.29172,-141.4756,-140.82439,-140.16689,-139.47871,-138.76808
84.65204,85.44844,86.295616,84.81377,83.33166,83.10748,82.88102
-6.1097236,-6.1436043,-6.128332,-5.2003794,-4.2750297,-2.8698149,-1.4725977
10.603561,10.690385,10.771516,9.017169,7.265449,6.886374,6.518824
-75.54336,-76.69633,-77.855675,-79.299965,-80.75896,-82.14153,-83.58492
69.20645,69.71631,70.18099,68.46623,66.73618,66.6448,66.49644
16.370342,16.041656,15.743391,15.395366,15.050253,15.070164,15.0999775
16.087175,15.700505,15.249478,14.648311,14.055145,14.708386,15.391785
-71.117256,-72.02812,-72.8805,-71.59983,-70.32211,-68.07192,-65.83764
-23.300236,-24.716906,-26.076334,-26.764624,-27.432344,-28.311419,-29.117476
4.0386734,3.6957889,3.3959985,4.3607183,5.326057,5.7927556,6.2606854
16.70864,16.905165,17.100752,15.135216,13.16657,10.939644,8.700873
124.534294,126.36904,128.25903,127.32393,126.40312,122.405174,118.46079
11.916769,13.501759,15.148079,16.881348,18.628952,19.237686,19.894827
-62.629383,-63.725407,-64.794266,-65.32974,-65.87535,-64.935974,-64.03639
66.344505,66.57585,66.819855,66.079025,65.35583,64.686195,64.082924
58.676136,58.657063,58.610523,58.169647,57.742794,57.4625,57.242714
-43.97347,-44.415337,-44.82779,-45.583076,-46.330315,-46.691914,-47.024635
-48.22447,-46.99049,-45.809395,-45.658382,-45.50671,-44.754265,-44.00045
-72.59798,-72.23321,-71.83292,-70.03466,-68.24035,-67.50102,-66.781075
-80.336365,-80.33031,-80.32109,-80.166,-80.012024,-78.91194,-77.817245
24.218924,24.373219,24.486168,24.531528,24.586143,25.293812,26.040934
-71.66002,-73.12063,-74.645676,-73.89263,-73.1409,-71.910995,-70.692
-51.316513,-50.959682,-50.579506,-50.34699,-50.110916,-50.114216,-50.100136
-19.9917,-19.781519,-19.615675,-19.66471,-19.717228,-19.800024,-19.898005
-91.44468,-90.9759,-90.46378,-90.82874,-91.212326,-88.8754,-86.60554
-16.508364,-15.855868,-15.153124,-13.135068,-11.104991,-7.857884,-4.563804
-38.53038,-39.51696,-40.47998,-40.532852,-40.581703,-39.47578,-38.352333
73.17657,72.296455,71.47846,73.02625,74.5796,75.99952,77.43914
-19.41146,-19.918943,-20.37044,-20.154053,-19.931856,-19.254787,-18.556837
-2.611783,-1.4554625,-0.32847312,-0.17324163,-0.034663215,1.1161051,2.201642
47.187683,47.154617,47.155422,46.445637,45.721424,45.806286,45.835903
-1.4611055,-0.963158,-0.47386158,-0.50752676,-0.53982675,-1.0042161,-1.4608201
-15.750856,-15.447601,-15.082953,-14.465464,-13.840515,-12.176899,-10.482149
-45.97264,-45.743492,-45.547554,-46.25107,-46.95125,-46.770447,-46.581757
51.34568,51.932297,52.494476,52.71068,52.929512,51.59157,50.258175
70.407074,72.06719,73.679054,73.01932,72.359634,71.926544,71.49745
3.2322593,4.6530733,6.001216,6.3722305,6.7566056,6.5596566,6.41016
97.92552,98.961,100.00139,100.047714,100.094215,99.82679,99.56068
62.449657,63.250797,64.083046,61.837757,59.580685,58.22977,56.836575
-40.832893,-41.724464,-42.56417,-41.03977,-39.529343,-37.557827,-35.63991
28.20992,29.873323,31.542065,28.643223,25.727947,25.745676,25.710245
19.697823,18.62014,17.580517,19.222761,20.877098,22.410141,23.981966
59.20171,59.202244,59.137135,58.38888,57.65749,56.0393,54.49161
10.190615,10.880169,11.536011,12.070271,12.612201,14.270488,15.960422
-0.21214738,0.20254835,0.62044173,0.8003991,0.9606212,0.023637142,-0.98254937
18.774588,19.130804,19.547583,19.62981,19.71478,21.217678,22.734823
-8.991305,-8.146914,-7.277721,-6.4553647,-5.62347,-4.9838276,-4.3061085
-31.078846,-31.31335,-31.50308,-33.9162,-36.32027,-36.607635,-36.865135
-6.149214,-6.417858,-6.7310753,-5.8683224,-5.0032883,-2.8378026,-0.66269857
18.530418,18.890247,19.244493,17.099966,14.961603,13.105431,11.275097
-27.854156,-28.862913,-29.897573,-30.464201,-31.015873,-30.86428,-30.654425
1.4731777,1.8398044,2.1513317,2.7312133,3.3046672,3.8580883,4.390645
-70.725334,-69.53998,-68.2995,-68.7361,-69.155785,-69.8113,-70.40837
58.66129,58.00734,57.372017,57.07384,56.77861,58.351364,59.944763
59.37337,59.804813,60.203823,59.94288,59.663155,59.781895,59.82878
3.9004984,4.0352974,4.165536,3.8803434,3.5933428,3.0464592,2.4941225
-15.478829,-16.832302,-18.251732,-18.355305,-18.4429,-19.040459,-19.5755
-75.39317,-74.78247,-74.1836,-75.31398,-76.434845,-76.39508,-76.31998
-12.096064,-11.204621,-10.335196,-9.294645,-8.25293,-8.48851,-8.719249
-39.00452,-39.587246,-40.160946,-40.522095,-40.871487,-41.67887,-42.443504
-75.573875,-77.24836,-78.91744,-80.64971,-82.38096,-82.16189,-81.93514
-49.087543,-50.49427,-51.875774,-51.844433,-51.826523,-51.302372,-50.831577
13.384374,14.380711,15.348149,14.775586,14.19662,15.212256,16.207088
64.360916,65.326004,66.2611,66.0635,65.86728,64.82935,63.7949
-73.91032,-74.6088,-75.249855,-73.5904,-71.93918,-69.493774,-67.078995
-64.8441,-65.16095,-65.5028,-65.16479,-64.82223,-66.06717,-67.29442
26.000124,26.55086,27.157633,25.478882,23.794134,24.263926,24.711105
44.74168,45.939243,47.110565,46.724316,46.321007,46.063576,45.7402
20.298143,20.253962,20.207653,19.55496,18.918835,19.070028,19.281815
46.047783,47.220577,48.352013,49.42708,50.51467,50.120186,49.770046
3.1734903,3.7098222,4.2600307,5.134689,6.022266,7.0864825,8.201219
13.993025,14.020325,14.013073,15.094749,16.163649,16.36035,16.495756
-67.46788,-67.93321,-68.41566,-69.13493,-69.84248,-69.51584,-69.14728
-21.219952,-21.24464,-21.314804,-21.752937,-22.203625,-23.781994,-25.409542
-21.418444,-20.777494,-20.094938,-21.277443,-22.478033,-22.630426,-22.856989
-32.98958,-32.933132,-32.936085,-33.58141,-34.210567,-33.337,-32.406303
-66.57231,-65.812126,-64.990974,-64.38497,-63.771725,-62.465775,-61.13545
-71.83363,-72.72057,-73.63494,-75.02588,-76.4106,-76.920235,-77.39904
22.248528,23.007423,23.822062,23.15319,22.48275,21.60641,20.717209
117.30864,117.93805,118.54629,118.02783,117.50469,115.97775,114.42911
15.0147295,15.7816305,16.587017,17.898975,19.202177,19.540195,19.844975
-40.747894,-42.218185,-43.625942,-43.129623,-42.615677,-42.585808,-42.487152
3.7413146,2.4646995,1.1957594,1.619968,2.0397298,3.9211547,5.780907
-36.518333,-35.97215,-35.36736,-35.10355,-34.83496,-35.427288,-35.99796
-17.220154,-17.10913,-16.990417,-17.19649,-17.416067,-16.745676,-16.134243
-30.413658,-31.778542,-33.07485,-32.459938,-31.83973,-32.510147,-33.162037
-61.226284,-61.517002,-61.83491,-62.011723,-62.1785,-60.85953,-59.49857
-104.282486,-103.59266,-102.89088,-102.138695,-101.37402,-100.102745,-98.79085
-16.584925,-17.311651,-18.034128,-18.469572,-18.901464,-18.942947,-18.977522
-8.613698,-8.24019,-7.8679857,-8.553304,-9.257356,-8.990692,-8.7887745
9.415373,9.467867,9.58914,9.085558,8.599129,6.709831,4.888254
31.577211,31.911924,32.301617,31.11852,29.930508,30.392767,30.835989
-17.947922,-20.14215,-22.389597,-22.850414,-23.301582,-22.28203,-21.217669
-8.187478,-6.5092087,-4.9019704,-4.8230605,-4.7415104,-4.608487,-4.461923
-8.348552,-9.263616,-10.128633,-10.142258,-10.153406,-10.273583,-10.3875675
2.4787095,2.2006981,1.8939574,1.9605677,2.0371544,2.1247208,2.2510655
-51.658707,-51.939533,-52.29007,-51.912285,-51.544098,-52.070282,-52.634865
4.0350833,3.488533,2.9165244,3.2088094,3.5043015,3.4756303,3.4593968
10.137239,12.406119,14.624511,14.191593,13.770593,13.9674635,14.203568
97.95319,97.08095,96.221016,94.79141,93.36361,91.49678,89.642365
-69.02642,-69.57934,-70.17865,-69.95167,-69.71312,-70.22239,-70.69007
-5.6905575,-5.2237024,-4.7856407,-3.660162,-2.5525565,-3.0446248,-3.6080337
-0.167096,-0.34711897,-0.5143131,-0.60346997,-0.6803187,-0.3334936,0.06515922
55.09544,54.900303,54.685787,53.732243,52.769398,51.169186,49.528233
-10.4977255,-9.544702,-8.643971,-7.139977,-5.6196737,-4.773445,-3.8700414
-12.705531,-12.052712,-11.39827,-10.3564625,-9.301195,-7.343817,-5.333075
81.67036,84.18133,86.71476,87.042015,87.36608,87.684364,87.98919
88.86666,91.37841,93.92405,91.148445,88.38791,87.77726,87.22207
36.503746,38.08513,39.636196,39.520187,39.397064,39.378952,39.33269
2.4874191,0.23691945,-2.0418625,-1.4485683,-0.8489589,-1.2000446,-1.5234451
106.25557,106.246155,106.19832,104.004105,101.80646,99.157974,96.50165
10.547772,10.119006,9.715075,9.787121,9.854453,8.3140955,6.757594
4.1736693,3.2184916,2.2581687,0.8320641,-0.60787445,-1.9872174,-3.4202666
-10.275775,-12.6332245,-14.950048,-15.863027,-16.780344,-16.351158,-15.942563
-60.773483,-60.500797,-60.28302,-61.577137,-62.86297,-62.67256,-62.452297
-17.544127,-18.130209,-18.717798,-16.90246,-15.071995,-14.490345,-13.848983
-15.787013,-17.171268,-18.524757,-18.67558,-18.82977,-18.945024,-19.078289
-61.864697,-62.72167,-63.63462,-64.51629,-65.40008,-64.82047,-64.25206
-14.703007,-14.610176,-14.560207,-14.245913,-13.945442,-13.328398,-12.765709
45.16438,45.824,46.449173,46.149975,45.845985,47.73902,49.61815
0.050826043,0.7342389,1.4637238,-0.086827904,-1.632363,-3.6386042,-5.621009
-40.761814,-41.06223,-41.328083,-39.585724,-37.857418,-36.219406,-34.639988
-41.666172,-42.120228,-42.557865,-43.84076,-45.117336,-45.061207,-44.98184
13.202109,12.974967,12.754879,13.444916,14.134642,15.143492,16.15886
-49.477486,-51.285088,-53.036797,-52.396965,-51.744186,-51.63833,-51.479874
6.2550125,4.863076,3.5121367,3.4907024,3.4756858,1.7492206,0.053354993
-1.5594779,-1.8280746,-2.1659336,-1.2757846,-0.38638887,-1.3484708,-2.3166656
5.3804603,5.947378,6.5059314,4.8776326,3.240262,2.974309,2.679316
-76.99364,-77.01629,-76.99075,-77.96878,-78.96216,-78.83478,-78.766846
4.5449104,5.236287,5.8682747,5.912381,5.9625454,5.911911,5.8812575
-4.9438863,-5.51833,-6.140908,-7.689961,-9.241834,-10.538423,-11.838074
-10.431094,-10.504336,-10.528853,-10.351144,-10.187988,-10.765033,-11.397836
2.8926494,2.668496,2.445483,1.7487743,1.0450923,0.5435818,0.016367707
17.400578,18.538025,19.72599,18.640259,17.57291,16.552284,15.599881
-2.0888045,-1.8652757,-1.6436788,-1.6371955,-1.632559,-2.147739,-2.6645987
-112.2989,-112.252365,-112.19675,-111.25999,-110.336716,-109.297714,-108.31737
4.783278,4.48051,4.153931,5.3794084,6.6107993,6.5254836,6.4551616
-38.271004,-39.19754,-40.18588,-38.02543,-35.850014,-35.023045,-34.139496
-25.43864,-26.76152,-28.014336,-27.535593,-27.06733,-27.323952,-27.618412
-58.351555,-59.157734,-60.02152,-57.513012,-55.015133,-52.520367,-50.0714
34.378235,34.103577,33.89035,33.874626,33.84848,35.702465,37.511543
11.419432,10.669313,9.879648,11.347214,12.807749,13.986604,15.145254
57.732815,58.597206,59.520203,59.39558,59.281696,59.170322,59.0995
34.642807,34.792366,34.92934,32.388443,29.860086,28.907957,28.00789
32.71172,34.23568,35.79403,36.262947,36.750694,35.336086,33.990486
-7.4259043,-7.4665117,-7.4859953,-6.7892714,-6.0895147,-5.5884905,-5.0730867
40.883076,40.048443,39.230774,37.910503,36.584393,36.871334,37.133686
-17.220865,-17.63109,-18.00136,-16.57478,-15.14052,-13.205589,-11.245475
-7.1562815,-7.166724,-7.1717577,-6.697196,-6.2242174,-7.289275,-8.359633
-68.44269,-69.57981,-70.75391,-72.476295,-74.20952,-73.55821,-72.946686
67.23271,67.86666,68.56941,67.87868,67.18067,68.375946,69.55638
49.135506,50.545288,51.951797,51.26181,50.563084,49.521595,48.44785
-34.15757,-33.98064,-33.876713,-35.662243,-37.45011,-38.423485,-39.40555
37.148987,35.57097,33.96852,32.31518,30.668184,30.318419,29.991571
-7.560053,-8.294075,-8.967553,-8.960155,-8.955918,-8.611536,-8.282972
-68.56692,-68.99993,-69.38538,-67.8342,-66.299286,-64.81772,-63.393345
-58.83745,-59.17286,-59.572296,-60.022846,-60.486465,-58.83448,-57.23457
27.01993,27.553946,28.147943,28.0348,27.92488,28.218163,28.517134
-93.37896,-94.51475,-95.68918,-96.03662,-96.391525,-96.42816,-96.49648
15.794423,17.932264,20.134539,20.932753,21.72714,20.631653,19.524391
-14.485747,-14.780487,-15.07358,-13.118942,-11.157378,-9.016947,-6.8485913
-78.407524,-78.24405,-78.024315,-78.6741,-79.31542,-79.99325,-80.63592
48.65826,49.02157,49.33295,48.786015,48.222916,47.296005,46.308907
-32.131145,-33.21258,-34.362816,-34.599648,-34.849834,-34.397617,-33.991695
-15.903102,-15.05581,-14.235913,-13.464119,-12.702305,-13.922957,-15.18626
2.77006,3.6770449,4.6562395,4.322318,3.973299,2.899005,1.7638965
-28.197266,-28.912964,-29.662539,-29.45006,-29.227837,-29.037691,-28.80707
-92.91646,-94.18141,-95.40053,-95.79264,-96.182434,-95.31018,-94.43869
-16.80428,-19.162659,-21.56506,-20.938547,-20.3007,-19.82119,-19.30086
-12.031835,-10.481322,-8.941212,-6.9597454,-4.980313,-3.9627318,-2.9523711
-16.870207,-16.944344,-17.032698,-16.835325,-16.651615,-16.67828,-16.752478
-24.58615,-25.403236,-26.213474,-27.480972,-28.739483,-30.456003,-32.13213
10.866921,10.469104,10.093802,9.075995,8.070331,8.730595,9.43724
46.909943,48.0046,49.158813,48.309555,47.44276,48.67607,49.845585
-48.16265,-48.75943,-49.40551,-49.925663,-50.45867,-49.25586,-48.101227
5.153652,6.559664,7.934202,8.753745,9.586394,11.459262,13.385036
-81.25827,-80.66052,-80.002686,-79.584625,-79.16629,-79.62332,-80.08639
-5.0617247,-5.675648,-6.2475295,-7.1927137,-8.141465,-9.637633,-11.1439295
-8.126687,-9.180799,-10.228478,-10.225677,-10.2286005,-10.183364,-10.157452
-7.7448573,-5.595817,-3.4143803,-3.0302937,-2.6521466,-3.3539402,-4.0786242
19.161764,19.643246,20.187387,19.637009,19.084183,18.068441,17.039188
45.766987,46.249187,46.80217,47.782253,48.76538,50.653507,52.550636
-17.327118,-17.304186,-17.302158,-16.868834,-16.42258,-17.053709,-17.635643
-42.067734,-42.461136,-42.85531,-43.07178,-43.271717,-43.759933,-44.185078
44.345493,44.916264,45.552387,45.87289,46.177444,47.959064,49.676945
50.39434,50.93809,51.472645,51.41639,51.35882,51.78612,52.209892
49.31775,50.65411,51.960808,54.13784,56.33092,56.88358,57.49993
-8.799063,-7.948204,-7.096996,-8.769822,-10.434636,-12.517361,-14.573877
29.739872,29.021215,28.36699,29.561031,30.770525,30.802555,30.89598
-37.685062,-36.39971,-35.106926,-35.345444,-35.586407,-37.210663,-38.848984
-54.297527,-54.99272,-55.74475,-53.580643,-51.40381,-50.50306,-49.55362
-33.54403,-34.782196,-36.023403,-37.59691,-39.184505,-39.242115,-39.351955
-10.713741,-11.791665,-12.876563,-11.30868,-9.749299,-7.7889104,-5.8616567
17.140608,15.902801,14.643984,14.841397,15.046357,15.651261,16.279444
20.944721,20.170252,19.458418,19.055672,18.667952,17.378881,16.148687
-37.945698,-38.718925,-39.468887,-40.14905,-40.842484,-40.307053,-39.81928
-112.07101,-113.60116,-115.1187,-113.64943,-112.17936,-110.70138,-109.218216
-6.1678014,-5.6029,-5.025658,-4.270757,-3.5311239,-2.5413253,-1.6117742
-79.72139,-80.217026,-80.65235,-79.54874,-78.44325,-78.25119,-78.05502
53.918316,55.443104,56.971657,57.79755,58.637764,58.860783,59.128284
0.42345652,-0.15067282,-0.69573015,1.2387844,3.1639504,4.4618483,5.730505
-118.346176,-118.67205,-118.94473,-118.841446,-118.723885,-120.02979,-121.28628
-11.616294,-11.65105,-11.62671,-11.328761,-11.048814,-11.286631,-11.5951395
-22.41171,-23.936665,-25.518559,-23.928385,-22.326761,-22.329298,-22.282166
13.892516,14.561051,15.271611,16.19864,17.115913,17.720268,18.27931
37.565903,37.97085,38.32884,36.07939,33.83173,33.158085,32.49842
29.442825,31.093609,32.81459,33.6117,34.4136,35.53563,36.677933
23.066872,23.394398,23.745695,23.21707,22.70232,22.849886,23.047148
-103.82287,-104.189255,-104.56377,-103.54208,-102.52344,-103.61331,-104.714645
-24.013773,-24.474155,-24.965607,-24.401476,-23.820242,-21.21908,-18.555866
18.373613,18.208189,18.05451,16.638163,15.226009,15.882669,16.556707
-100.778755,-99.70234,-98.6739,-100.57951,-102.48705,-102.03831,-101.594505
-24.59723,-25.887615,-27.122559,-28.26704,-29.404303,-28.94511,-28.460815
59.297073,59.215885,59.20146,60.24967,61.277966,63.0281,64.71248
-71.381546,-72.32623,-73.25408,-72.760155,-72.28198,-71.71514,-71.20063
91.77055,92.71046,93.71298,92.42906,91.1625,88.4886,85.89164
79.253914,80.37472,81.44704,80.539345,79.640114,80.50376,81.40092
-56.801914,-57.26315,-57.675014,-58.54639,-59.429115,-58.36043,-57.338985
-34.583847,-32.7592,-30.965313,-31.488602,-32.012108,-33.44037,-34.870888
1.2481508,0.16045856,-0.92439747,-2.676198,-4.441531,-6.322467,-8.254867
-6.2024026,-6.394852,-6.6355243,-6.9006352,-7.1695857,-7.6821656,-8.206801
-43.5773,-44.793114,-45.96721,-46.994392,-48.0103,-50.190468,-52.324947
5.452806,5.174966,4.9272313,4.5259004,4.1086073,4.025965,3.8865101
-18.161835,-19.14208,-20.175838,-20.22631,-20.273243,-20.753323,-21.216702
41.703693,41.6583,41.561024,41.93455,42.317375,43.220676,44.156742
4.428869,3.7506788,3.0080035,1.832827,0.6762756,0.15200913,-0.29927194
-19.143253,-18.835463,-18.488592,-17.873365,-17.254522,-17.664202,-18.053858
-0.96409225,-2.1820724,-3.3661494,-2.687149,-2.0268066,0.72388494,3.4064724
-27.73805,-27.483515,-27.17504,-27.553974,-27.943926,-27.271357,-26.638529
-49.721535,-49.851364,-49.979023,-51.42026,-52.87926,-51.16317,-49.51528
41.960045,42.967094,43.9466,44.842922,45.744873,47.2523,48.78403
-2.1137247,-1.9989182,-1.8406218,-4.645778,-7.4376817,-8.542066,-9.594712
148.11188,148.51556,148.85555,147.22961,145.59772,142.88925,140.16086
-67.96429,-69.82377,-71.714294,-72.57891,-73.4468,-74.48398,-75.53859
58.147587,59.25058,60.350586,60.03793,59.733635,58.408672,57.119522
-10.0428295,-10.440998,-10.790213,-11.270734,-11.749456,-12.000561,-12.2474
-38.720963,-38.711018,-38.715,-37.875797,-37.05292,-35.511364,-34.038292
53.309853,52.27323,51.269726,49.322273,47.39046,46.360523,45.396725
44.285694,43.190937,42.057785,42.978996,43.888203,44.574497,45.220623
9.535753,9.1063175,8.721415,8.813093,8.906872,8.115713,7.3295403
2.6126332,1.9451623,1.308661,2.9477124,4.569773,6.118214,7.5962377
81.7587,81.56453,81.31633,80.152374,78.97871,77.63647,76.25792
30.916473,29.849817,28.784496,29.25037,29.725754,29.675085,29.662754
3.8209455,3.5754812,3.3150647,5.0899477,6.8802314,8.1798525,9.537083
43.295002,42.795357,42.30639,42.031,41.743702,41.910896,42.03275
-1.2726548,-1.1479287,-1.0579126,-1.2394521,-1.4122734,-1.4204714,-1.3816187
8.895368,9.084298,9.228265,10.03915,10.85116,11.912962,12.978887
-48.891003,-49.82243,-50.68809,-51.04909,-51.42836,-50.171673,-48.98471
-1.8880248,-2.229762,-2.6378636,-3.3147025,-3.972075,-5.0799017,-6.1181536
91.10819,92.515305,93.96689,93.41115,92.87041,91.69988,90.59828
46.004314,45.651897,45.320503,45.53925,45.75689,45.321358,44.888317
-80.256035,-80.71158,-81.141785,-79.57317,-78.01981,-77.13447,-76.31304
24.077332,25.189606,26.256458,24.722076,23.183495,24.197273,25.187233
-9.598094,-9.97205,-10.276481,-8.5635395,-6.846249,-6.797081,-6.7278523
-55.850544,-56.02495,-56.197906,-55.335243,-54.47661,-52.48977,-50.518288
32.287342,30.914057,29.479507,29.5067,29.534378,28.505848,27.475922
16.830193,16.971985,17.105824,18.843298,20.566341,20.589014,20.558897
6.302601,6.713499,7.066923,5.468296,3.8740575,2.495386,1.141653
15.68107,15.169933,14.657827,13.592598,12.535564,10.618141,8.734037
73.51528,71.943825,70.41815,70.375916,70.326096,71.85928,73.36438
-82.82949,-82.53575,-82.2749,-80.95476,-79.62249,-77.83353,-76.002525
-19.595272,-20.187923,-20.793465,-20.539667,-20.273315,-20.039198,-19.766302
-18.014395,-18.139545,-18.306667,-19.44741,-20.5847,-22.146742,-23.698973
19.98369,19.798271,19.60177,21.269098,22.952648,23.328905,23.770374
-14.590333,-14.225033,-13.811876,-14.993406,-16.158768,-17.66341,-19.101345
16.289427,16.532526,16.82996,17.129885,17.431799,17.4895,17.552908
58.800198,58.560875,58.334843,57.26135,56.17101,54.902317,53.575283
-22.303793,-21.985748,-21.632341,-21.813334,-21.99985,-21.203897,-20.430628
-40.04515,-39.07106,-38.15746,-37.383327,-36.600983,-38.05539,-39.479153
37.272842,38.092506,38.88388,41.692966,44.497917,47.123825,49.738373
-74.3417,-75.729164,-77.096375,-75.65976,-74.23941,-73.3546,-72.52714
103.91216,105.10062,106.34421,105.76299,105.18288,104.730354,104.28109
-79.72884,-81.05865,-82.44928,-81.78111,-81.10229,-79.60317,-78.06605
64.31631,65.25065,66.25177,67.64433,69.04096,68.69959,68.37115
-8.580332,-9.6267605,-10.62484,-10.457928,-10.281837,-10.939865,-11.553186
60.412968,58.60185,56.77559,55.891167,54.99325,54.63771,54.23204
55.534954,56.35384,57.11832,58.194176,59.27786,57.68057,56.10841
-23.522717,-23.624355,-23.661852,-21.42252,-19.189709,-18.7687,-18.37859
-4.4423037,-4.3502192,-4.204638,-2.8350704,-1.4653537,-1.3865182,-1.3040683
-11.92893,-10.637494,-9.339625,-9.5462,-9.734212,-9.862932,-9.920383
20.058424,20.570765,21.04581,20.385807,19.720999,20.545803,21.353338
-28.08054,-28.701773,-29.326933,-27.848211,-26.360033,-26.737345,-27.080536
9.120991,9.290127,9.476461,8.30636,7.122414,5.7935586,4.413342
-1.6282654,-1.4114037,-1.2112226,-0.58454895,0.034169205,-1.3506517,-2.7616901
-35.791527,-35.396667,-34.993683,-33.26232,-31.527075,-33.135166,-34.73275
0.69813776,1.2051969,1.7767515,1.2713342,0.7528219,-0.33209512,-1.4715786
8.558533,8.934806,9.27805,9.0485735,8.823749,8.672718,8.541304
2.9123201,2.6921806,2.4058428,1.7309837,1.0491047,-1.3792677,-3.8310242
-23.15145,-23.346106,-23.553995,-23.332287,-23.091965,-23.812338,-24.455881
-15.391165,-13.196566,-11.049791,-11.208126,-11.351763,-11.874888,-12.334946
32.656406,32.78607,32.90381,32.519726,32.13181,31.71369,31.283325
61.040665,61.70098,62.41116,60.963135,59.510544,59.320946,59.12081
-58.87212,-59.452972,-60.00001,-60.158733,-60.334087,-57.892536,-55.518425
-17.3808,-17.561375,-17.671562,-18.573051,-19.462868,-19.125557,-18.742237
2.7554228,2.6809237,2.606253,3.9076731,5.2135262,6.2463584,7.300714
71.42309,71.451836,71.46055,70.77088,70.092705,70.635185,71.2226
-25.061625,-25.133833,-25.236223,-26.077127,-26.916689,-29.437809,-31.95573
-11.191684,-11.292026,-11.339933,-10.02454,-8.695815,-6.514752,-4.2892027
-31.075932,-31.97395,-32.806713,-33.8943,-34.964787,-36.677383,-38.321144
-64.87809,-63.966064,-63.021763,-62.456303,-61.873444,-59.937073,-57.939972
-37.09271,-38.266872,-39.390842,-39.012302,-38.63898,-39.604897,-40.59471
48.440384,49.779716,51.18203,50.661766,50.12143,50.883053,51.577393
18.65369,20.093866,21.578705,20.934816,20.290531,19.123674,17.957787
-3.1542337,-2.8233936,-2.4738452,-1.9171342,-1.3605736,-1.1414975,-0.9196556
86.11262,86.688576,87.329605,85.917145,84.51248,82.068954,79.65201
77.779655,77.4681,77.12998,76.6393,76.13731,76.49898,76.82031
13.079021,13.061462,12.988976,11.205156,9.4349785,7.4773307,5.576017
25.676596,26.217453,26.824059,25.920122,25.025467,24.992186,24.999289
86.77097,88.279106,89.81823,89.25288,88.69519,88.59141,88.51387
-34.44973,-34.066086,-33.693306,-33.812958,-33.919243,-33.42089,-32.872375
-4.7482777,-5.4721828,-6.2085867,-6.4455085,-6.6704636,-8.508929,-10.296731
-38.54198,-39.20127,-39.89418,-38.8967,-37.906387,-36.3487,-34.823654
42.10339,41.64095,41.16238,42.759296,44.345318,44.131035,43.874065
64.132706,65.21943,66.29852,65.80111,65.312935,65.88589,66.494125
-22.332615,-22.176748,-21.9873,-21.954144,-21.933437,-19.886444,-17.889952
78.73482,79.78952,80.86648,80.86084,80.84395,80.040474,79.20021
-6.914029,-6.771514,-6.570823,-7.0585213,-7.561049,-8.603415,-9.708769
-45.92483,-46.66529,-47.371384,-49.460262,-51.533295,-52.56048,-53.52439
83.2158,81.35973,79.556206,78.52437,77.50222,76.340706,75.219864
15.034214,15.541617,15.997276,15.476905,14.938263,12.697643,10.383926
12.06576,13.055034,14.074306,14.703431,15.333346,13.720804,12.115449
-28.870913,-29.165781,-29.470114,-28.81987,-28.170954,-28.109863,-28.0589
16.576805,17.116312,17.702227,16.483847,15.279204,13.982884,12.74196
40.73588,40.714943,40.663136,41.496307,42.318077,42.09655,41.829735
-1.906264,-2.046027,-2.1868446,-1.1269633,-0.06759992,0.12523207,0.30777773
-16.273613,-16.713018,-17.145956,-16.468594,-15.785992,-15.017191,-14.226504
20.223251,19.398815,18.582405,18.895723,19.20741,20.039448,20.868671
8.072253,8.554767,9.081314,8.195978,7.3015165,5.7672944,4.2077746
3.2176054,3.5422218,3.865969,2.591317,1.3179052,-0.42128927,-2.159423
-40.727173,-39.773685,-38.817654,-38.371525,-37.942802,-37.32201,-36.768612
77.3245,78.517044,79.70188,79.161224,78.61513,76.44229,74.25349
-2.0897388,-1.351726,-0.64560324,-0.6001906,-0.56496817,0.19165914,0.90581757
-18.927248,-19.072638,-19.207108,-18.521603,-17.82701,-17.179071,-16.498968
88.80655,89.128174,89.39505,88.3109,87.21497,86.52014,85.77994
-23.911343,-24.96011,-26.035057,-24.98885,-23.93523,-24.159225,-24.350046
24.427872,25.337215,26.210897,26.202034,26.210384,26.449574,26.745481
2.8465421,4.2820106,5.7178855,4.557035,3.408363,2.6390035,1.9169556
-34.25501,-34.7947,-35.29483,-36.700386,-38.111305,-40.051193,-42.007492
5.0712724,4.8389153,4.650989,5.5957556,6.528261,8.770331,10.965384
-58.7381,-59.264572,-59.753956,-57.22951,-54.697754,-54.870617,-55.014275
48.569077,47.69539,46.763844,46.701145,46.644962,46.029858,45.441483
29.079077,27.28401,25.555235,25.901958,26.234987,25.078207,23.869425
25.539656,23.940035,22.320524,23.591747,24.867367,24.935144,25.013714
-2.748469,-3.709645,-4.6520286,-1.2654139,2.1146386,2.7778904,3.4115374
-7.770096,-6.983474,-6.2077937,-7.208523,-8.208687,-9.899196,-11.590557
28.563862,27.932281,27.318764,28.394627,29.480831,29.575932,29.704424
-9.51242,-9.666621,-9.895936,-10.267376,-10.64841,-9.831112,-9.05059
-5.1967063,-5.463472,-5.7270617,-7.786876,-9.852094,-9.275738,-8.723198
-96.97983,-96.86659,-96.76008,-95.00979,-93.27719,-92.301414,-91.39313
-8.395908,-8.607601,-8.831612,-9.39703,-9.946306,-11.667044,-13.334251
16.131575,14.635453,13.1167755,13.055526,12.9813,12.896382,12.755058
48.058983,49.24724,50.39956,50.75723,51.124935,50.047466,49.01351
-17.615248,-16.312323,-15.029456,-14.313966,-13.610067,-11.795801,-10.031754
-26.972044,-28.147228,-29.38646,-30.638306,-31.909637,-32.56838,-33.2957
-1.63851,-2.3206704,-3.0317008,-3.0853956,-3.1336334,-3.2947621,-3.4345944
-16.848999,-14.306881,-11.80533,-12.107121,-12.422794,-12.659864,-12.950356
0.98114175,0.9400498,0.8967387,0.9160573,0.93648595,0.38468522,-0.16242917
-3.422922,-3.47148,-3.5887146,-4.4059668,-5.2233214,-5.6561027,-6.083465
-18.319084,-18.665627,-19.06217,-16.469091,-13.857806,-13.991023,-14.0542755
-25.052937,-26.48435,-27.899143,-29.813951,-31.731642,-31.816868,-31.915676
4.840751,4.696938,4.5929065,4.3506374,4.113199,4.4128337,4.732305
27.686323,28.897089,30.103254,30.89279,31.669247,32.70571,33.688095
3.3997414,4.4911265,5.5768313,5.6122966,5.6552463,5.791824,5.9545627
23.448524,23.024439,22.525452,24.887672,27.229607,27.62276,27.942558
5.980973,6.6221175,7.272138,6.599912,5.9160523,4.9216456,3.8858495
7.1920886,7.2889037,7.357654,7.017339,6.6614394,6.349814,5.9789767
-17.874235,-16.670935,-15.409361,-15.919458,-16.446056,-16.083601,-15.7788315
-77.3289,-77.19208,-77.07526,-74.9628,-72.861565,-71.21405,-69.61327
-24.76802,-24.858282,-24.901522,-23.612747,-22.307295,-22.379082,-22.392275
-59.222828,-60.810257,-62.368416,-61.372837,-60.392097,-58.742203,-57.153168
-8.386706,-9.311615,-10.211532,-9.632926,-9.057412,-10.612547,-12.1846285
35.34182,35.79141,36.296104,36.673645,37.056637,36.16604,35.298767
9.433043,8.759626,8.090253,9.162996,10.243868,8.994913,7.7843447
-17.229006,-17.086624,-17.003359,-16.458925,-15.898654,-15.88517,-15.812398
-12.159758,-13.248865,-14.360994,-13.996334,-13.635857,-13.660486,-13.703247
-26.114256,-25.493053,-24.88255,-25.233967,-25.58458,-23.483067,-21.378248
5.603865,5.804105,6.002795,6.0769167,6.1432953,5.9081435,5.6467023
53.28032,54.27755,55.31221,54.4731,53.651962,54.756523,55.924194
98.00424,98.14681,98.36121,98.2202,98.07379,96.07318,94.05249
69.00564,68.97208,68.91223,66.24155,63.589558,61.8104,60.09406
-2.0706046,-3.4143126,-4.8040376,-3.9082072,-3.004598,-1.8948578,-0.7610286
-7.625741,-7.3170333,-7.064569,-7.957067,-8.843915,-10.114247,-11.36388
-1.6014255,-0.9481615,-0.22195235,-0.5710305,-0.9378041,-2.0420413,-3.2119455
-13.879687,-14.610645,-15.403973,-17.012812,-18.634882,-19.762943,-20.936958
-41.536945,-40.642757,-39.737144,-41.003784,-42.28425,-42.747295,-43.268505
-40.71739,-39.83471,-38.899754,-40.889812,-42.884968,-43.941677,-45.020115
-58.177036,-57.32867,-56.418514,-56.49434,-56.56856,-57.00329,-57.436695
37.16641,37.69056,38.244644,39.203453,40.164425,40.34225,40.53058
-8.000874,-6.267351,-4.531721,-3.5873146,-2.6615286,-2.6097622,-2.635851
41.758175,41.905087,42.092106,43.43375,44.781925,44.93703,45.11764
62.244083,62.66645,63.06182,62.217564,61.36096,61.797882,62.182316
24.340681,24.519987,24.722925,23.867807,23.001907,23.961542,24.88045
53.879684,54.035194,54.213898,54.599644,54.96978,55.673252,56.320618
70.971794,71.52175,72.07769,70.1561,68.22154,66.560326,64.84343
-3.095677,-3.015326,-2.8907962,-1.9884114,-1.0699143,0.6820531,2.4873652
71.10573,73.05882,75.02707,74.80263,74.59621,73.54521,72.564926
32.912395,33.030552,33.15072,32.968914,32.769817,32.54335,32.24814
-33.832855,-33.422756,-32.999424,-32.620308,-32.240154,-32.754814,-33.259487
-28.467012,-27.745892,-26.96617,-26.437994,-25.898457,-26.120174,-26.309734
16.130737,16.264479,16.42599,15.722197,15.023534,15.478031,15.950467
-24.079973,-25.746672,-27.385483,-28.756876,-30.121574,-29.715612,-29.285658
-27.511532,-29.067245,-30.601412,-29.897226,-29.209164,-27.972672,-26.79533
11.33259,11.680774,12.076107,10.277965,8.480232,5.9684815,3.4540865
41.990658,42.145546,42.28875,44.39521,46.486256,48.75451,50.968052
-42.353798,-41.414276,-40.41307,-39.326004,-38.250706,-37.223686,-36.246567
53.57671,54.023026,54.452263,54.283695,54.10314,52.851967,51.55307
19.73833,18.691706,17.687284,19.577902,21.455568,22.791143,24.073917
-28.85895,-30.284786,-31.72944,-31.529064,-31.321772,-31.6622,-31.975718
-65.451355,-66.01574,-66.54657,-66.90292,-67.25003,-68.242584,-69.20322
58.393032,59.46298,60.569687,58.031967,55.5134,51.508945,47.579308
1.0028242,2.0597243,3.0717406,3.0755935,3.084499,3.9749694,4.8827167
-55.80371,-56.371765,-56.989594,-57.99029,-58.981636,-58.51459,-58.013916
-15.749734,-15.502758,-15.276902,-15.747043,-16.205622,-16.952223,-17.655128
-1.4970852,-3.3558764,-5.1979575,-4.446134,-3.7112193,-3.2410045,-2.8318038
1.4656421,1.1650611,0.8547784,2.712539,4.5765142,5.8704433,7.180559
-68.32016,-69.8517,-71.41728,-69.890755,-68.36604,-66.05712,-63.74947
83.96619,84.07433,84.21433,84.30813,84.40252,83.36835,82.34144
5.5190864,5.819427,6.189319,5.567247,4.9313674,4.619678,4.2466063
8.661136,10.322736,11.974931,11.853742,11.726598,10.358146,8.974805
48.417667,48.206562,47.986164,46.35506,44.733715,44.338463,43.977833
-10.316024,-10.591143,-10.843015,-11.485515,-12.118258,-11.961926,-11.771718
-43.574142,-44.406807,-45.273003,-46.341045,-47.421116,-46.057434,-44.73386
78.17743,78.8318,79.471725,78.913605,78.337105,77.99255,77.57512
-52.97658,-53.169262,-53.391678,-54.540745,-55.68323,-56.261715,-56.816525
21.307064,21.41303,21.565514,22.010986,22.46603,23.33209,24.241594
-55.72041,-56.103752,-56.440228,-55.906162,-55.377266,-54.500816,-53.64286
-18.849905,-17.185266,-15.55495,-13.826845,-12.093583,-13.901051,-15.684396
-33.219753,-33.37406,-33.457916,-32.655148,-31.843119,-33.872417,-35.868916
-1.731106,-1.6495426,-1.6355245,-2.5453422,-3.4507744,-5.3053303,-7.1479797
8.102732,6.926673,5.6931467,5.867733,6.0504465,7.2106066,8.395646
-18.322786,-17.042913,-15.809684,-16.912748,-18.011408,-17.865835,-17.707945
8.730436,9.121258,9.525868,9.595953,9.649766,10.135306,10.56086
0.6161126,2.0566652,3.4494197,4.755145,6.0670967,5.4939785,4.9404936
94.69982,95.40412,96.17598,93.74251,91.30878,92.30797,93.309525
-36.07856,-35.87703,-35.66335,-35.788002,-35.911934,-34.647392,-33.376274
-75.06015,-74.77378,-74.42766,-74.49889,-74.55913,-74.92795,-75.24809
2.7954748,2.6084554,2.3649137,1.8755978,1.3749675,2.6492412,3.8840158
19.792135,20.27528,20.793951,19.740162,18.676483,17.293228,15.871527
55.73773,56.31165,56.837517,57.548218,58.271515,57.355927,56.48571
8.75693,8.792704,8.845747,7.0847397,5.3218536,3.1445138,0.95743734
-22.505466,-22.302816,-22.170753,-20.232452,-18.299026,-15.829434,-13.375849
17.861485,18.54702,19.265823,21.245564,23.230736,22.33071,21.450691
-6.1058807,-5.9868298,-5.8644447,-7.9973526,-10.131277,-10.730604,-11.335627
24.405603,25.406946,26.442694,25.046755,23.664715,22.440548,21.268457
-3.7622333,-4.5386405,-5.323811,-5.6557355,-5.9744287,-6.59106,-7.1623397
-57.84208,-59.5184,-61.24518,-60.50953,-59.785824,-58.573215,-57.40128
-9.3140955,-9.136346,-9.010269,-8.54562,-8.088669,-7.2755113,-6.490126
83.19068,83.01769,82.881905,80.832,78.79046,77.24882,75.74716
12.421357,13.278674,14.108703,14.954082,15.799471,15.154894,14.505274
9.523657,9.373069,9.2790165,11.753816,14.2469015,13.092726,12.008254
21.619871,23.905405,26.199188,24.899462,23.584414,21.251108,18.858727
8.217848,8.269642,8.335106,5.6539516,2.9668045,3.7993145,4.6028614
45.808746,46.71061,47.560738,48.773956,49.983814,50.412777,50.8333
-21.232616,-21.20811,-21.225054,-19.520092,-17.803879,-17.571264,-17.293697
-46.667618,-47.24638,-47.839993,-47.809303,-47.7766,-47.351234,-46.92579
-36.337315,-38.67532,-40.996147,-41.482548,-41.969036,-41.49947,-41.026524
-55.715073,-56.97152,-58.289036,-58.245224,-58.192993,-57.96767,-57.70819
-37.502056,-38.09819,-38.752754,-39.801888,-40.83574,-41.058437,-41.221306
17.327621,16.861198,16.329138,17.08279,17.84686,19.39861,20.994282
-33.88253,-34.60261,-35.35552,-34.38093,-33.39525,-33.223003,-33.022316
15.455057,14.919865,14.413809,13.855539,13.304951,11.900458,10.523979
18.57581,19.331926,20.079405,18.454216,16.824707,15.323071,13.803828
23.754929,23.055454,22.377823,21.110415,19.834156,21.228714,22.590305
1.5690194,1.1468049,0.7344552,0.90316784,1.0909139,1.8055574,2.5859473
8.527061,9.511936,10.565912,9.062299,7.5537624,7.451846,7.331891
-75.018265,-74.55449,-74.101234,-73.30005,-72.48639,-72.22165,-71.91124
4.59907,3.0302377,1.4926581,0.08535428,-1.3348584,-0.3620897,0.56613964
77.76333,77.85171,77.97019,79.577446,81.19886,81.14649,81.14912
-7.946531,-9.238545,-10.482073,-11.179109,-11.877246,-11.6008,-11.328963
-29.771856,-29.344776,-28.973984,-29.187681,-29.406427,-28.725828,-28.073015
-82.2722,-82.24078,-82.217514,-81.63134,-81.05973,-79.13142,-77.267296
0.8513862,-0.241578,-1.2964829,-0.08367242,1.1312171,0.8780433,0.62434304
-10.856971,-11.189734,-11.57548,-12.702493,-13.825572,-15.6223345,-17.408815
58.26216,58.62763,59.017033,58.0,56.989304,55.67942,54.393654
2.0378318,2.0419946,2.0215993,3.5565095,5.087326,5.995236,6.8862863
8.177884,8.540294,8.941798,10.292542,11.656213,14.341142,17.075314
22.602865,24.363842,26.056484,27.419,28.797235,31.088182,33.440838
71.47638,73.484276,75.48546,73.8759,72.249596,70.45592,68.59919
9.351318,8.6201725,7.959499,8.63055,9.311721,8.942657,8.609018
36.31263,38.467888,40.680103,39.67011,38.67249,36.459118,34.2961
-73.31672,-74.21671,-75.17491,-74.32037,-73.45782,-73.87458,-74.26352
-39.1497,-39.941723,-40.76375,-39.617172,-38.46533,-38.773804,-39.06522
-123.604866,-125.244804,-126.94863,-125.748184,-124.54316,-123.44126,-122.316154
-70.63802,-70.50838,-70.40249,-72.16546,-73.94564,-72.47115,-71.06169
29.97259,31.328821,32.67871,32.085278,31.508026,31.335775,31.215927
65.23894,67.43456,69.602135,72.06768,74.54978,73.45968,72.43427
29.216476,29.036488,28.799614,30.542028,32.290447,33.980747,35.690258
17.132452,17.754547,18.39163,19.972736,21.548405,23.700907,25.841043
13.141367,12.340292,11.59384,9.718712,7.8621473,8.011401,8.22825
55.855366,55.53533,55.219337,55.039772,54.84443,52.866623,50.82383
22.739737,23.15625,23.62633,22.401453,21.179771,20.898176,20.63086
-31.216015,-31.203844,-31.262035,-31.343706,-31.41022,-29.638044,-27.80482
-88.27268,-89.33107,-90.3817,-89.49238,-88.60002,-88.00065,-87.38276
30.533615,31.294128,32.026276,31.909122,31.809801,30.008091,28.271893
20.23884,19.970379,19.722221,21.10114,22.464172,22.308805,22.08617
-4.704968,-3.826777,-2.9592557,-2.694203,-2.4141335,-0.07807405,2.3078837
68.079575,68.15218,68.261055,67.48149,66.69218,67.12963,67.52191
45.364426,45.33455,45.314938,45.870693,46.416874,47.688194,48.917824
-80.08712,-80.28618,-80.47882,-77.199104,-73.923775,-73.12537,-72.347534
128.4593,129.19905,129.95094,129.72118,129.49332,129.0252,128.55562
58.092197,57.385204,56.71038,57.655373,58.60729,58.4988,58.415726
60.064926,59.694458,59.296402,59.32006,59.354656,59.05539,58.799393
-13.725623,-13.872601,-13.9661455,-15.380099,-16.787052,-16.180958,-15.549606
20.053944,19.602468,19.106546,19.828653,20.55612,21.675224,22.814905
-0.2741544,-1.0729,-1.9385245,-1.4679654,-1.0110662,0.86877704,2.7045667
60.860966,59.468414,58.14649,59.186623,60.24174,61.037426,61.885426
-1.801867,-2.239262,-2.636517,-2.3825707,-2.1388688,0.24625352,2.5930781
-97.31285,-97.06278,-96.81728,-97.81551,-98.83221,-98.28472,-97.800514
-85.27878,-86.375305,-87.45773,-86.08982,-84.73338,-83.10405,-81.522095
18.337963,17.972408,17.62536,17.813765,18.017157,18.821905,19.68027
7.733696,8.57958,9.359979,9.523998,9.703299,10.944344,12.239289
-15.187776,-16.287071,-17.40481,-16.316198,-15.240527,-15.251208,-15.312263
-14.726336,-14.923272,-15.081298,-13.189027,-11.283395,-9.815972,-8.300557
-16.239588,-17.139282,-18.10285,-17.77046,-17.428541,-16.094091,-14.732571
40.923916,40.1578,39.342625,37.48552,35.61397,33.089718,30.512222
-3.610704,-4.9471803,-6.2776837,-6.784227,-7.2960725,-7.8178334,-8.361455
39.00916,39.32347,39.62166,38.751156,37.892075,37.176064,36.51142
8.547616,7.519368,6.502708,4.923346,3.3340697,1.9293494,0.4924226
-7.2866173,-7.4732056,-7.6129837,-7.9474964,-8.27836,-7.600334,-6.9024467
84.65803,86.08626,87.47167,86.033615,84.57605,84.07225,83.50395
-86.25804,-86.72706,-87.20993,-87.47627,-87.75522,-88.5153,-89.32504
-3.6156852,-4.344247,-5.004465,-5.2181253,-5.4226246,-6.687248,-7.912238
-6.2365427,-5.6014047,-4.936844,-4.0579066,-3.1730833,-3.6722283,-4.144097
20.703587,20.880339,21.068909,21.048111,21.011858,20.867016,20.655586
-24.420238,-24.19509,-23.935287,-25.757666,-27.566174,-29.39451,-31.171059
68.01926,68.39631,68.77575,70.505005,72.228096,72.52637,72.79643
-16.75828,-17.264894,-17.796524,-18.682167,-19.558653,-19.179523,-18.759474
-13.347831,-12.506237,-11.673383,-9.756352,-7.8474927,-7.934958,-8.0585785
44.162674,46.140343,48.16694,49.220474,50.26222,51.452274,52.59632
31.588991,32.069324,32.57768,34.054573,35.51653,36.73897,37.903515
40.495903,40.058495,39.60934,40.44235,41.290558,40.37864,39.527786
-29.60076,-31.045023,-32.447178,-33.08752,-33.718376,-33.52122,-33.285915
-40.78628,-40.760193,-40.6735,-40.07247,-39.48462,-38.252434,-37.064495
0.75121576,-0.14408036,-0.9966261,-0.27824137,0.42778376,3.67041,6.870702
-20.470142,-19.485504,-18.440521,-19.985292,-21.525536,-23.420418,-25.300491
-8.8899145,-8.001342,-7.147103,-7.978701,-8.817566,-10.758115,-12.723554
-5.1867857,-4.5303526,-3.883065,-3.5444248,-3.1900146,-3.1135452,-2.9842937
-22.693165,-22.211815,-21.75665,-23.212519,-24.670357,-24.308174,-23.956871
30.77125,30.914053,31.061626,32.13184,33.205605,31.361528,29.520668
16.504961,16.107393,15.712611,16.44338,17.183958,17.889627,18.62979
13.668056,12.362555,11.0365505,8.772331,6.501564,6.1732187,5.8167734
53.252567,53.31351,53.344917,54.605133,55.85392,56.32405,56.751648
-2.8418555,-3.2596111,-3.6185691,-0.9815021,1.655951,2.6605124,3.659532
-27.568249,-28.772577,-30.0354,-28.821857,-27.611029,-27.309404,-27.022541
69.58752,68.789,67.984566,68.85169,69.73592,70.0816,70.4981
-33.02982,-33.127487,-33.216167,-32.627155,-32.020737,-31.840635,-31.590597
-20.560331,-22.203377,-23.85273,-23.383776,-22.926966,-22.394796,-21.919641
5.323203,5.219277,5.0588937,4.3266892,3.5809414,4.390255,5.146567
69.417816,70.230835,71.09329,70.64949,70.20356,69.670685,69.12793
80.252205,80.4224,80.550606,79.644005,78.730934,77.45003,76.14916
17.497478,17.257776,16.989582,16.990726,17.000238,17.532198,18.098892
-9.755102,-9.007443,-8.219691,-7.7674704,-7.3320026,-6.688533,-6.109599
-35.838985,-34.809795,-33.776443,-32.29441,-30.799597,-29.594078,-28.338678
18.054764,17.7116,17.379215,14.94255,12.48779,14.863556,17.177032
51.606857,51.303345,51.068356,51.36944,51.688297,53.4168,55.214096
-70.00631,-71.06194,-72.1473,-72.33901,-72.54321,-73.60537,-74.71266
-61.559742,-61.340145,-61.116226,-62.88609,-64.64949,-65.09082,-65.51051
-115.40641,-115.31904,-115.18798,-113.99229,-112.797676,-110.85578,-108.92103
45.182564,45.578903,45.939255,44.93994,43.95705,43.028812,42.156765
62.153484,61.279137,60.39106,60.472076,60.546158,60.04577,59.51207
28.993238,29.76926,30.520725,31.947495,33.365158,33.810223,34.221436
-63.1361,-64.187065,-65.28299,-66.37536,-67.461525,-67.844986,-68.209785
47.579556,48.923122,50.327877,50.771366,51.217945,51.534977,51.861324
16.460108,17.62437,18.821842,20.626492,22.414673,21.21852,19.95876
19.911901,20.365976,20.880064,21.628523,22.37982,23.670774,24.979162
-11.915589,-12.223037,-12.576215,-12.312127,-12.050151,-10.887305,-9.731265
-56.09389,-56.009624,-55.95391,-56.86521,-57.79232,-59.69091,-61.651077
10.770708,10.506902,10.305243,11.71207,13.122482,13.910019,14.709768
36.534958,38.886353,41.291542,40.72225,40.164326,40.352734,40.586132
45.820667,47.484665,49.161762,51.317776,53.46014,54.356716,55.205845
-79.86355,-80.56859,-81.319115,-80.353386,-79.38799,-76.597435,-73.79929
-25.40595,-24.198685,-23.045275,-22.932358,-22.831778,-19.949438,-17.112883
56.37493,57.765343,59.180206,59.059536,58.953613,58.851776,58.80931
37.753433,39.197094,40.651276,40.250366,39.83564,38.43792,36.99012
-41.88109,-41.55697,-41.22706,-41.72238,-42.203903,-41.45044,-40.647537
13.149061,12.354509,11.6133375,14.462626,17.294277,19.14935,20.939234
-51.527294,-53.91621,-56.35384,-56.815796,-57.272224,-58.621372,-59.94438
-30.068773,-29.660662,-29.247038,-30.218487,-31.18763,-32.86714,-34.53511
-39.230312,-39.5339,-39.84259,-38.838894,-37.834667,-36.943863,-36.05853
3.3295557,2.9275448,2.5519001,0.96711713,-0.6140477,-1.1075875,-1.5838643
-80.86294,-81.305664,-81.72146,-78.9642,-76.21998,-74.67222,-73.17384
-18.84116,-18.910625,-18.93372,-18.66371,-18.402218,-20.689768,-23.012081
12.117906,12.605145,13.15247,12.558232,11.954749,10.412453,8.836614
6.4373646,7.5492043,8.662058,10.117699,11.558994,13.587733,15.563698
89.36435,90.64552,91.97506,89.56939,87.17097,85.07312,83.013145
28.062235,28.45581,28.900288,30.986994,33.08908,34.686005,36.340347
-17.30171,-16.265793,-15.223989,-14.936578,-14.663933,-12.535527,-10.464588
-7.1058817,-7.1906796,-7.3069315,-7.7152157,-8.130053,-7.353829,-6.6070967
41.47619,42.062126,42.71378,43.485035,44.259296,43.465748,42.682564
10.857974,12.259763,13.653539,17.169683,20.679268,23.062918,25.417755
19.103191,19.200136,19.323101,19.400818,19.491535,19.571396,19.701672
-4.406861,-4.417994,-4.392456,-3.8464541,-3.2876785,-4.1178164,-4.898356
67.3847,66.904594,66.41146,67.717,69.01148,69.65955,70.265816
-17.248493,-17.041973,-16.796495,-16.486866,-16.182468,-15.218499,-14.276126
12.568117,12.520561,12.418972,11.165709,9.92394,8.053025,6.229437
2.34232,3.7467222,5.147014,5.824211,6.492942,7.2361693,7.9423113
-71.96413,-73.19385,-74.3879,-73.01274,-71.628395,-72.85766,-74.05471
76.70557,77.95891,79.28566,78.095924,76.90752,76.51953,76.140526
5.6765895,5.6252427,5.5298524,5.242562,4.942723,2.5956743,0.20016836
53.689407,54.21106,54.773785,54.179005,53.586678,53.580402,53.58922
95.429344,95.58219,95.7556,94.009575,92.25555,91.74659,91.20454
-5.3409734,-5.0725045,-4.7647014,-3.6188576,-2.4615018,-1.0276444,0.4526803
113.18801,115.436615,117.67514,115.86196,114.03339,114.16289,114.23148
19.05291,18.386003,17.672659,18.165882,18.674171,18.773592,18.935179
90.98568,92.145805,93.36321,93.995,94.63052,93.32915,92.04342
35.9265,35.66488,35.363556,37.65625,39.95276,41.597942,43.255318
9.143991,9.695633,10.313757,11.478075,12.63022,13.033752,13.386467
8.973893,8.602928,8.21093,8.819797,9.414052,8.247909,7.0311475
29.824549,29.103298,28.316757,29.184425,30.037933,32.008774,33.924286
-90.168304,-91.041695,-91.939354,-90.59559,-89.26606,-87.55752,-85.9091
45.05801,45.44426,45.84098,46.820614,47.800858,46.827663,45.85593
-35.390274,-36.71879,-38.05307,-38.835464,-39.61198,-39.0459,-38.464405
3.2929943,4.817792,6.3387694,5.6666083,4.9943194,3.190329,1.3808398
41.688625,41.488926,41.275517,40.227512,39.17377,38.016293,36.841267
-9.46954,-9.962824,-10.448488,-10.883953,-11.306151,-10.067856,-8.776366
43.435223,42.768448,42.117092,40.76877,39.41763,40.576157,41.726627
55.21606,56.363308,57.492863,55.897636,54.303318,51.13739,47.970493
43.643703,44.534237,45.391506,43.889,42.384506,41.448788,40.505386
3.516485,5.6799364,7.895225,7.150442,6.414439,4.6044154,2.83644
-26.328619,-27.340406,-28.35418,-29.256758,-30.144545,-30.02884,-29.85466
-23.938438,-24.606733,-25.28121,-24.751736,-24.224464,-22.571175,-20.92434
-30.948435,-32.347088,-33.726383,-34.981483,-36.243805,-35.48781,-34.756496
-9.869967,-10.197552,-10.550187,-10.900358,-11.244113,-11.211803,-11.145146
-3.2272356,-3.346382,-3.4392579,-2.091997,-0.7405012,0.22181338,1.1973565
32.353634,32.666428,32.977165,33.605705,34.22621,34.864227,35.479115
14.165177,14.692822,15.29445,16.871777,18.435604,20.66252,22.828623
68.44268,69.21399,69.93707,69.31135,68.67488,68.49839,68.2813
12.168257,11.67991,11.187842,11.681251,12.174976,12.735154,13.299664
-85.771416,-85.82631,-85.871704,-84.8979,-83.91089,-82.505646,-81.054886
-81.42269,-82.657585,-83.87119,-84.012985,-84.14056,-82.941025,-81.68981
-14.94881,-15.184313,-15.465805,-14.146199,-12.834987,-11.803195,-10.7994995
-23.578445,-25.837923,-28.044651,-28.981697,-29.93345,-30.390251,-30.901836
-70.91214,-70.57193,-70.16281,-70.73796,-71.30047,-70.249466,-69.15637
-6.71601,-6.423209,-6.1467657,-6.498786,-6.8391066,-7.3363028,-7.78382
42.886795,43.617638,44.35425,44.450394,44.54245,43.81404,43.07144
12.115341,14.001447,15.842631,17.005682,18.177143,19.657219,21.164816
57.430943,58.832333,60.26744,58.212246,56.169075,54.50919,52.893223
-17.516304,-18.085222,-18.655104,-21.264297,-23.880997,-25.822092,-27.786678
-21.756817,-22.77267,-23.755144,-24.65295,-25.563372,-26.661463,-27.802925
-1.7813113,-2.1038368,-2.4227517,-4.440232,-6.440579,-7.363987,-8.226524
-3.6353247,-4.5367966,-5.440235,-3.337208,-1.2191449,-0.64889157,-0.027679587
-23.823671,-23.051304,-22.280249,-22.802969,-23.33315,-21.787222,-20.276041
-86.81174,-85.93394,-85.04936,-85.497,-85.95951,-84.78419,-83.66745
42.01948,42.73768,43.50309,40.973263,38.44438,37.51932,36.60673
14.255632,15.118342,15.944845,14.486631,13.038341,11.610902,10.220174
-16.657953,-17.502554,-18.285532,-18.400877,-18.511065,-19.193472,-19.857307
49.859676,49.64272,49.47836,50.411167,51.351093,50.995987,50.667744
54.45592,54.200943,53.91555,54.372738,54.832626,55.34182,55.86022
5.7309427,4.583247,3.4549725,4.0150504,4.578755,3.8526103,3.1423934
-7.1648383,-8.208238,-9.281958,-10.049586,-10.803694,-9.545323,-8.234763
-10.000277,-10.503483,-10.945299,-9.113266,-7.274017,-6.2072597,-5.1169724
-32.20181,-32.904076,-33.669815,-32.220337,-30.77571,-32.844563,-34.934006
11.5926,12.548437,13.544924,13.019656,12.490492,12.84968,13.195839
-81.68048,-82.8446,-83.96478,-82.50295,-81.051125,-78.83553,-76.665215
19.572506,20.284096,21.02684,22.192434,23.347874,23.878155,24.36586
55.597443,55.27207,54.91416,56.747467,58.57608,58.20795,57.81821
21.225037,21.422333,21.58479,21.351385,21.111427,20.261017,19.38686
-47.020245,-46.867565,-46.73914,-46.15353,-45.576992,-46.039455,-46.539436
21.58918,21.041224,20.428785,20.855343,21.277075,21.018894,20.741255
3.386499,5.7817087,8.235771,8.140716,8.058829,7.7342677,7.460901
-45.350216,-44.9323,-44.59057,-43.954533,-43.327393,-41.95939,-40.62055
-10.841334,-11.877458,-12.919486,-12.7429495,-12.571538,-12.740687,-12.92731
20.66294,19.658873,18.620451,17.469847,16.31675,16.378284,16.431738
-8.335669,-7.6318917,-6.993708,-5.481585,-3.984217,-2.6021483,-1.274008
23.408627,23.438475,23.529875,23.17919,22.838749,21.445402,20.088985
40.344055,40.773792,41.26992,42.367737,43.480206,44.060307,44.68997
-66.19072,-68.04687,-69.93057,-68.825935,-67.713036,-67.18182,-66.61942
3.450092,2.5305555,1.5895706,0.93248904,0.28993383,-0.11724888,-0.47310862
14.273514,13.535015,12.729248,13.059195,13.38038,11.478186,9.545037
2.1305377,2.856352,3.5403383,2.0646985,0.5869425,-0.880181,-2.3535388
24.671717,23.950893,23.20446,23.114714,23.018915,21.38219,19.72098
46.311718,48.9641,51.629253,51.457474,51.30325,52.734383,54.23399
14.404222,14.460199,14.479297,13.611691,12.75456,13.081493,13.447529
2.5344872,3.4897814,4.45949,4.0248013,3.573795,2.943112,2.2569168
-34.877068,-34.39289,-33.886017,-33.28167,-32.6947,-31.93433,-31.233395
4.2619715,4.639043,5.032111,5.464179,5.9037294,5.536523,5.196666
-33.211952,-32.57103,-31.958994,-31.485605,-30.996746,-29.110668,-27.166574
16.146326,17.231382,18.285423,18.332106,18.382345,19.210806,20.048521
-33.887756,-34.936737,-35.985035,-35.110226,-34.24165,-35.72933,-37.24667
28.159374,28.28982,28.367273,27.233196,26.115038,24.610617,23.169981
43.05468,41.50313,39.9984,40.725338,41.44619,39.556194,37.636997
-40.189224,-39.866886,-39.491314,-38.88585,-38.28607,-37.133762,-36.003483
-2.1716645,-1.8622509,-1.5038553,-0.977837,-0.4585542,-0.23445481,-0.033453397
-28.981295,-30.222614,-31.453312,-32.408585,-33.37272,-34.026924,-34.71303
33.66148,32.907753,32.199753,31.80834,31.401346,29.751478,28.04514
83.64898,84.81411,86.01702,85.738525,85.45612,84.098076,82.73063
-73.0525,-74.5095,-75.93253,-76.01028,-76.09252,-75.97529,-75.87616
35.027885,33.498947,31.929047,30.983612,30.052166,30.24999,30.505447
74.36849,74.12291,73.91631,73.04282,72.18363,72.993996,73.86329
-75.201004,-75.18945,-75.11463,-74.5296,-73.94383,-72.941444,-71.93486
-8.443789,-9.069753,-9.743208,-11.083154,-12.428698,-13.330001,-14.248847
-37.597454,-37.280327,-37.02133,-35.647755,-34.2788,-32.957485,-31.66053
-38.94281,-38.860023,-38.734352,-37.500763,-36.253754,-36.886154,-37.467747
-8.977883,-9.065497,-9.128188,-9.367435,-9.590901,-9.344363,-9.043696
-28.11504,-27.601711,-27.023607,-26.273819,-25.511297,-25.706993,-25.859432
-52.810146,-52.98756,-53.138107,-52.76537,-52.411396,-51.270397,-50.199795
32.33891,33.144283,33.990883,33.61383,33.225803,33.062138,32.858276
41.45232,42.491222,43.519672,44.13063,44.74347,45.64758,46.559902
-33.019432,-31.93731,-30.791212,-29.754957,-28.718344,-27.895765,-27.070555
-52.154694,-50.86901,-49.53462,-48.69264,-47.868008,-46.622906,-45.44334
100.29517,101.1566,102.08253,103.69636,105.310905,104.58439,103.867195
21.851166,22.41702,23.04233,23.504362,23.96414,22.613585,21.25535
-2.3634102,-2.2507756,-2.1496136,-1.581651,-1.0300438,-2.8269608,-4.6930056
-26.36493,-27.79354,-29.252586,-29.42802,-29.607634,-30.54683,-31.497831
10.340384,11.54175,12.751132,12.239541,11.740141,12.364046,13.041483
29.080778,28.272762,27.469347,27.98157,28.501806,29.237337,30.00448
25.30327,25.291924,25.21425,23.845022,22.474657,20.3266,18.169443
31.945791,33.640762,35.364876,37.890438,40.39955,40.197403,39.931526
-47.36199,-47.392715,-47.353973,-48.023087,-48.70546,-47.003254,-45.359222
4.5065894,3.24765,1.9476097,3.743467,5.5439105,4.153882,2.7861586
-7.5512133,-7.774847,-8.004484,-8.289694,-8.579458,-8.001337,-7.441404
-21.66054,-23.087214,-24.541136,-23.784616,-23.026386,-22.306395,-21.579447
9.421354,10.810137,12.24727,12.855489,13.453127,14.32201,15.147464
-32.299152,-31.474995,-30.597322,-30.405878,-30.198591,-28.346472,-26.428232
19.041492,20.04662,21.013046,21.720032,22.411146,23.241196,24.0053
12.164933,13.5003395,14.806735,15.089278,15.387967,16.303999,17.27646
39.214977,39.42149,39.676865,41.427143,43.185207,43.062763,42.971905
-4.021273,-3.6542351,-3.3159413,-4.568912,-5.8278756,-7.248385,-8.693409
-2.0370853,-1.4548261,-0.81456643,-0.19564512,0.41109106,1.8448775,3.2195303
-12.245444,-13.816119,-15.415654,-17.60424,-19.789185,-20.915619,-22.025812
-61.82895,-61.552986,-61.34801,-61.329712,-61.32186,-59.373676,-57.46247
57.677177,58.350452,59.090202,59.540565,60.008125,59.686737,59.428295
-9.459203,-9.888607,-10.325024,-11.479202,-12.628779,-13.264924,-13.877814
99.93191,99.550705,99.226326,100.75792,102.275764,103.02441,103.72196
-78.71194,-79.23034,-79.77446,-79.27863,-78.7714,-76.82314,-74.83047
36.84781,36.911766,36.9253,37.59147,38.27371,37.578773,36.950287
73.67371,73.22891,72.75648,72.60188,72.45754,70.56015,68.7102
-5.764449,-7.132428,-8.518651,-9.449088,-10.363053,-12.301803,-14.180826
46.15513,46.510956,46.923054,47.186752,47.458614,47.145695,46.86218
-31.298574,-31.21694,-31.085981,-29.874989,-28.64976,-27.160753,-25.612396
77.092445,76.982285,76.90255,76.2701,75.64391,74.05955,72.49828
28.493408,27.761086,27.082123,27.233393,27.373766,27.186562,26.963017
33.103745,33.54039,33.93922,32.402035,30.846426,31.47015,32.02719
-24.804747,-25.421207,-26.10211,-27.123798,-28.137772,-28.529781,-28.893837
27.876417,28.798292,29.722889,30.228182,30.74286,30.930305,31.158997
-1.6323754,-2.4639735,-3.351448,-4.027625,-4.715865,-4.029573,-3.3921895
15.406805,14.54134,13.603745,14.137706,14.663634,15.15438,15.6116085
-33.973923,-33.174103,-32.39421,-32.305515,-32.206833,-32.51744,-32.794773
46.29571,47.260742,48.22003,49.004707,49.78403,49.983196,50.154507
-42.7965,-43.94866,-45.166245,-43.872322,-42.596264,-42.515957,-42.50561
-80.898026,-80.94982,-80.93768,-79.555695,-78.18938,-77.13968,-76.15511
-4.675272,-4.779164,-4.8660164,-5.8493185,-6.8444605,-6.704676,-6.6116376
101.99969,100.03489,98.03368,98.279495,98.53065,99.46573,100.42336
1.8317214,1.8810247,1.9693724,1.8349742,1.7021674,-0.19433507,-2.082635
8.098487,7.797606,7.5134387,5.890897,4.2755456,3.946389,3.646334
98.71085,98.94502,99.151115,98.570076,98.00105,97.711685,97.47047
-81.7747,-83.58353,-85.45955,-84.97311,-84.500305,-83.00105,-81.55287
45.46245,45.70399,45.909863,44.068592,42.23406,41.454174,40.699368
-16.743227,-17.481321,-18.224352,-16.873743,-15.528018,-14.587518,-13.672546
28.139708,28.09191,28.106533,29.282743,30.470058,27.198814,23.969282
-51.56468,-52.090664,-52.594193,-52.696095,-52.80633,-53.687904,-54.604053
12.981632,12.911932,12.841122,13.127314,13.42287,14.889636,16.388145
-26.466091,-26.07807,-25.696276,-26.278444,-26.862024,-27.422703,-27.983973
23.532255,23.232529,22.872467,21.13073,19.37656,17.92816,16.431232
37.835617,38.543392,39.22106,42.795673,46.373325,46.098206,45.829258
-15.658592,-17.001337,-18.354574,-18.891775,-19.440313,-21.795475,-24.189932
21.259785,22.157978,23.016453,23.01178,23.001501,23.358807,23.691898
48.38947,48.482555,48.505184,47.89526,47.276875,47.954685,48.6041
21.771805,22.073044,22.32411,24.318455,26.310534,26.2886,26.254768
-10.919502,-10.650379,-10.422567,-9.18734,-7.9599648,-8.217426,-8.506676
-31.905294,-31.53098,-31.090834,-30.96695,-30.843975,-31.334597,-31.825615
56.86133,57.45687,58.03061,57.317886,56.60189,55.62465,54.639824
-95.081764,-94.75828,-94.45677,-93.18393,-91.92018,-91.10693,-90.32495
-99.710236,-102.14346,-104.54874,-104.90035,-105.25577,-103.75619,-102.273094
-10.156524,-11.163295,-12.17081,-12.773904,-13.39157,-12.473985,-11.612725
-23.688816,-24.451735,-25.199272,-24.493744,-23.787987,-22.1353,-20.486315
3.212088,2.6845305,2.2161484,1.7314043,1.2359982,4.2435355,7.2081456
-26.276546,-27.120861,-27.982943,-30.893635,-33.787663,-35.49062,-37.130413
12.539431,14.48908,16.39242,16.130005,15.879147,16.661892,17.492748
-28.557392,-27.979862,-27.401705,-27.249245,-27.091059,-27.050686,-26.983507
-64.27188,-65.00221,-65.69316,-62.50874,-59.328053,-59.038563,-58.761524
-50.011326,-51.473083,-53.00102,-51.821262,-50.626587,-50.963463,-51.249622
-2.0281281,-2.1536222,-2.260569,-2.4555078,-2.6659608,-3.4661088,-4.3130193
-19.721956,-17.270037,-14.827075,-17.326693,-19.844278,-20.327204,-20.871904
-19.006546,-18.625866,-18.176758,-17.825798,-17.460945,-17.518173,-17.521606
9.75334,9.345789,8.977663,10.613867,12.251269,13.316557,14.387022
-58.21275,-58.75986,-59.323154,-57.397892,-55.482204,-55.365307,-55.281685
-15.320548,-16.855434,-18.352882,-18.28586,-18.210552,-16.352894,-14.464078
-70.73791,-72.08393,-73.4192,-72.901505,-72.375374,-71.485016,-70.55728
-18.268764,-16.593018,-14.90026,-14.704394,-14.49208,-14.127612,-13.702984
-18.296103,-19.249886,-20.25405,-21.187283,-22.121265,-24.02023,-25.920128
-58.18051,-58.05346,-57.982834,-56.14914,-54.301674,-52.817833,-51.291454
-46.96057,-47.204327,-47.476704,-44.672405,-41.853558,-42.23663,-42.55765
7.224959,4.918901,2.6776075,5.4988346,8.334949,9.7894335,11.2915535
-17.920578,-18.1335,-18.337414,-18.482925,-18.64198,-18.95802,-19.32059
62.942505,63.267166,63.63582,62.273544,60.926147,62.46081,64.051254
-7.677565,-7.4082723,-7.105717,-8.480511,-9.864391,-10.616255,-11.3983135
9.735616,10.147632,10.502402,10.974927,11.45872,11.360118,11.306293
-36.460262,-36.0642,-35.67937,-34.69959,-33.72908,-33.591587,-33.48694
-0.5544695,-0.049581736,0.39178827,0.6958726,1.0157516,0.8349131,0.71522933
69.38538,70.39288,71.39621,69.827896,68.26366,67.965576,67.68435
-53.009666,-53.81242,-54.58022,-54.942993,-55.291523,-53.979034,-52.60668
-23.297901,-22.761059,-22.225922,-23.502977,-24.793684,-24.338675,-23.934725
-24.824293,-26.494995,-28.163246,-26.428474,-24.699127,-23.996395,-23.310375
-8.850188,-11.015983,-13.213294,-13.546197,-13.863862,-14.490283,-15.059539
14.629068,15.026077,15.398918,17.427963,19.467749,18.891933,18.362494
112.1851,113.483444,114.7579,112.377464,110.013535,108.71281,107.47514
-17.473114,-16.531466,-15.5731945,-15.451765,-15.336628,-14.543069,-13.774227
15.735619,15.745287,15.759167,15.845215,15.944128,16.35081,16.808563
6.2539515,5.8848586,5.5513377,6.1912646,6.8334117,8.666389,10.504494
8.077844,8.298563,8.493004,9.925906,11.3776245,10.544043,9.776757
-0.965281,-0.31920147,0.37434673,1.7584014,3.133099,1.571497,-0.018142212
0.37965235,1.4761213,2.5503032,3.640342,4.7159758,4.832376,4.896439
84.13189,84.35802,84.57672,83.53424,82.489334,81.93313,81.36541
58.053467,58.38777,58.71208,58.963005,59.21678,59.839886,60.466595
-33.462826,-32.867474,-32.232895,-33.717476,-35.192028,-36.560993,-37.881695
24.498863,24.878529,25.203888,24.792229,24.389887,24.432404,24.507463
9.167943,9.548037,9.876577,9.39801,8.9343,7.6033916,6.334132
84.122665,83.68648,83.18252,82.62943,82.07753,82.066925,82.06358
-38.706074,-38.568443,-38.386322,-37.176308,-35.949036,-36.297997,-36.581535
-9.873261,-10.694374,-11.518485,-9.105801,-6.6770716,-6.015952,-5.2981257
27.33907,27.623198,27.939966,27.105677,26.25484,24.279032,22.242968
9.58343,10.009755,10.372581,11.580792,12.804774,13.277056,13.816331
9.769684,10.241035,10.785539,10.526497,10.282078,9.41942,8.613686
-56.383904,-57.2632,-58.118057,-58.332455,-58.537113,-58.877003,-59.183994
-51.401363,-52.326046,-53.2736,-53.33418,-53.39175,-54.508446,-55.60888
1.6789807,2.107844,2.5275314,2.38984,2.2571666,2.4026916,2.5694644
15.292207,13.442828,11.643854,9.637098,7.619476,6.154423,4.65179
21.209986,21.751434,22.293371,23.975878,25.652845,28.038614,30.404882
-13.271217,-12.311811,-11.379788,-9.922643,-8.468968,-9.639674,-10.831797
-16.975239,-16.702003,-16.49683,-17.674765,-18.852835,-18.982712,-19.114853
22.94544,23.35094,23.73073,26.736715,29.75001,31.3661,33.012188
67.85142,68.17146,68.45121,68.439766,68.41305,67.815895,67.159645
0.35884926,1.3639848,2.3257263,2.2424371,2.1520565,1.7397163,1.3007104
73.18472,73.338684,73.4764,72.33943,71.189285,71.74487,72.250984
75.77292,76.57392,77.33816,78.367035,79.40849,80.85354,82.33922
54.21995,55.22179,56.29274,57.056984,57.810432,57.72632,57.594807
17.993832,19.405518,20.867807,20.43432,20.006897,19.248297,18.505764
-25.030266,-24.72879,-24.44458,-22.438728,-20.422543,-18.002735,-15.542645
46.71248,45.590942,44.5188,44.037193,43.53844,44.86932,46.13688
-34.171566,-36.009594,-37.87907,-37.676254,-37.49159,-36.229103,-35.032124
-11.252049,-12.962288,-14.69088,-13.929308,-13.149061,-14.24921,-15.276348
35.581886,35.86862,36.11804,35.690872,35.27285,35.534767,35.83226
-16.597755,-16.164211,-15.758404,-14.54509,-13.319446,-12.115541,-10.866178
4.9883046,3.757298,2.468081,0.84248406,-0.7934355,-2.798244,-4.844566
51.56184,52.55482,53.604446,53.33558,53.06862,53.094246,53.13083
-1.3860086,-0.7260693,-0.018151589,-2.1624558,-4.3191147,-3.4382737,-2.600026
-34.75794,-36.502823,-38.208557,-37.330647,-36.459167,-36.067383,-35.701668
55.000805,53.687035,52.413723,53.17075,53.941624,54.91271,55.936787
-120.907845,-122.50214,-124.09184,-123.51552,-122.92844,-121.28962,-119.61135
-7.4512973,-8.793453,-10.158212,-10.438474,-10.704935,-10.7794,-10.799427
100.75532,101.29087,101.80119,101.379,100.97011,101.631966,102.34501
0.6814726,0.6416457,0.67515594,-0.812895,-2.3135774,-4.602795,-6.9313126
28.987581,28.793291,28.633675,27.714718,26.778019,27.324745,27.801159
-9.816518,-9.919358,-10.001126,-10.3974905,-10.795571,-12.094121,-13.40228
-16.55552,-16.242302,-15.969215,-16.384888,-16.814907,-17.345654,-17.930098
-57.656525,-57.94274,-58.29684,-55.934685,-53.576447,-50.360394,-47.167892
-4.8141766,-4.694891,-4.6014004,-3.9584143,-3.3086548,-3.9109666,-4.483753
-24.286179,-24.258173,-24.189474,-24.50036,-24.81872,-24.965014,-25.144255
-23.895063,-23.80269,-23.676725,-23.372643,-23.062668,-23.766111,-24.443594
-9.980187,-10.42234,-10.888564,-10.563647,-10.253482,-11.757327,-13.311953
26.464727,26.946344,27.47843,26.96056,26.455183,27.553522,28.692787
-28.799725,-28.676212,-28.624542,-27.24354,-25.855461,-25.678541,-25.47836
-24.272928,-23.109386,-21.93249,-22.234055,-22.520834,-23.42108,-24.268246
-16.729048,-16.148485,-15.575967,-17.183603,-18.79342,-18.968561,-19.151735
63.374725,63.397865,63.36465,63.824295,64.2881,63.554283,62.83968
66.53095,66.121666,65.685524,64.558136,63.423763,62.8459,62.242203
11.138108,11.387357,11.567691,10.569374,9.576415,8.529511,7.500319
22.048832,22.338997,22.564869,21.4376,20.311703,20.488796,20.669376
-54.625854,-56.048904,-57.5019,-58.521225,-59.526413,-60.007626,-60.430435
-19.443348,-20.337845,-21.182873,-20.705914,-20.219881,-20.912611,-21.5793
0.51183903,0.07977759,-0.39324653,-1.6861843,-2.9867349,-3.027804,-3.0981975
46.612644,46.306232,46.048573,44.7922,43.544327,41.85814,40.20887
54.795685,54.71007,54.646385,54.094547,53.532516,53.652695,53.729916
-31.775852,-32.919125,-34.12562,-35.86497,-37.594345,-37.737255,-37.833263
25.747797,26.37288,27.012146,27.068087,27.125135,27.194157,27.27063
-44.16094,-44.54575,-44.87861,-44.403328,-43.917503,-43.33675,-42.721073
5.064879,7.439508,9.835754,10.61274,11.392783,10.121954,8.868751
-81.695946,-84.56708,-87.401375,-87.41503,-87.441284,-86.630394,-85.8653
-39.34556,-40.344475,-41.311543,-42.05926,-42.818096,-43.518856,-44.26284
-48.555016,-47.561104,-46.511402,-45.99275,-45.465454,-42.74636,-39.994877
-48.975063,-49.713207,-50.42145,-50.94415,-51.46887,-51.81346,-52.1739
13.840493,13.878778,13.970204,14.460712,14.935151,16.234995,17.475662
-32.401154,-33.16382,-33.93226,-33.49812,-33.079414,-34.185383,-35.346848
-35.09683,-34.74147,-34.355442,-36.629322,-38.91829,-39.671043,-40.483444
43.445927,44.653004,45.8317,44.157665,42.46717,40.71861,38.905674
-55.54872,-55.53167,-55.5272,-56.07634,-56.641808,-56.877014,-57.183105
-25.081429,-25.116968,-25.144484,-24.414364,-23.696888,-22.62788,-21.608644
78.10427,79.49539,80.849045,80.33938,79.81262,79.647316,79.41557
-35.57912,-35.777245,-35.977745,-36.79142,-37.61037,-38.751526,-39.90955
-42.897835,-43.1613,-43.41823,-43.12863,-42.831512,-41.369545,-39.878315
-14.870181,-14.646607,-14.460173,-14.759685,-15.061474,-15.727588,-16.398876
14.182131,14.369991,14.606718,15.259657,15.919223,15.863283,15.836613
-39.30832,-39.63745,-39.997524,-40.861927,-41.715168,-41.66341,-41.57174
-41.59949,-42.271927,-42.99845,-41.801292,-40.590607,-41.06562,-41.481434
31.697914,31.076794,30.393314,29.843454,29.279015,28.849796,28.36639
-37.775,-36.80677,-35.847374,-34.676933,-33.515347,-34.40525,-35.336987
-32.806892,-31.983686,-31.226986,-29.057568,-26.873604,-25.532627,-24.140944
23.624292,23.785545,23.917336,23.941166,23.968815,22.7345,21.51416
-12.113845,-14.373169,-16.703348,-17.121223,-17.545397,-19.024097,-20.52555
92.0835,92.402565,92.66863,89.11741,85.56389,83.95063,82.33286
-32.53041,-32.711506,-32.93188,-32.79095,-32.661217,-32.146988,-31.683865
33.85369,34.7811,35.663837,32.84383,30.016306,29.185862,28.320473
43.091633,43.305706,43.588062,42.91612,42.239185,42.795006,43.339657
