2014 SVI No High School Diploma Encoding,2015 SVI No High School Diploma Encoding,2016 SVI No High School Diploma Encoding,2017 SVI No High School Diploma Encoding,2018 SVI No High School Diploma Encoding,2019 SVI No High School Diploma Encoding,2020 SVI No High School Diploma Encoding
2.287524,2.1146247,1.94221,1.2297461,0.5174802,0.9658945,1.4153273
-17.502808,-18.303673,-19.103907,-18.761612,-18.41984,-17.529272,-16.638445
13.6422205,13.497386,13.351122,13.3757715,13.399789,14.016497,14.633445
4.913945,4.513843,4.115682,4.2318892,4.350594,4.6679134,4.9850125
-34.81413,-34.946907,-35.077892,-35.0546,-35.029312,-34.55755,-34.08619
-13.275625,-13.136684,-12.996471,-12.456297,-11.916443,-11.691162,-11.467501
-9.0195875,-9.157405,-9.295134,-8.819911,-8.346098,-8.0518675,-7.7574797
15.232262,15.767477,16.302256,16.056835,15.811933,16.193645,16.575228
-2.2520974,-2.5453227,-2.8376334,-2.3453443,-1.8535365,-2.104316,-2.3551543
39.604782,40.021626,40.4386,41.337368,42.23696,41.473476,40.70975
19.788015,19.748295,19.708033,18.77822,17.849329,17.79893,17.749655
35.804604,35.30861,34.81392,35.381947,35.952034,36.348366,36.746147
5.1244564,5.359103,5.5931396,5.331525,5.0693436,5.064436,5.0602565
-2.1647892,-1.8875093,-1.6115732,-2.2667494,-2.9224863,-3.214675,-3.5061378
-24.491446,-25.275904,-26.0596,-26.411875,-26.76296,-26.269176,-25.774569
-0.52484834,-0.6594626,-0.792554,-1.0097867,-1.2275473,-0.7784909,-0.32853803
-7.375673,-8.290859,-9.205179,-8.488796,-7.772463,-6.934292,-6.096009
-15.973063,-15.157663,-14.342503,-13.615637,-12.889886,-12.381776,-11.87396
-2.9409928,-3.2033,-3.4660306,-3.2814517,-3.0952034,-2.4397473,-1.7848281
22.070866,22.722187,23.373482,23.35086,23.330015,23.453562,23.578602
34.87036,35.60625,36.341164,35.728508,35.114815,35.33954,35.56543
-15.5851755,-14.973315,-14.363152,-13.932453,-13.501173,-12.714618,-11.927928
103.3834,102.612114,101.83855,101.34959,100.86109,101.48905,102.11736
-10.335519,-10.36188,-10.387832,-10.047039,-9.705431,-9.541479,-9.3781
24.904482,24.491892,24.08019,24.098894,24.117071,23.890295,23.666544
20.878696,20.871841,20.864407,21.192669,21.521135,20.237484,18.95224
74.43044,74.7365,75.044044,74.94897,74.85388,73.984795,73.11593
-7.122887,-7.8698983,-8.616648,-8.727304,-8.837107,-8.36299,-7.8905587
-25.365677,-25.757847,-26.150982,-26.07363,-25.997316,-25.177263,-24.356169
6.2850018,5.948289,5.612317,5.7435493,5.875516,5.991684,6.10937
-85.21809,-85.915726,-86.61424,-86.66296,-86.71095,-85.424675,-84.13776
-18.24507,-17.540474,-16.837194,-17.528889,-18.222843,-17.67955,-17.135513
3.1853395,3.1591363,3.1327367,3.0178418,2.9039273,3.1390405,3.3743844
-78.24896,-77.96534,-77.68058,-77.23647,-76.79408,-77.56085,-78.32926
40.017258,40.32591,40.636547,40.160984,39.685154,40.260323,40.835186
-74.623886,-75.06539,-75.508316,-74.48279,-73.46002,-73.41727,-73.376114
-25.229122,-24.866879,-24.505852,-24.108402,-23.71064,-23.165646,-22.620285
-23.025444,-23.08045,-23.13502,-23.915215,-24.695581,-25.540161,-26.384085
-39.253616,-40.210915,-41.16741,-40.866848,-40.56498,-40.694515,-40.82407
4.162388,4.1675377,4.171981,4.115649,4.0584908,4.479019,4.8997564
95.793274,96.30596,96.819496,97.14415,97.469986,96.77573,96.08215
59.49162,59.648483,59.8033,59.35667,58.910805,59.470024,60.030087
16.364643,15.924874,15.484214,16.534233,17.583467,16.993582,16.404104
7.3495693,7.7057204,8.05955,8.8195715,9.576744,9.704957,9.833721
24.84762,24.80782,24.768005,24.919655,25.072685,25.367666,25.66223
66.128,67.062294,67.996475,67.23294,66.47015,65.81974,65.168465
-29.78453,-29.001677,-28.220226,-28.051048,-27.881449,-28.64212,-29.405098
24.599758,24.60621,24.612589,24.754898,24.896355,25.104782,25.313145
-95.30925,-95.20067,-95.091064,-95.461975,-95.83154,-95.65817,-95.48536
-11.177528,-11.812656,-12.448696,-11.827653,-11.207325,-10.379869,-9.553251
42.97785,42.099648,41.222805,41.378967,41.533134,42.48559,43.44088
-38.369083,-38.095448,-37.82165,-37.543545,-37.263916,-37.93953,-38.61295
40.66894,41.589943,42.510845,42.04896,41.588665,41.435078,41.282925
68.12224,68.85711,69.590775,69.46174,69.33248,68.8462,68.35954
-3.857692,-3.2795594,-2.7018216,-2.2858899,-1.8693993,-1.4619458,-1.0554917
-17.782364,-19.085506,-20.38917,-20.589458,-20.790215,-20.165615,-19.541264
-36.20066,-35.837246,-35.47383,-34.982803,-34.49408,-35.21427,-35.935127
-3.8776224,-4.159432,-4.44264,-4.6694865,-4.897377,-4.4319873,-3.968253
-64.49866,-64.062965,-63.627735,-63.885956,-64.144485,-63.994434,-63.845005
-17.524834,-18.166845,-18.809566,-19.255793,-19.700699,-19.680473,-19.662046
35.30063,35.399002,35.497665,35.754322,36.01153,36.782295,37.554195
26.090174,26.912071,27.734016,27.255753,26.778849,25.213537,23.645672
39.800037,38.882023,37.965137,38.141216,38.315277,38.65287,38.988155
-63.56751,-62.99311,-62.41883,-61.45677,-60.494057,-60.24627,-59.99857
-47.60728,-48.2666,-48.923767,-49.51967,-50.116978,-49.391796,-48.66781
59.199333,59.99214,60.78518,60.797455,60.810246,60.778347,60.747154
-24.438154,-24.283087,-24.128538,-23.616217,-23.103695,-22.184753,-21.26582
-58.674892,-58.532322,-58.388645,-58.730946,-59.07333,-59.531506,-59.990334
49.269478,49.216183,49.164143,48.817646,48.4698,47.972477,47.47573
-90.91029,-91.76084,-92.61096,-92.24402,-91.87513,-91.27848,-90.68253
15.68548,15.705637,15.725494,15.385965,15.045517,15.652473,16.260443
12.322279,12.893802,13.465737,13.338263,13.210696,12.818945,12.4259815
73.50445,73.99671,74.48888,74.81339,75.13802,75.16136,75.185646
-26.454397,-26.469738,-26.486052,-26.371477,-26.256287,-26.145487,-26.035069
21.563889,22.126974,22.68802,22.262423,21.837273,22.610704,23.383512
-12.802897,-13.653466,-14.504318,-14.910689,-15.316748,-15.463584,-15.612916
47.225273,47.831333,48.437798,48.179276,47.921806,47.96743,48.01468
-71.964615,-72.00071,-72.03716,-71.68042,-71.32353,-71.18852,-71.05356
-45.00727,-44.377697,-43.74874,-43.700676,-43.650436,-44.272957,-44.896282
32.51159,32.54692,32.58188,32.02135,31.461557,31.298725,31.136183
-20.671843,-20.496738,-20.321339,-20.634644,-20.947598,-21.024733,-21.10114
39.67222,40.037064,40.401573,40.31603,40.23091,40.411964,40.593468
37.806957,37.518898,37.23041,37.07158,36.91374,36.929115,36.94479
-45.78327,-45.726192,-45.66943,-44.912766,-44.157223,-44.18242,-44.20569
-3.135574,-3.1599782,-3.1838944,-3.0995457,-3.0148857,-3.2362373,-3.4565227
60.866486,61.138424,61.411324,60.868355,60.326385,59.93248,59.54126
-63.178177,-62.816036,-62.454876,-62.381805,-62.309452,-61.559364,-60.809628
1.9788923,1.8661361,1.7554107,0.93748087,0.12115712,0.5294439,0.93745893
-20.264845,-20.558043,-20.84972,-21.035345,-21.221191,-21.111378,-21.001589
-28.381521,-28.618872,-28.856922,-28.816244,-28.776058,-28.96423,-29.152897
67.14176,67.921486,68.70107,68.82297,68.94661,68.44205,67.93967
37.076385,36.917408,36.760456,36.99501,37.230934,37.980583,38.728832
9.311268,8.635724,7.9594297,7.3534307,6.747096,6.6653585,6.585191
-4.376441,-4.8779116,-5.379337,-5.533991,-5.6890264,-5.4510736,-5.2131786
5.0360746,5.418629,5.8004665,6.8374867,7.872708,6.822844,5.772409
-98.691635,-99.466736,-100.24249,-100.711334,-101.18165,-100.47345,-99.766174
24.183353,24.01995,23.858128,23.480295,23.103724,23.32949,23.556288
45.5515,45.804718,46.057682,45.874256,45.691326,45.169632,44.64814
49.92709,50.237946,50.54879,50.301914,50.05578,50.10232,50.149906
51.905945,52.31743,52.728107,53.094162,53.459908,52.78654,52.114723
34.64412,34.18277,33.721657,34.013947,34.306118,35.26525,36.22496
-3.6431386,-4.033259,-4.4219975,-4.870784,-5.3216214,-5.564934,-5.8067403
62.859413,62.233665,61.607857,61.23718,60.865746,61.625957,62.385666
-55.168976,-54.942917,-54.717163,-54.635986,-54.55532,-53.298275,-52.042137
-16.90948,-16.001131,-15.091463,-14.63072,-14.168129,-14.22557,-14.283127
2.6150272,2.3894708,2.1615264,2.3790538,2.598005,2.5223587,2.4464204
18.11512,17.574078,17.032448,16.41451,15.795401,16.451914,17.10962
-60.72757,-60.199776,-59.672108,-59.436665,-59.20085,-58.371933,-57.542736
-43.198833,-43.116215,-43.03278,-43.017063,-43.00086,-42.470577,-41.939587
-57.919785,-57.596146,-57.272026,-57.594376,-57.91627,-56.900932,-55.886112
-21.796354,-21.856157,-21.917015,-21.6132,-21.308853,-21.843788,-22.380547
-8.424269,-8.885708,-9.347839,-10.0945015,-10.841287,-10.06918,-9.297227
-33.943363,-34.684254,-35.42358,-35.00129,-34.57914,-35.24421,-35.909565
39.085922,39.728085,40.368114,40.18831,40.00899,39.723103,39.43553
15.390914,15.826957,16.262655,15.99658,15.731298,16.358633,16.988142
22.555506,22.950726,23.34455,22.496254,21.647285,21.331059,21.015736
46.70275,46.412464,46.12277,46.073254,46.023617,45.33871,44.654285
35.821457,35.88293,35.94458,36.32451,36.70286,36.410614,36.120514
-52.907104,-52.726883,-52.54565,-52.394516,-52.241737,-51.763958,-51.28498
-3.983445,-2.9939144,-2.0053446,-1.2599051,-0.5154898,-0.9752152,-1.435713
5.984255,6.189951,6.3977394,5.6695795,4.9414616,4.8398743,4.7381144
-29.267633,-28.939377,-28.611073,-28.816032,-29.020258,-29.64856,-30.277742
2.260619,2.2055671,2.1517818,2.131148,2.110646,1.7542055,1.398812
19.100424,20.099997,21.097359,22.102684,23.107471,22.758287,22.408722
-46.68416,-47.360268,-48.03583,-47.90318,-47.77016,-47.98845,-48.20784
8.235192,7.7977853,7.3606677,6.7550497,6.1490383,6.129524,6.1087136
40.541588,41.18225,41.823666,42.33778,42.852768,42.24286,41.633068
-2.2466886,-2.115506,-1.9835337,-1.3268927,-0.67172515,-0.50573623,-0.33855042
-16.46527,-16.876326,-17.285471,-17.04312,-16.80142,-16.208809,-15.617944
72.57679,72.27183,71.96598,72.28979,72.61351,73.44938,74.2858
-4.5114594,-3.7902932,-3.0696106,-2.4115767,-1.7536516,-2.371128,-2.990942
-47.347622,-48.370296,-49.392555,-49.875633,-50.35935,-49.780872,-49.20241
22.987957,22.601149,22.214357,22.144596,22.075584,21.619843,21.162416
-52.916077,-53.782204,-54.648857,-55.285995,-55.922905,-55.175636,-54.429184
13.506544,13.579368,13.651122,14.3150835,14.980391,15.119849,15.260909
-4.736367,-5.364855,-5.9946337,-6.2776384,-6.5614185,-7.4673405,-8.372314
-16.32669,-16.623182,-16.91997,-17.272327,-17.624043,-18.472816,-19.322058
-57.852566,-58.121693,-58.39261,-57.961544,-57.529877,-56.795853,-56.061554
-20.413664,-20.60192,-20.792103,-20.165854,-19.541504,-19.607304,-19.672861
24.420074,24.165937,23.911913,23.483658,23.055548,22.451807,21.848223
115.82354,115.60156,115.37953,115.12746,114.8761,115.91211,116.94982
-14.058487,-14.919644,-15.780979,-16.186302,-16.591663,-16.086943,-15.582947
3.5874887,2.95077,2.3134656,2.0970073,1.8804859,1.9317688,1.9835771
11.900953,11.267691,10.635677,10.2135105,9.790173,9.572687,9.356283
-34.859592,-35.19391,-35.52991,-35.88288,-36.236023,-35.114105,-33.991497
-149.29938,-149.02725,-148.75354,-147.71179,-146.66994,-146.3315,-145.99355
-35.117382,-34.757828,-34.396847,-35.01248,-35.629322,-36.001076,-36.374023
3.2691898,3.5881634,3.9075756,3.627904,3.347599,3.714594,4.08319
21.424747,21.268923,21.11083,21.219957,21.3296,20.443062,19.55665
-96.968216,-96.410385,-95.851105,-95.23152,-94.61021,-94.26406,-93.92041
-54.60431,-54.79324,-54.981915,-54.531178,-54.08173,-54.527325,-54.97455
-18.867382,-19.874569,-20.88106,-21.54974,-22.218517,-21.05529,-19.893883
8.134829,8.5013895,8.8672695,8.936619,9.005339,7.8873863,6.769319
7.2470894,7.55571,7.863202,8.368617,8.872894,9.650129,10.428055
-20.720612,-20.68005,-20.639114,-21.46575,-22.291107,-22.9804,-23.670055
-84.35265,-85.478966,-86.606415,-86.029655,-85.45373,-84.65812,-83.861305
-34.21891,-34.596706,-34.97422,-34.610672,-34.245846,-32.97056,-31.695492
-46.619965,-46.276752,-45.93208,-46.54605,-47.160645,-46.56379,-45.967117
12.825966,12.803516,12.780442,12.773926,12.769542,11.336303,9.900169
-18.563477,-18.882786,-19.20426,-19.353762,-19.504751,-20.033724,-20.562569
27.328514,29.01886,30.708643,30.748894,30.787601,30.040668,29.293583
51.253525,52.092613,52.93273,53.128716,53.323784,52.206684,51.08949
-23.090229,-23.475424,-23.861788,-24.188229,-24.514893,-24.827856,-25.141882
-5.767103,-4.9683113,-4.169834,-4.318245,-4.4657545,-4.7746153,-5.084591
31.102036,30.788256,30.474556,29.895554,29.316542,28.929354,28.541126
73.900314,73.91058,73.920944,73.18547,72.45155,72.47316,72.49678
27.016956,26.723835,26.429337,25.849993,25.269693,26.096819,26.92366
16.358952,17.064507,17.771526,17.661774,17.552734,17.416954,17.2798
-47.66087,-47.907803,-48.15629,-47.628826,-47.102283,-46.87917,-46.65554
-6.941791,-6.829041,-6.7163696,-6.692867,-6.669491,-6.356854,-6.0434957
-8.918719,-9.518751,-10.11893,-9.919505,-9.719252,-10.295097,-10.870559
65.44889,66.13892,66.82874,67.0825,67.33683,66.78125,66.2271
-107.84844,-108.17832,-108.508934,-106.3694,-104.22868,-103.77813,-103.32752
-17.990871,-18.708649,-19.425493,-20.358122,-21.289976,-22.551085,-23.811974
-11.157757,-11.081839,-11.0058975,-10.286425,-9.567125,-10.038868,-10.511225
48.508217,48.23549,47.964653,47.73186,47.499786,47.650555,47.801186
-101.66502,-101.71734,-101.768616,-100.40528,-99.04055,-98.45673,-97.872925
-72.79169,-73.009026,-73.22578,-73.08877,-72.952126,-72.953606,-72.95683
-30.645544,-31.158272,-31.670357,-31.680262,-31.691875,-31.340986,-30.99102
33.8363,32.885754,31.935928,32.80646,33.676468,33.179157,32.68305
53.326065,54.318447,55.312336,55.610897,55.90915,55.95725,56.006622
-60.24575,-59.933365,-59.61942,-59.35088,-59.081562,-59.592197,-60.10319
-3.2209508,-2.501991,-1.7821515,-1.9849217,-2.187753,-2.1946766,-2.2000854
-18.714216,-18.906864,-19.09991,-18.73967,-18.380531,-18.606907,-18.834272
-72.29574,-72.2239,-72.15395,-72.141335,-72.12866,-72.49626,-72.86324
49.06775,49.541073,50.01286,50.07545,50.140507,50.164524,50.188526
46.3222,47.277477,48.235012,48.046726,47.85961,47.352814,46.84772
56.836735,56.245518,55.65384,55.327995,55.00432,55.99323,56.982597
-71.918236,-72.21624,-72.51568,-72.771355,-73.027115,-73.09269,-73.1571
5.3011093,5.901655,6.502493,6.675438,6.8503036,6.358881,5.866762
-68.97992,-68.9314,-68.880936,-68.055756,-67.23195,-66.81651,-66.40155
45.672462,45.47478,45.277298,45.11999,44.96269,45.043236,45.125076
49.82772,50.233696,50.640438,50.419693,50.20046,49.790684,49.38257
-65.569435,-65.32943,-65.09081,-64.74492,-64.399,-64.69729,-64.99701
-5.7989993,-5.0830836,-4.365805,-4.958859,-5.550881,-5.4711423,-5.3915696
104.28329,104.34643,104.4101,103.57468,102.73752,101.78203,100.826614
-48.780396,-48.83605,-48.890076,-49.00621,-49.121864,-48.4388,-47.755096
-74.48458,-74.19511,-73.905075,-74.04202,-74.179306,-74.50916,-74.83944
-17.587317,-17.477615,-17.367697,-17.070759,-16.77296,-16.670238,-16.566149
55.91237,56.414944,56.916744,56.67972,56.44084,55.49238,54.543114
3.1692305,3.2315378,3.2933955,3.5358825,3.7773108,2.701345,1.6241288
1.1759388,0.89953923,0.6228707,1.175235,1.7270482,2.3587558,2.9909265
-32.61841,-33.39036,-34.161026,-34.39645,-34.63107,-34.406315,-34.183155
40.096893,39.94876,39.80149,39.48243,39.162247,39.42726,39.693317
105.25581,105.331116,105.40485,105.03673,104.669876,104.0897,103.510025
-7.220522,-6.6643176,-6.1078486,-5.7095757,-5.310157,-4.854186,-4.398636
-15.335947,-15.276036,-15.216437,-15.503229,-15.7903385,-15.746485,-15.701746
-20.354681,-19.580677,-18.807518,-17.89102,-16.974659,-17.028673,-17.081264
2.857084,2.244686,1.6341377,1.1513745,0.66857827,1.5915371,2.5163848
1.7100711,1.4603543,1.209352,0.6669831,0.12357284,-0.30162764,-0.72865534
-6.815813,-6.911829,-7.006921,-6.3381195,-5.671092,-6.1638966,-6.6569767
-20.177137,-20.363638,-20.5493,-21.000154,-21.450417,-21.576326,-21.703676
-80.02881,-80.34786,-80.66667,-80.396065,-80.126,-79.45523,-78.78565
65.165825,65.84744,66.52913,66.47203,66.4156,66.468864,66.52241
37.89637,39.09794,40.298164,40.78992,41.28218,41.86776,42.45321
-29.194069,-29.677736,-30.163015,-31.589643,-33.01648,-32.780373,-32.543983
58.68651,58.224495,57.763157,58.146667,58.530674,58.913994,59.29812
57.90156,57.39777,56.89385,56.312004,55.730026,55.50275,55.275684
-4.638011,-5.4315233,-6.22301,-6.8629904,-7.501979,-7.9600954,-8.418746
1.5446358,1.4144258,1.2860031,1.1603279,1.0342836,0.64524126,0.25557756
-20.804804,-21.212328,-21.620407,-21.00995,-20.401052,-19.139793,-17.8785
-23.685514,-23.526464,-23.367474,-23.052628,-22.737612,-22.413742,-22.091549
-41.542076,-41.702595,-41.864395,-41.200687,-40.53753,-39.336693,-38.13645
15.240987,15.518699,15.797608,15.279395,14.760534,14.217313,13.67385
11.920189,12.016428,12.113089,12.297041,12.480035,12.348347,12.215817
38.224655,37.90593,37.58747,37.34868,37.10984,38.02825,38.945694
-2.4331193,-1.8407893,-1.2488837,-1.1225557,-0.9963279,-1.5273948,-2.0595903
20.553143,21.182297,21.810274,21.349174,20.88893,20.703829,20.517836
-49.16559,-49.32028,-49.474266,-49.252632,-49.030792,-48.951252,-48.874317
-60.290928,-61.072285,-61.85419,-60.866528,-59.87975,-59.581974,-59.284332
6.351479,6.625409,6.898986,7.2239847,7.550378,6.8571873,6.16437
-8.200299,-9.201087,-10.202882,-10.259394,-10.315398,-9.189594,-8.063918
-32.78907,-32.91114,-33.034126,-32.87448,-32.715755,-33.521507,-34.327316
7.753184,7.329633,6.907108,6.4391103,5.969716,4.992125,4.015245
39.409492,39.18474,38.959866,38.811554,38.66542,39.591324,40.51821
60.6342,60.691807,60.74923,60.135643,59.520153,59.5812,59.64434
18.32188,18.60167,18.881058,18.53295,18.183767,18.218042,18.249945
22.71905,21.583786,20.447851,20.947588,21.445662,21.55707,21.668411
-19.967777,-19.340734,-18.714226,-18.576756,-18.440418,-18.272104,-18.102917
29.140015,28.887001,28.633686,28.637817,28.641914,28.170074,27.697823
-17.583776,-17.805416,-18.02697,-17.829006,-17.62898,-16.870312,-16.112156
-86.92609,-87.88566,-88.844925,-88.64597,-88.44818,-87.87103,-87.29461
43.490402,42.991627,42.492023,42.00655,41.51956,41.16194,40.80126
-1.2331576,-0.959476,-0.6854758,-0.09394029,0.49701545,0.42490432,0.3526635
12.943043,12.094004,11.245219,11.346815,11.448662,11.714781,11.9807
13.989603,13.47955,12.970074,12.4901285,12.011924,12.435855,12.8587
-21.943798,-22.035053,-22.12701,-22.344845,-22.562838,-23.013203,-23.463648
-35.117172,-34.91106,-34.706043,-34.844982,-34.98366,-34.913677,-34.84551
-47.875732,-48.43373,-48.9918,-48.492416,-47.993484,-47.481365,-46.97059
-66.81039,-67.17619,-67.542694,-66.633835,-65.72612,-65.430336,-65.13507
-21.803518,-22.20191,-22.600624,-22.502012,-22.403238,-22.041655,-21.680845
-21.018742,-20.473675,-19.928093,-20.623446,-21.316706,-21.193409,-21.07082
3.3420718,3.3162205,3.2897742,3.5186732,3.7484887,3.6127322,3.4765933
-11.027242,-10.959607,-10.892652,-10.630069,-10.368641,-11.578704,-12.78978
7.504763,7.617352,7.730153,7.657917,7.5861387,7.124345,6.6633234
11.778541,12.122404,12.465921,12.003186,11.539765,11.655449,11.770995
67.001816,67.30115,67.60014,67.736374,67.87312,67.6016,67.33052
-0.26428944,-0.23251015,-0.20144802,-0.32046658,-0.4399286,0.26495403,0.9704537
16.2181,15.888938,15.561919,14.936666,14.310609,13.886043,13.462283
3.8154986,3.5975497,3.3809893,3.7762797,4.171868,3.9625475,3.7548373
-27.240175,-27.73601,-28.230888,-28.88016,-29.529295,-29.33224,-29.135515
-31.171074,-30.601477,-30.034052,-29.322979,-28.611372,-27.500399,-26.38974
-5.358869,-5.010101,-4.6615252,-3.5505936,-2.4388783,-2.4681103,-2.498151
-23.358027,-23.757507,-24.156807,-24.00576,-23.854254,-23.225199,-22.596085
-4.240638,-4.202051,-4.1622057,-4.8456373,-5.5278873,-6.114874,-6.7013187
-24.945246,-25.529491,-26.113071,-24.87064,-23.62902,-24.144566,-24.66124
8.961547,8.88876,8.814263,8.847294,8.878109,9.608292,10.338431
47.599155,47.45078,47.303257,46.839695,46.375046,46.069057,45.763626
-14.287811,-14.657337,-15.027642,-15.207037,-15.385557,-15.426562,-15.466729
14.505392,14.69607,14.885672,15.398337,15.909869,15.903773,15.896273
-12.610324,-12.098564,-11.586511,-11.950487,-12.314001,-11.979774,-11.645793
3.902555,3.3113132,2.7195375,2.1046443,1.4902021,1.928969,2.3677216
8.645946,8.415224,8.184835,7.8375554,7.4895062,7.735145,7.9811616
27.325548,28.248926,29.172749,28.866503,28.560425,27.848022,27.135996
-5.0775065,-4.564715,-4.052447,-3.904755,-3.7582564,-3.9968104,-4.235684
-84.7452,-85.29339,-85.84121,-85.47322,-85.10491,-84.29639,-83.4882
40.84123,41.342297,41.84113,42.642315,43.443737,43.553284,43.66289
13.9707,13.61029,13.249856,12.703713,12.157253,11.717755,11.27695
22.580385,22.365204,22.149872,22.13258,22.114332,22.53628,22.958513
-38.356823,-39.215767,-40.07515,-40.314484,-40.553474,-40.34178,-40.131294
10.902537,10.155975,9.408432,9.00033,8.592176,8.843587,9.094626
-34.197666,-33.635048,-33.073055,-33.78883,-34.504337,-34.408657,-34.313877
77.91934,78.13829,78.35713,78.07855,77.79895,78.43845,79.08046
-27.280188,-26.924437,-26.568312,-26.313112,-26.055906,-25.93413,-25.811138
-50.431847,-49.68409,-48.938114,-48.49624,-48.05381,-47.302242,-46.551147
9.750551,10.865295,11.980789,11.553701,11.126232,11.4759655,11.8251095
55.321686,55.886436,56.452515,56.32815,56.203793,55.605724,55.00665
-49.089577,-49.285454,-49.481384,-49.32782,-49.174103,-48.971466,-48.766823
-58.459667,-58.56549,-58.671562,-59.562157,-60.451675,-60.332443,-60.21389
-28.269382,-28.505402,-28.738419,-29.485966,-30.233017,-30.942808,-31.652449
-26.465193,-26.338602,-26.212002,-25.93934,-25.66424,-26.181078,-26.697712
-20.98461,-20.5789,-20.17159,-20.891626,-21.610535,-21.863436,-22.115185
-46.136154,-46.35683,-46.577927,-46.285465,-45.994007,-46.22535,-46.456818
31.287952,30.8751,30.463129,29.919855,29.377193,29.392612,29.408918
79.12431,78.4777,77.832726,78.851265,79.87136,79.96553,80.060646
-34.774647,-34.552696,-34.33104,-34.09816,-33.865555,-34.069695,-34.27262
18.230907,19.074255,19.917406,19.634514,19.353142,19.954885,20.554632
9.281704,9.992131,10.703072,10.00239,9.303035,8.556775,7.8105526
-15.60012,-15.951517,-16.30157,-16.892439,-17.48439,-17.428234,-17.372946
56.68301,56.51639,56.352146,56.76227,57.17367,57.122997,57.074078
-32.739834,-32.47695,-32.215332,-32.275547,-32.335537,-32.79243,-33.250065
-17.48141,-17.211792,-16.942644,-16.939646,-16.936186,-17.335747,-17.733997
40.58147,41.061314,41.541363,41.28172,41.021168,41.128582,41.234608
10.470737,11.104116,11.73749,11.907797,12.07844,13.165173,14.25337
97.12357,97.302315,97.48159,96.531845,95.58265,96.42118,97.25961
-21.887484,-21.565899,-21.243752,-22.159382,-23.075602,-22.757713,-22.439028
16.364399,16.317299,16.270922,15.553624,14.837031,14.293654,13.750721
93.19521,93.11034,93.02564,92.91783,92.80853,92.07744,91.34866
67.80069,68.120415,68.44053,68.345436,68.2505,67.218544,66.18631
-67.13792,-67.126816,-67.11533,-66.77671,-66.43756,-67.1272,-67.81662
49.836174,50.064484,50.29345,50.82275,51.353397,51.47819,51.602734
1.9341345,2.096344,2.25883,2.3095572,2.3601537,1.7889862,1.218859
42.126472,42.484196,42.84179,43.505306,44.167076,43.361965,42.55684
6.8788714,6.726269,6.5727153,5.2627025,3.9539227,3.332249,2.710161
21.784485,21.498737,21.214436,21.646084,22.077751,21.516762,20.955597
-11.180915,-10.384231,-9.586078,-9.902419,-10.217465,-10.085102,-9.9523
106.03138,106.81953,107.60696,107.22111,106.83457,106.82189,106.812126
2.288536,2.5809531,2.8748736,3.0510273,3.2288332,3.2498298,3.2712698
9.452296,9.484896,9.517462,9.978891,10.440075,9.589563,8.7372675
-57.888813,-58.29821,-58.70545,-58.856007,-59.006092,-58.999325,-58.992878
7.841445,7.608198,7.376631,7.5351286,7.6939936,7.4961996,7.2964096
68.86915,68.527176,68.185135,67.68699,67.19026,67.861404,68.533714
4.18672,4.4289865,4.6705017,5.1563535,5.642205,5.6226487,5.6039433
-8.779883,-7.900617,-7.0210843,-6.7961373,-6.570639,-6.644586,-6.7202153
89.76497,89.906906,90.049225,89.43756,88.826004,88.14831,87.47319
-72.56989,-72.71872,-72.86677,-72.55531,-72.243,-71.871155,-71.49949
44.132065,44.20756,44.282436,44.436836,44.5901,43.846096,43.104
-25.111576,-25.234497,-25.356628,-24.606487,-23.857601,-24.386887,-24.91497
50.23675,49.73783,49.240105,48.810966,48.381004,47.57109,46.760456
-5.452684,-5.806742,-6.161435,-5.9233093,-5.6840963,-6.320053,-6.9543886
9.265805,10.361354,11.45782,11.185301,10.913766,11.125141,11.33717
-64.33771,-64.21185,-64.08502,-63.366856,-62.64749,-62.03003,-61.412907
7.345279,6.78844,6.230806,5.5649047,4.8986125,5.0354342,5.17386
-23.112427,-23.215368,-23.317253,-24.40077,-25.48383,-25.077894,-24.670992
-90.86134,-91.91694,-92.9729,-92.269585,-91.564476,-91.80526,-92.04614
66.29244,65.89733,65.50192,65.46877,65.43416,65.89339,66.35352
63.385475,63.183598,62.981403,62.572186,62.162224,62.816696,63.47234
-32.924793,-32.851974,-32.778454,-32.674225,-32.57079,-31.735916,-30.90034
-11.305816,-10.595026,-9.883834,-9.60641,-9.328891,-9.628461,-9.928087
6.101033,6.1055813,6.1091013,6.3217554,6.5348597,5.331498,4.1277847
1.5072498,1.6592658,1.8113966,1.6523285,1.4920897,0.5798878,-0.33244377
-47.620655,-48.3857,-49.15059,-50.77316,-52.397705,-52.5283,-52.659603
16.864115,17.889383,18.91361,18.746462,18.580635,19.540619,20.500586
76.51373,76.684616,76.85481,76.341354,75.82664,76.90198,77.97646
11.813959,11.479174,11.141924,11.041122,10.939638,11.2634945,11.588758
43.519627,44.057068,44.595314,44.674137,44.753754,44.77994,44.806866
33.95554,34.573402,35.19009,36.59151,37.9929,37.96005,37.92686
49.33217,49.590557,49.849865,50.489594,51.12885,51.598415,52.06943
-55.10079,-54.498928,-53.897457,-54.424038,-54.95014,-55.649746,-56.349796
7.47322,7.8466544,8.219739,7.785601,7.3518643,6.920745,6.4897203
7.8472595,8.31917,8.791598,8.38526,7.978613,7.36069,6.7407293
63.436268,63.52616,63.615334,62.496407,61.37543,60.81496,60.254723
-35.57849,-35.452454,-35.326763,-35.282505,-35.238907,-35.298397,-35.359364
63.47209,64.00228,64.53202,64.73615,64.94074,65.87765,66.815735
4.1057005,4.3829117,4.658763,4.860324,5.0613403,3.7403433,2.4195993
66.37393,67.1602,67.94578,67.830505,67.71546,67.87465,68.03361
-3.6156752,-4.2464204,-4.8777585,-5.774672,-6.6711335,-6.8866277,-7.1026235
78.44798,77.78315,77.118195,76.32586,75.53469,76.59439,77.65334
-64.39886,-64.314995,-64.23086,-63.015423,-61.79967,-61.807816,-61.816753
-39.14244,-38.404392,-37.666275,-37.555138,-37.44288,-37.369488,-37.296684
-12.702053,-12.879055,-13.056507,-12.40987,-11.764475,-12.300395,-12.8375225
88.83271,88.5652,88.297386,87.98362,87.67141,86.93524,86.1973
-22.788713,-24.27353,-25.75999,-24.768265,-23.776325,-24.219074,-24.661148
-2.0562568,-1.6275647,-1.198631,-0.971524,-0.7440474,-1.822052,-2.8994489
8.717739,8.636391,8.554117,8.611082,8.667335,8.136141,7.604503
79.01419,78.79993,78.586006,77.70911,76.833466,76.443634,76.0542
36.163227,36.463615,36.763683,36.70772,36.65179,35.892773,35.131847
70.178764,70.786865,71.39621,71.08368,70.771034,69.74372,68.715454
-2.564365,-2.5658946,-2.5674682,-3.2367215,-3.9067397,-3.6176229,-3.3279843
4.41929,3.6815047,2.943643,2.299066,1.6555341,1.9225897,2.1918616
-41.589996,-40.31904,-39.047264,-38.636353,-38.22477,-38.513645,-38.80043
-70.719055,-69.88525,-69.050545,-68.48037,-67.90945,-67.94351,-67.978615
37.1196,37.217987,37.31458,37.52083,37.72834,38.624084,39.52085
21.5341,22.389172,23.242937,22.532124,21.822994,21.693611,21.56389
1.1212188,0.6635925,0.20490947,0.3723108,0.53951186,1.5019876,2.4646018
-27.383492,-27.21729,-27.05141,-26.479578,-25.90806,-24.90065,-23.89274
74.69177,74.71973,74.74916,73.48255,72.215065,71.91811,71.6214
-126.0709,-126.77791,-127.4856,-126.31321,-125.142006,-124.11292,-123.08544
-7.8891206,-7.160066,-6.430368,-6.9875197,-7.54501,-7.846144,-8.145355
70.22776,70.114685,70.000305,69.30903,68.619225,68.900795,69.1839
-33.809208,-33.7686,-33.725033,-33.297615,-32.86906,-32.60907,-32.349087
-20.956993,-21.158909,-21.360619,-21.086779,-20.812872,-20.949524,-21.086996
-9.371878,-8.775219,-8.177976,-7.8520017,-7.5249944,-6.9520965,-6.378327
-37.33647,-37.290924,-37.24504,-36.362736,-35.48066,-35.425724,-35.371853
-58.64783,-58.405365,-58.162766,-58.06471,-57.9672,-59.092754,-60.21941
36.711586,37.509655,38.30817,39.119225,39.929382,40.80265,41.676537
28.787457,28.416279,28.044395,28.864902,29.684803,29.173658,28.662083
-4.325061,-5.0019464,-5.6785297,-5.0227394,-4.365286,-2.9770882,-1.5890009
53.325367,53.315487,53.305862,53.151882,52.996628,53.450275,53.902546
9.03375,8.562656,8.091882,7.8433647,7.595725,7.7012477,7.8084393
-48.17837,-48.821445,-49.465595,-49.252766,-49.0388,-48.416187,-47.79508
90.887924,90.99639,91.10584,91.00469,90.904625,90.58677,90.27012
-12.500612,-12.115894,-11.73156,-11.917244,-12.102917,-11.379918,-10.656178
-80.518425,-80.40209,-80.285484,-79.2597,-78.23377,-78.17647,-78.11993
-2.4653878,-2.4137406,-2.3632693,-1.6125588,-0.8615107,-0.7795338,-0.69807094
-16.726067,-16.595343,-16.464478,-16.23386,-16.004251,-16.037899,-16.071009
-19.3009,-18.93962,-18.57881,-17.67023,-16.763155,-17.67142,-18.581076
-68.80206,-68.64717,-68.49139,-68.053215,-67.613075,-68.55336,-69.4925
83.481636,83.82055,84.159035,83.37544,82.591805,82.66923,82.74795
-8.762055,-8.490991,-8.219188,-7.713554,-7.2082744,-7.5952735,-7.9823413
-6.340761,-6.237072,-6.133379,-5.6698074,-5.2064457,-4.9195747,-4.6328144
16.585928,16.858973,17.132261,17.103537,17.076727,16.887774,16.699392
-36.31748,-35.959026,-35.600197,-35.199657,-34.797802,-33.987915,-33.178833
70.024216,70.01779,70.01375,69.74993,69.48625,69.409,69.3313
-52.507538,-52.552723,-52.599354,-52.175568,-51.751907,-51.051815,-50.35356
57.69154,57.603855,57.515278,57.211754,56.90953,56.60596,56.302876
2.2793279,1.9662625,1.6533858,0.54273665,-0.5687593,-0.5366634,-0.50513494
14.138161,13.69031,13.242365,12.904554,12.566177,13.0274105,13.4860735
-44.023384,-44.296196,-44.568268,-44.790974,-45.0122,-44.94027,-44.86867
3.1145732,3.1861675,3.2568653,2.7862422,2.317252,2.5633895,2.810027
74.376656,73.825905,73.27451,73.55749,73.8431,74.12211,74.40246
3.2026417,3.9593956,4.715408,5.0755,5.434688,5.2414336,5.0468135
11.951363,12.028213,12.102855,11.029146,9.9544,9.946342,9.938805
-1.2842811,-1.1111797,-0.9385609,-0.4268555,0.08499676,0.6857982,1.2847592
21.66443,21.090097,20.514624,19.750801,18.987852,19.961714,20.934809
-36.643837,-37.84776,-39.05178,-39.287674,-39.523495,-39.756226,-39.988438
-77.030014,-76.49205,-75.95369,-76.13689,-76.320526,-76.02907,-75.73574
1.8417906,1.5973548,1.3520783,2.1319911,2.9127786,2.9017828,2.8910968
-11.992132,-12.903055,-13.814055,-13.482931,-13.151547,-12.770837,-12.38965
45.61452,45.671124,45.7289,45.44782,45.16638,45.970688,46.774128
3.2712486,3.5813959,3.8890836,4.5481715,5.207687,5.7873893,6.3677306
-148.16963,-148.7393,-149.31056,-147.8606,-146.40926,-145.98076,-145.55438
-3.3225963,-3.5107224,-3.6984365,-2.8904974,-2.082085,-2.607786,-3.13263
-5.1986003,-5.4799323,-5.7611766,-5.529905,-5.297176,-4.7745795,-4.2517695
39.76155,39.182213,38.603817,38.373886,38.143036,39.413284,40.684883
-71.27733,-71.17434,-71.07225,-71.23858,-71.40633,-71.11161,-70.817024
1.5069659,1.7748568,2.042248,1.7264559,1.4086955,2.4920733,3.5763361
-60.727734,-60.29223,-59.855793,-59.44117,-59.023197,-58.623493,-58.22353
-2.2948341,-3.0706048,-3.8446321,-4.344144,-4.844105,-4.376881,-3.909449
-70.09587,-69.76765,-69.44077,-68.820625,-68.198875,-68.462845,-68.72788
75.48988,76.26551,77.04037,77.04564,77.04984,76.03741,75.025665
-98.60832,-99.0263,-99.444145,-99.8066,-100.16903,-99.69195,-99.21517
2.9513118,4.0055547,5.060039,4.710459,4.3592925,4.4141455,4.4694066
17.031271,16.390278,15.748456,15.9642515,16.180197,15.93154,15.68435
79.17938,79.6176,80.05554,79.11479,78.17352,77.72155,77.27053
-48.847195,-48.25832,-47.66886,-47.78662,-47.906116,-47.81148,-47.716537
45.80318,45.75567,45.709614,45.698357,45.688545,45.14071,44.593357
-41.38603,-41.31533,-41.245037,-41.247513,-41.249836,-41.465157,-41.679688
-45.149136,-44.644413,-44.140377,-44.222942,-44.305058,-45.150845,-45.99683
99.20378,99.82487,100.44394,99.84878,99.25324,98.54137,97.82953
-61.512585,-60.558556,-59.605293,-60.000282,-60.396553,-60.899265,-61.401867
-51.504646,-52.142365,-52.778152,-51.943264,-51.108788,-50.3146,-49.519783
6.8064704,6.6536837,6.499006,7.313302,8.128269,8.642913,9.15824
-24.828287,-25.705034,-26.582226,-25.456846,-24.331762,-24.180897,-24.03107
29.094318,28.953535,28.812744,28.632126,28.452526,28.621754,28.790352
27.908627,27.945547,27.983047,28.066586,28.151348,28.043274,27.936493
5.430097,5.886824,6.344153,5.4174695,4.4913697,4.471085,4.4502306
22.863361,22.530882,22.199036,21.489666,20.78063,20.374886,19.968708
1.1604909,1.206827,1.2548245,1.0170821,0.78015697,0.6543225,0.5285224
11.891618,11.545562,11.2004,11.699173,12.196754,12.848809,13.499661
-52.517162,-52.723934,-52.93061,-52.931408,-52.93089,-52.979595,-53.029507
-12.429706,-12.184365,-11.938827,-12.243638,-12.5476675,-13.037395,-13.527848
0.25356248,0.75918007,1.2633424,1.7638106,2.264701,2.7662125,3.2681465
46.28162,46.450325,46.61961,46.104378,45.588623,45.641846,45.69554
75.00383,75.15076,75.29718,75.000786,74.70375,74.395325,74.08937
15.950065,15.998708,16.048544,15.830321,15.61155,15.660796,15.708869
54.598057,54.648666,54.700775,54.976284,55.252037,55.269306,55.28746
62.646774,62.103592,61.562077,60.516647,59.471344,60.041607,60.613495
111.609,110.979614,110.349686,109.937546,109.526,109.92296,110.3208
0.29797667,-0.045751877,-0.39077264,-0.7117856,-1.0350584,-1.1301483,-1.2273554
49.11972,49.214146,49.30798,49.186367,49.064766,47.62681,46.18854
56.971893,57.44412,57.91732,57.3363,56.75658,57.47815,58.200462
15.843029,15.898861,15.952839,15.159583,14.365414,13.983234,13.603667
5.769562,5.8662596,5.961731,5.6745286,5.3861985,4.840193,4.293777
73.952034,73.83254,73.71393,73.10294,72.49006,72.07377,71.65873
18.648731,18.819191,18.989641,19.006788,19.02294,18.87866,18.734491
1.1011268,1.4216112,1.7431368,1.5747565,1.406674,0.6709794,-0.0650109
5.08975,5.856135,6.622006,6.824286,7.0267816,6.8965144,6.76701
14.060425,13.339339,12.617888,12.506979,12.395312,12.031831,11.669186
41.98607,43.26599,44.54487,44.817272,45.09057,45.103424,45.11625
53.97335,54.458702,54.94373,55.01832,55.091568,55.04443,54.997414
-50.702324,-49.974808,-49.24769,-48.405884,-47.566475,-47.42677,-47.28672
2.7027245,2.409752,2.1170502,2.291397,2.4643936,2.022375,1.5805569
46.84362,47.407772,47.973793,47.93556,47.90013,47.439655,46.97955
24.655407,24.051498,23.447708,23.711557,23.973537,24.630014,25.286787
-85.45442,-85.19226,-84.93033,-84.7081,-84.48484,-85.3931,-86.30196
124.68414,124.85304,125.02121,124.530556,124.038025,122.531265,121.02604
3.0195806,3.2972028,3.5746572,3.984678,4.394058,3.9848707,3.574888
25.344173,25.497658,25.652576,24.554283,23.455124,24.18143,24.908092
-6.0205874,-5.4411635,-4.8623466,-4.8162384,-4.768711,-5.67154,-6.575387
56.454067,57.487118,58.522003,58.093975,57.667088,57.636723,57.607357
-42.46109,-41.573357,-40.68595,-39.987453,-39.28876,-39.01729,-38.74646
78.85473,79.532555,80.20971,79.96243,79.714,80.022606,80.33115
14.955221,14.269361,13.582753,14.160367,14.737108,15.505312,16.272633
8.581138,8.942641,9.303708,10.267699,11.232621,11.818122,12.4058485
-41.466393,-41.978745,-42.490894,-42.2984,-42.105747,-41.372055,-40.639843
-83.50839,-83.54275,-83.578476,-83.295296,-83.01229,-82.76893,-82.52776
-46.904648,-47.25197,-47.60083,-47.37769,-47.155136,-46.361797,-45.570072
-29.910614,-30.298153,-30.686522,-30.734026,-30.78048,-30.50386,-30.226757
13.732863,13.46126,13.189645,13.034011,12.87828,12.763861,12.649491
12.219934,12.00925,11.798793,11.410147,11.020408,11.54748,12.07487
46.762203,46.968662,47.175556,47.312202,47.450867,47.599632,47.748745
-18.666807,-18.151152,-17.635014,-17.838789,-18.042253,-18.361847,-18.681444
13.023757,13.541652,14.061135,14.024917,13.988407,13.043772,12.099254
34.52056,35.478355,36.436287,36.6167,36.79971,36.019794,35.238316
5.8128242,5.9754105,6.1376543,6.646925,7.15627,7.6966343,8.236857
69.764175,69.27295,68.78227,68.21794,67.65215,67.731544,67.81256
18.988058,18.103659,17.219038,17.055332,16.890917,17.213823,17.537073
39.79135,40.786194,41.78067,41.57509,41.370716,41.18014,40.990055
63.731472,64.02812,64.32603,64.93943,65.55248,65.042336,64.53364
12.208056,12.537728,12.86922,12.815793,12.762227,12.290801,11.817775
13.940196,13.905496,13.871249,13.318506,12.765242,13.860415,14.957254
12.739209,13.213208,13.687102,14.405986,15.123529,14.50822,13.89404
-67.38048,-67.86692,-68.35297,-68.61377,-68.87638,-69.064674,-69.25401
-49.26596,-49.541584,-49.8181,-49.494003,-49.169983,-49.069298,-48.968987
-0.78101385,-1.0297893,-1.2777113,-1.6511654,-2.0252135,-2.28591,-2.5455124
4.9275618,4.9132338,4.8987646,4.759116,4.6196947,5.3531485,6.088542
-50.05045,-50.698677,-51.34554,-50.90469,-50.463802,-50.100048,-49.738148
23.24276,23.016224,22.788578,22.453074,22.116287,22.464367,22.81443
111.95958,111.97672,111.993195,111.35688,110.71913,110.80546,110.89393
30.001177,30.706547,31.413776,30.6488,29.884691,29.777802,29.670416
23.504957,23.788137,24.070883,24.38842,24.705936,24.88526,25.064613
65.45155,65.72249,65.994,66.45561,66.91757,67.00836,67.099396
39.263943,38.559475,37.85628,37.57203,37.2864,38.796345,40.307064
-54.742157,-54.69143,-54.63874,-54.62242,-54.606445,-54.671867,-54.738544
-85.189285,-85.51088,-85.83245,-85.10211,-84.36999,-83.76094,-83.15294
10.04981,9.501117,8.951649,9.031723,9.112916,9.005006,8.897907
-21.324709,-21.887865,-22.449251,-21.806393,-21.163855,-20.777866,-20.391413
11.906897,12.332457,12.757864,12.723141,12.688934,12.919667,13.151114
22.968523,23.105604,23.242239,24.485874,25.729486,26.755024,27.779669
69.84159,70.238525,70.63586,69.905754,69.17468,68.31525,67.455894
-8.8508415,-9.350054,-9.850972,-10.016831,-10.182241,-10.192123,-10.201129
-21.785248,-21.744379,-21.703716,-21.366245,-21.027576,-20.469475,-19.91166
33.98583,33.91728,33.84844,33.514305,33.181774,33.279663,33.379513
66.07733,66.33577,66.59464,66.651955,66.70795,66.56152,66.414314
-26.488544,-27.08366,-27.678509,-27.695454,-27.713875,-27.194832,-26.676064
28.936722,29.373203,29.809433,29.696655,29.583473,29.378723,29.175362
-3.2575333,-3.4888089,-3.721357,-3.3071392,-2.8923676,-2.6106975,-2.330066
57.891674,57.862286,57.833923,56.89179,55.949566,56.048504,56.147923
-2.6619172,-2.3245614,-1.9863149,-1.5779918,-1.1694854,-0.34404546,0.48175782
-49.794563,-50.30606,-50.81888,-50.86653,-50.913776,-50.984127,-51.055244
-4.4749565,-4.037197,-3.5987375,-2.6720865,-1.7466277,-2.664089,-3.5823877
-13.938889,-13.505003,-13.070946,-12.844932,-12.617846,-12.784964,-12.950863
40.575336,40.19652,39.81701,39.294525,38.770947,39.706745,40.6436
-49.344532,-49.653564,-49.963417,-49.055065,-48.147392,-49.188046,-50.22948
-21.79925,-21.755308,-21.710243,-21.658333,-21.606941,-21.140709,-20.675976
-21.611685,-21.546265,-21.480661,-21.791178,-22.101755,-21.871546,-21.642483
-85.01801,-85.550545,-86.083,-85.93301,-85.78344,-84.304054,-82.82595
41.588192,42.0266,42.464943,42.447723,42.43221,41.551243,40.669567
-63.971596,-63.588493,-63.2052,-62.955788,-62.707573,-61.828747,-60.95025
32.479893,32.287266,32.091896,33.31517,34.538578,34.403694,34.267155
-28.726276,-28.537626,-28.349283,-28.910116,-29.471216,-29.29651,-29.121729
18.83542,19.17274,19.509691,19.573313,19.637114,18.900927,18.166355
-1.5261513,-1.7727982,-2.0216575,-2.383985,-2.7469993,-3.5385756,-4.3315864
-13.158954,-13.336121,-13.5142975,-13.128337,-12.741332,-12.435969,-12.131204
-57.43068,-57.127964,-56.82611,-55.788776,-54.751266,-54.680553,-54.6095
-3.6367693,-3.9738607,-4.3102217,-3.2894125,-2.268386,-2.015605,-1.7620267
-87.38733,-87.36468,-87.342606,-86.80687,-86.27182,-85.57865,-84.884285
4.2712107,4.088328,3.9043317,4.1383495,4.3743443,4.0945654,3.8148456
-80.82358,-80.93523,-81.04707,-80.64432,-80.239716,-79.70136,-79.16333
-37.581345,-37.760616,-37.940933,-37.724716,-37.510414,-37.503048,-37.49547
-51.382812,-51.89158,-52.398155,-52.388268,-52.379105,-52.181595,-51.98317
47.27787,47.058826,46.83832,46.14928,45.45855,46.379173,47.299385
-19.153025,-19.659117,-20.165617,-20.670813,-21.17716,-20.18359,-19.189394
46.417137,45.98333,45.548424,45.818985,46.08958,45.025566,43.96302
-5.794012,-6.357273,-6.918667,-7.1679897,-7.416315,-7.387747,-7.358965
24.031313,23.101423,22.171669,22.79748,23.42299,24.117346,24.810373
112.3913,112.54235,112.69282,112.36213,112.03236,110.66801,109.30511
-1.0846229,-1.0292478,-0.9751163,-0.9785047,-0.98246247,-0.8140388,-0.6469303
9.656113,9.445694,9.23685,8.225714,7.2131534,6.9372935,6.662371
-10.279968,-10.823757,-11.368307,-11.831417,-12.29511,-13.554805,-14.815228
-134.46529,-134.69449,-134.92177,-135.01158,-135.10178,-134.08128,-133.0613
-3.2459736,-4.092681,-4.938798,-5.117694,-5.297078,-4.394347,-3.4921637
-64.003456,-63.329666,-62.65527,-61.710575,-60.765873,-60.445614,-60.12566
8.5154295,8.634547,8.752597,9.27409,9.795362,9.643034,9.489732
-25.564548,-25.280031,-24.997217,-24.865744,-24.735313,-25.522297,-26.310316
14.484985,14.610472,14.737671,15.373234,16.009882,15.944649,15.879623
4.5143495,4.310275,4.107241,5.1910048,6.2736697,5.978334,5.682505
13.944738,13.084711,12.223999,12.330919,12.437451,13.216677,13.996726
18.090057,17.775818,17.462763,17.594097,17.724445,17.428146,17.131168
-95.69146,-95.71038,-95.72699,-95.384026,-95.04088,-94.27986,-93.51891
-78.092285,-78.11561,-78.13773,-77.88832,-77.63981,-77.37305,-77.10649
-17.188185,-17.141905,-17.095915,-16.654112,-16.211786,-15.557644,-14.902246
-62.355495,-63.179188,-64.004234,-63.61644,-63.228058,-63.02158,-62.816425
-65.124886,-65.14892,-65.17305,-65.36569,-65.55861,-65.29805,-65.039024
-6.460674,-6.0634685,-5.666366,-6.2135444,-6.761785,-6.0190043,-5.276463
-29.97179,-29.980259,-29.989939,-29.92797,-29.86518,-30.358232,-30.851591
71.55617,71.82496,72.09165,71.83265,71.57217,72.168205,72.763405
68.28334,68.52874,68.77324,68.39926,68.024185,68.02376,68.02325
-93.789406,-93.24871,-92.70784,-92.09149,-91.47639,-89.84446,-88.21238
-67.06788,-67.54378,-68.01882,-68.35246,-68.68576,-68.915344,-69.14467
-43.772034,-44.348866,-44.92728,-44.71317,-44.500065,-44.76316,-45.026875
-32.112583,-32.274136,-32.436184,-32.361027,-32.285934,-31.809864,-31.332346
-4.6820035,-5.2424235,-5.8002014,-6.040093,-6.281026,-7.3272543,-8.373076
-40.20651,-39.793224,-39.37918,-39.342094,-39.30747,-39.436874,-39.56737
-16.414389,-16.4577,-16.50045,-16.728615,-16.956322,-17.577372,-18.199423
29.550926,29.992836,30.434383,29.32188,28.207897,28.551516,28.895437
45.999306,45.102055,44.204597,43.858494,43.514526,43.431873,43.35012
31.165234,32.05989,32.954967,33.04766,33.14102,32.142525,31.143867
27.635801,27.896982,28.159266,28.389137,28.62005,28.285814,27.95169
21.289474,21.796778,22.304104,22.436636,22.570988,22.78436,22.99847
-17.740013,-18.224213,-18.7086,-18.378162,-18.048101,-17.962265,-17.875896
35.634666,35.76691,35.90015,35.872955,35.847454,34.633766,33.42045
67.79559,68.29757,68.799484,69.29788,69.795975,69.89392,69.99279
-0.26804617,-0.58533937,-0.9013036,-0.9357856,-0.97045547,-1.045521,-1.1213248
59.81021,60.41874,61.026123,61.102303,61.17759,61.07676,60.977913
70.45168,70.33588,70.21938,70.35432,70.488495,71.270386,72.05296
-1.1997871,-0.988163,-0.776556,-1.2016563,-1.6274033,-0.80955315,0.010049807
-12.027408,-11.8137045,-11.600726,-11.568778,-11.535613,-10.607493,-9.679038
21.59461,21.959312,22.325335,23.118925,23.911266,23.583143,23.25561
-42.413322,-42.834274,-43.25402,-43.215965,-43.177326,-42.55739,-41.937225
-44.314743,-44.05685,-43.798347,-44.121754,-44.443737,-44.360184,-44.277473
43.711052,44.212944,44.715584,45.95602,47.195717,46.999557,46.80211
-10.758486,-10.780576,-10.802794,-11.061094,-11.318501,-11.343094,-11.368418
78.08216,77.566895,77.05441,76.94521,76.835976,76.56688,76.299225
-26.04995,-26.856789,-27.662075,-27.612125,-27.562159,-27.620632,-27.677303
-108.913795,-109.4277,-109.94166,-109.53503,-109.130104,-109.05238,-108.97572
39.682926,40.266476,40.850414,40.025818,39.200443,39.351353,39.501926
121.66665,122.14922,122.632256,121.272736,119.91226,119.79206,119.67225
88.89846,88.34161,87.78566,87.518936,87.25104,87.41319,87.57571
82.8351,83.13118,83.42737,84.34782,85.27087,85.10077,84.92935
40.53754,41.00738,41.475513,41.551678,41.627777,41.352795,41.078102
15.914593,16.499228,17.08201,17.863878,18.646132,17.749765,16.853313
-26.993864,-25.933573,-24.872189,-25.457462,-26.043917,-26.204437,-26.364904
-67.33431,-67.438644,-67.54189,-66.956436,-66.370865,-66.48273,-66.59604
41.750183,42.050232,42.351357,42.616753,42.881805,41.51715,40.151855
6.774216,6.9311414,7.0881963,7.020787,6.954926,7.134932,7.3149266
34.913845,34.684963,34.45544,35.06446,35.674217,35.79618,35.9181
-15.787967,-15.665945,-15.544279,-15.753676,-15.963057,-15.760254,-15.556715
29.408579,29.188858,28.970083,29.768538,30.568857,30.49704,30.426722
-0.56848115,-0.621576,-0.6759631,-0.33045742,0.015551849,0.6708959,1.3262951
82.48965,81.76028,81.03115,81.02256,81.01277,80.84138,80.67135
22.780178,23.262245,23.745823,24.041544,24.337002,23.989069,23.642246
-49.516865,-49.69014,-49.865067,-49.434723,-49.004803,-47.778465,-46.55108
-14.290715,-14.21026,-14.129789,-13.941226,-13.754214,-13.317099,-12.879619
-95.30625,-96.00149,-96.695366,-96.8718,-97.04836,-96.79467,-96.5409
36.57072,36.673508,36.776268,37.003017,37.23014,37.026936,36.821796
49.790318,49.74355,49.697224,49.517067,49.338017,49.239876,49.140415
54.352493,54.453384,54.55399,53.688354,52.82334,52.536736,52.25168
-19.158834,-18.846457,-18.53447,-18.698149,-18.860836,-18.428474,-17.995342
52.544773,53.60804,54.671608,54.58218,54.49135,54.847576,55.203613
-4.5521326,-4.0771112,-3.6028244,-4.046681,-4.489995,-4.226524,-3.9617326
54.19215,54.21907,54.24461,54.396927,54.550423,53.77165,52.993626
62.200665,60.92206,59.64218,59.257515,58.872143,58.56571,58.258278
-23.271378,-23.371742,-23.470894,-23.92783,-24.384476,-24.552021,-24.720398
-55.602463,-55.68019,-55.759857,-55.451855,-55.144684,-55.040657,-54.937157
65.75397,66.50964,67.26472,67.71064,68.155975,67.973564,67.79277
49.33936,49.782665,50.226368,49.313004,48.40083,48.11018,47.82018
61.040916,60.62436,60.207314,60.335453,60.46496,60.661556,60.85704
5.654283,5.1817813,4.7105856,3.9908154,3.2688916,4.6843934,6.0993767
-91.347694,-90.83221,-90.315865,-89.36433,-88.41373,-87.74391,-87.074425
4.851472,4.8063517,4.7619514,5.176933,5.592414,5.985017,6.378747
52.18466,52.92348,53.66353,52.9219,52.179127,52.308987,52.439106
-28.421623,-28.419628,-28.418552,-28.2947,-28.1703,-28.295765,-28.42052
10.27819,10.897956,11.518735,11.923547,12.329613,12.488131,12.648624
-78.81688,-79.210556,-79.602585,-79.20285,-78.80466,-78.150986,-77.49808
4.7210164,5.2886176,5.856004,5.87059,5.884909,5.2641563,4.64311
-15.958915,-16.884563,-17.811445,-17.919537,-18.02766,-17.507444,-16.986727
-18.428139,-19.356125,-20.285948,-20.628187,-20.97122,-21.711811,-22.453049
8.080716,8.113215,8.146505,7.942295,7.737835,7.9279065,8.117101
48.247704,48.686943,49.125507,48.892845,48.661705,48.345646,48.031166
-74.10855,-73.48599,-72.86424,-72.90372,-72.94229,-72.578415,-72.2162
61.408573,61.24514,61.08221,60.596592,60.112404,61.101753,62.094448
-14.46063,-14.6789255,-14.896705,-15.149465,-15.401668,-15.18863,-14.97575
-82.6402,-82.96597,-83.29277,-83.135086,-82.97633,-82.939575,-82.903
-53.001923,-52.59236,-52.182964,-51.705696,-51.227512,-51.768414,-52.309727
99.25099,99.83079,100.41051,99.82605,99.24167,99.223885,99.20694
32.414337,32.30204,32.190342,32.51341,32.83649,33.337505,33.838642
47.7198,47.79314,47.866886,47.79512,47.72361,47.368057,47.012085
-47.760456,-48.611595,-49.46145,-48.914726,-48.36664,-47.738483,-47.11091
-34.7396,-34.5056,-34.270355,-33.839855,-33.40967,-33.01074,-32.61216
32.644375,32.28181,31.919065,31.544321,31.16813,31.73863,32.31042
-33.8855,-34.754066,-35.62243,-35.715393,-35.810814,-36.460808,-37.112183
49.039944,49.180164,49.320866,49.74915,50.177307,50.68508,51.193035
39.610107,39.347935,39.08632,38.80642,38.528145,38.6846,38.839935
-69.98552,-70.56161,-71.1361,-71.01518,-70.89515,-71.355896,-71.81773
47.708645,47.596123,47.486298,47.26426,47.04264,46.995018,46.9467
-9.416199,-10.148413,-10.879444,-11.487843,-12.095278,-12.66898,-13.243076
-44.462944,-43.633022,-42.803978,-43.228176,-43.651283,-43.313812,-42.977684
-22.513275,-22.286762,-22.05982,-21.614498,-21.167065,-20.988564,-20.81034
13.748692,14.096035,14.44211,14.848348,15.253746,15.487537,15.721735
-59.672886,-60.03673,-60.401974,-60.74917,-61.096867,-61.386883,-61.67828
13.223135,13.296004,13.367788,13.5688305,13.769696,14.354924,14.939916
5.03133,5.108263,5.1857834,4.6853027,4.1841183,3.4989793,2.812412
-14.674832,-14.596752,-14.51847,-14.424321,-14.3303385,-13.086688,-11.842544
38.59305,38.718456,38.843807,39.296528,39.749737,39.099167,38.447453
6.2000055,6.541938,6.8818007,6.9981623,7.115366,6.7006264,6.2836666
45.04239,45.129242,45.216934,45.963783,46.710052,47.211853,47.713715
-33.54103,-33.42568,-33.308716,-33.618988,-33.928513,-33.880653,-33.831703
-14.5098505,-14.601921,-14.693739,-14.533295,-14.374394,-14.251861,-14.130549
1.6096585,1.1245759,0.6395685,-0.026183898,-0.69207937,0.49606246,1.6829779
0.12833224,0.3469735,0.5655776,0.7415105,0.91711724,0.47936735,0.041945558
-42.136562,-42.323654,-42.511044,-42.339104,-42.168118,-41.818527,-41.46936
-66.70017,-67.517685,-68.335236,-68.441605,-68.54809,-68.2073,-67.86695
-33.407475,-33.49114,-33.572903,-33.718067,-33.86339,-34.20239,-34.542233
-35.604183,-35.61629,-35.62772,-35.719654,-35.81204,-35.853615,-35.896935
23.236982,22.62168,22.008146,22.629374,23.25036,23.051836,22.853937
-65.41798,-65.043236,-64.66827,-64.21919,-63.769485,-63.04128,-62.313477
-23.381481,-23.468914,-23.556433,-23.21349,-22.86998,-23.01204,-23.154743
43.36642,44.05144,44.73535,45.423607,46.11031,46.423912,46.738815
-55.738125,-55.974686,-56.210453,-55.994637,-55.779152,-56.50759,-57.2359
-27.376698,-27.031929,-26.687763,-26.583904,-26.480917,-25.167416,-23.853867
-102.53144,-102.2393,-101.94701,-101.544716,-101.14123,-100.82505,-100.5085
-9.734094,-10.11174,-10.489789,-10.617653,-10.745864,-10.450428,-10.155533
4.0123124,4.630115,5.2476525,5.8017526,6.3569503,6.9925237,7.6270604
1.8589888,1.6960669,1.5321875,1.9047136,2.2771893,2.1692333,2.0609913
61.22093,61.01358,60.804993,60.665916,60.52574,59.974625,59.424255
-25.10142,-25.701105,-26.3012,-25.731522,-25.16305,-25.091295,-25.019945
8.482162,7.757066,7.03307,6.782133,6.531006,6.4021387,6.271373
20.491325,20.49546,20.499462,21.289652,22.0798,22.694582,23.310028
-11.613602,-11.6300955,-11.645118,-11.5711565,-11.495734,-11.166191,-10.835806
-4.942109,-5.2478933,-5.5533304,-5.570508,-5.5896482,-5.0278635,-4.4653254
-26.847689,-27.09747,-27.348385,-27.286705,-27.22418,-27.871141,-28.517626
-22.806192,-21.89851,-20.992489,-20.5988,-20.204395,-20.156715,-20.10836
31.276215,31.370556,31.464037,30.225885,28.988213,28.785986,28.583893
64.73406,65.30343,65.87253,65.73711,65.601265,65.05376,64.50674
-83.87762,-83.382454,-82.88594,-82.81713,-82.74723,-82.23509,-81.72454
-1.3948783,-0.5491803,0.29675886,0.95483845,1.6131718,1.3724349,1.1331806
58.02515,57.82671,57.628513,57.79704,57.965073,57.964333,57.9652
-39.826813,-39.68107,-39.536644,-40.032608,-40.530003,-40.850853,-41.174026
36.869404,36.46912,36.06956,36.428867,36.786716,35.899097,35.01038
3.831433,3.4617412,3.0927503,2.4223716,1.7513558,1.7162701,1.6807753
55.7672,56.165154,56.563736,56.45201,56.340244,56.60639,56.87362
41.395363,41.72861,42.062817,42.4447,42.82818,42.659927,42.491966
86.3162,86.15253,85.98709,85.31249,84.636696,83.9101,83.18327
60.47327,61.100327,61.72705,62.374245,63.02271,61.76502,60.508255
40.48237,40.32063,40.15825,39.805,39.45299,39.50457,39.557854
5.979714,5.7730827,5.567646,4.9072714,4.246037,4.546589,4.846858
4.293388,4.520245,4.748873,4.184573,3.6211977,3.4950416,3.3696759
59.66554,59.87943,60.093876,59.66982,59.24524,60.29419,61.343998
4.6038594,5.867,7.1299,7.1605887,7.1924715,6.24623,5.3003
-91.35822,-90.708466,-90.05865,-89.73997,-89.42056,-88.9359,-88.452194
-1.9425906,-1.9557933,-1.9695176,-1.1924816,-0.41672242,-0.8597506,-1.303089
9.719347,9.110801,8.50096,7.801904,7.1023097,7.0903416,7.0758576
-8.546952,-9.034949,-9.522634,-10.467996,-11.413553,-11.090644,-10.768294
-56.47561,-55.71242,-54.949776,-54.431335,-53.91317,-53.386276,-52.85802
-5.9124813,-5.5126657,-5.112199,-4.8983116,-4.6846,-4.6458874,-4.6059265
-32.664913,-32.717262,-32.77012,-32.52521,-32.27938,-31.775244,-31.2716
-15.906545,-15.415154,-14.922752,-15.183965,-15.444526,-15.655396,-15.866117
-33.31585,-33.22425,-33.132412,-33.07628,-33.01982,-32.89801,-32.77621
79.64268,79.870155,80.09682,79.498795,78.90041,78.06525,77.230965
-9.754566,-9.781674,-9.809909,-10.007705,-10.206197,-9.83208,-9.456492
-11.543131,-11.550232,-11.557577,-11.127056,-10.697205,-11.237335,-11.778042
-32.409035,-32.922195,-33.434917,-33.198063,-32.96201,-33.07272,-33.18172
-10.935125,-10.556034,-10.176626,-10.116695,-10.05678,-10.356684,-10.657463
9.227868,9.763555,10.298712,10.240513,10.183631,10.160913,10.137691
-54.899746,-55.29481,-55.68838,-56.06454,-56.442337,-54.989716,-53.536453
31.661442,32.2852,32.90993,33.140465,33.370525,33.470165,33.570103
-84.29071,-83.83569,-83.37889,-83.03786,-82.69699,-82.65434,-82.61214
-12.077158,-11.906191,-11.736122,-12.504956,-13.273394,-12.288422,-11.30372
74.24793,74.69736,75.14811,75.07801,75.00868,74.022995,73.038155
-36.64796,-35.90218,-35.155537,-35.766468,-36.375923,-36.744564,-37.11253
26.07683,25.890976,25.704496,25.803543,25.903378,25.645493,25.38708
49.931023,49.731026,49.53089,48.74907,47.96682,48.562042,49.158295
-15.385528,-15.154391,-14.924946,-14.855681,-14.7869005,-15.231466,-15.677793
21.601078,21.381634,21.162569,21.11956,21.078678,20.872421,20.66642
24.461964,24.168999,23.876389,23.527079,23.177837,23.058865,22.939608
-32.819412,-32.874958,-32.9305,-32.279198,-31.627687,-30.95095,-30.273764
-40.254036,-40.418465,-40.583767,-40.485355,-40.389168,-40.448364,-40.506798
17.621967,16.752237,15.883812,16.234657,16.58616,16.254425,15.923345
-33.609577,-33.1965,-32.784,-32.43127,-32.078568,-32.033566,-31.98669
67.6753,68.26972,68.86454,69.33327,69.80247,69.43989,69.07839
-22.978003,-22.686176,-22.395391,-22.35218,-22.308212,-22.133368,-21.959675
-30.496305,-30.250784,-30.005154,-30.200836,-30.39525,-29.750996,-29.107029
3.4947906,3.142912,2.7903214,2.7150974,2.6389513,3.310298,3.9821916
1.6966484,2.2499263,2.8025844,3.626269,4.449399,4.176343,3.9035366
46.250553,46.40038,46.549187,45.644653,44.740993,45.514324,46.286846
20.2005,20.85399,21.506975,20.863543,20.22016,18.984903,17.749218
31.852867,31.608122,31.364388,31.05778,30.752598,31.044449,31.335472
-32.95248,-31.975922,-31.000069,-31.708347,-32.415535,-32.980602,-33.54601
49.764175,50.456768,51.14886,50.82068,50.491077,49.5048,48.51997
2.2910464,2.4735348,2.6552708,3.1167252,3.5782368,3.2535918,2.9288495
-58.961727,-59.277905,-59.59371,-58.930458,-58.266857,-58.4716,-58.676586
13.804859,13.983198,14.160311,13.690524,13.220992,12.894542,12.5668745
-59.76219,-59.82671,-59.89152,-59.827374,-59.76372,-60.551,-61.33852
65.85411,64.72894,63.603558,63.379578,63.15546,64.324814,65.49505
40.02992,40.0423,40.05364,39.88673,39.718075,39.686718,39.65579
11.505705,11.752083,11.998348,12.609606,13.220485,12.913431,12.606075
31.590815,31.932878,32.274593,32.427525,32.581978,31.39894,30.215427
-98.98344,-99.006676,-99.031334,-99.165596,-99.30035,-98.38304,-97.46764
-12.13625,-11.345443,-10.55541,-10.546688,-10.536776,-10.736845,-10.936347
-63.26116,-63.123978,-62.98819,-61.990395,-60.993977,-59.97891,-58.964214
70.001915,69.94062,69.88216,69.47373,69.06449,69.519844,69.976074
-32.767475,-32.624332,-32.48215,-32.80815,-33.1345,-32.73405,-32.332912
-9.818332,-10.391958,-10.966874,-11.612258,-12.257627,-11.612758,-10.966311
25.36572,25.412529,25.461071,25.259066,25.058002,24.094082,23.128197
-7.7147646,-7.6048107,-7.4954205,-7.6380715,-7.78141,-7.05474,-6.328015
11.343491,11.415728,11.487991,11.332607,11.175911,10.846148,10.51759
-36.814728,-36.484608,-36.15342,-36.01368,-35.87431,-34.363716,-32.853455
-1.2414997,-1.520253,-1.7992351,-1.4867408,-1.1745918,-1.3578308,-1.5406406
26.52742,26.54844,26.56891,26.078821,25.589073,26.027239,26.468502
13.678199,13.623836,13.5689535,13.978599,14.3875265,13.995641,13.602668
-56.28757,-57.046066,-57.80399,-56.646446,-55.488777,-55.03972,-54.589996
1.0462223,1.6872804,2.3286107,2.5691202,2.8102927,2.8830836,2.9572375
25.443533,25.794634,26.146706,25.586367,25.026676,25.378368,25.730711
31.584486,32.0108,32.437626,32.99419,33.553,33.10333,32.653522
46.178833,45.812183,45.44614,45.40573,45.363865,45.281048,45.20061
66.869255,67.58561,68.30124,68.6308,68.960686,68.84441,68.72878
1.0017474,2.1007006,3.1997035,2.8709157,2.5427544,2.0472577,1.5528357
-45.676678,-45.923855,-46.171555,-46.22837,-46.28346,-46.010147,-45.738354
-65.05576,-65.08201,-65.11064,-64.56061,-64.01157,-63.6766,-63.342434
27.897274,27.928596,27.959862,27.707298,27.455633,27.908863,28.362476
5.457715,5.0990953,4.739258,5.25776,5.7767067,6.6612244,7.546997
25.81941,25.759548,25.700752,26.514732,27.32879,26.607468,25.886135
-72.346794,-73.2919,-74.23608,-73.56429,-72.892685,-72.38517,-71.87676
16.64752,16.019436,15.390946,15.368805,15.3466015,15.210196,15.073527
-38.44886,-39.031963,-39.61386,-40.028503,-40.442383,-40.26138,-40.081284
2.8502166,3.4833057,4.1157656,4.1014414,4.0871477,3.3536823,2.6205833
-29.29551,-29.046469,-28.79758,-28.498121,-28.200964,-28.81981,-29.43836
-15.115616,-15.491614,-15.8663845,-15.993779,-16.11958,-16.337463,-16.555964
38.035706,37.740685,37.44558,37.898094,38.350315,38.522934,38.696796
23.807215,24.180935,24.553757,25.168072,25.782293,26.054361,26.326805
-58.475937,-58.2484,-58.021095,-57.020325,-56.018517,-55.84784,-55.676426
21.903484,21.39318,20.88295,21.624535,22.365868,22.7594,23.152296
-61.32784,-60.683502,-60.039555,-59.459805,-58.880096,-59.52689,-60.17418
-70.86396,-70.81114,-70.75877,-70.74147,-70.72544,-71.0503,-71.37569
-3.9942026,-4.525956,-5.057288,-5.294941,-5.5347667,-6.6666074,-7.7977037
28.934385,29.281343,29.62933,28.849209,28.06999,28.568224,29.066118
69.04879,68.92881,68.80938,69.65214,70.49445,70.200615,69.90729
15.778691,15.277902,14.776668,14.360427,13.943959,14.111485,14.280399
107.831764,107.89379,107.954796,107.25263,106.549965,106.27804,106.007835
-38.701317,-39.306942,-39.911995,-39.80584,-39.69885,-40.097084,-40.496433
-46.30348,-45.66019,-45.017303,-43.755688,-42.493652,-42.987366,-43.48254
-50.6502,-50.83766,-51.025963,-50.967087,-50.906418,-51.073444,-51.24061
5.05586,4.807462,4.5586734,5.016933,5.476167,5.41468,5.352741
6.9088016,6.588806,6.2685094,6.470908,6.672723,5.970636,5.267843
-28.056368,-26.918386,-25.78002,-25.57107,-25.362871,-25.10221,-24.841906
-58.879272,-59.268326,-59.657726,-59.225002,-58.792892,-58.52843,-58.265965
6.3575087,5.926322,5.4966416,5.478805,5.461142,5.7969704,6.133696
-75.1572,-75.31735,-75.478905,-75.73292,-75.987656,-76.35155,-76.71754
4.5070047,4.169228,3.8330417,4.069613,4.307111,3.3318377,2.3556223
-96.15397,-95.881485,-95.60821,-95.40532,-95.202415,-94.85833,-94.515076
-16.136913,-16.172132,-16.208193,-16.423426,-16.63927,-16.86774,-17.095772
-1.614569,-2.4161112,-3.2175767,-3.3736832,-3.530124,-3.501322,-3.4725506
-58.10143,-57.443447,-56.78493,-56.097073,-55.41,-55.519867,-55.629498
-23.780771,-24.37579,-24.97149,-24.644022,-24.316721,-24.106909,-23.89705
-31.80571,-31.160088,-30.515228,-30.385233,-30.255123,-30.31094,-30.366547
24.09277,24.727407,25.360653,25.491245,25.620094,25.390808,25.162054
3.049694,3.1670132,3.2837992,2.769205,2.2560644,1.6694652,1.0830222
-42.78567,-41.866528,-40.947704,-40.984634,-41.020405,-40.935352,-40.85043
-48.629566,-48.912533,-49.196583,-49.368652,-49.539894,-48.50887,-47.479763
20.839216,20.81664,20.79353,21.092886,21.391396,22.085007,22.77905
53.880856,53.992413,54.104973,53.367195,52.6299,51.82804,51.026974
-45.707222,-45.471325,-45.23573,-45.435123,-45.63639,-46.03085,-46.425587
-32.61876,-32.731823,-32.844563,-32.99578,-33.14617,-32.450943,-31.756647
-15.472187,-15.858435,-16.24532,-16.16698,-16.087376,-14.962376,-13.836494
-47.952694,-48.125393,-48.298504,-48.24546,-48.193203,-48.252705,-48.312172
51.513256,51.800568,52.087242,51.784008,51.48115,51.663677,51.846413
26.685186,26.936459,27.186443,27.533669,27.88171,27.65383,27.426504
90.16176,90.97864,91.79605,91.64667,91.49815,91.30158,91.106384
15.307589,15.0032625,14.698883,14.868685,15.039921,15.2777405,15.516708
83.78709,84.18343,84.58157,83.83683,83.09294,82.46586,81.83863
-80.19453,-81.25258,-82.311134,-81.98476,-81.6575,-80.36611,-79.07449
-33.615784,-33.372795,-33.128803,-32.83396,-32.53702,-31.933893,-31.33143
-82.577,-83.116936,-83.65653,-83.542915,-83.42821,-84.472885,-85.51937
74.70516,74.337685,73.97091,73.92674,73.88164,74.17017,74.4603
-8.47493,-8.655985,-8.83732,-8.92774,-9.017778,-9.186302,-9.354887
65.99088,65.08081,64.171646,64.1398,64.10829,64.26296,64.41774
14.107328,15.240882,16.37509,16.452562,16.530838,16.643301,16.7557
26.885809,26.294582,25.703232,25.075039,24.44688,24.548939,24.652412
-37.181004,-36.877823,-36.574707,-36.257545,-35.93849,-35.75384,-35.57002
4.184934,3.847233,3.5106823,3.098306,2.6859934,2.9947436,3.3034165
63.29397,63.947647,64.60211,64.366554,64.13268,63.92076,63.710197
50.824867,51.04046,51.256283,49.736626,48.216328,48.39602,48.576965
61.901104,62.737846,63.574684,63.629234,63.683655,62.949493,62.21596
-11.944938,-12.574576,-13.205295,-13.282521,-13.362174,-13.944455,-14.526881
-12.67221,-11.808548,-10.944097,-10.230214,-9.516302,-10.441653,-11.367272
-27.654104,-27.647413,-27.639935,-26.931795,-26.224821,-26.362278,-26.49905
-14.128692,-14.247281,-14.366153,-13.508626,-12.650925,-12.858264,-13.065928
11.486853,10.659421,9.83161,9.452948,9.073619,8.750691,8.425858
65.370674,65.44959,65.52804,65.19251,64.85855,64.24801,63.63824
53.970238,54.026875,54.08394,53.32884,52.573093,52.829082,53.086357
-47.29304,-48.014236,-48.735733,-48.065575,-47.395535,-46.446396,-45.49714
8.698469,8.216913,7.735912,7.7126927,7.691938,8.594422,9.496995
15.988068,16.27346,16.558613,17.690416,18.82184,18.30918,17.798277
-58.462105,-58.89485,-59.32721,-59.830006,-60.33058,-60.174763,-60.020084
79.71621,79.50275,79.28962,79.282616,79.275475,78.81549,78.35888
-99.4174,-99.43821,-99.45724,-99.00492,-98.55128,-98.6506,-98.74964
-15.293704,-15.402855,-15.512197,-15.17323,-14.834323,-14.942625,-15.05318
-67.69659,-68.04304,-68.38865,-68.47578,-68.563515,-67.51749,-66.4736
65.83038,66.139565,66.45009,66.13829,65.826744,65.174324,64.52362
-19.676704,-19.28006,-18.88608,-18.82461,-18.763165,-18.736588,-18.710669
67.2827,67.467606,67.65368,66.66492,65.67634,66.47813,67.28036
-64.404816,-64.07298,-63.74015,-62.81873,-61.89782,-62.084263,-62.271214
7.553586,7.823706,8.092971,7.7910476,7.487114,7.693469,7.9004602
-4.7636433,-5.49452,-6.2254686,-6.616044,-7.006419,-7.8679132,-8.730661
0.94050837,0.78510714,0.63068247,1.1083741,1.5860658,1.355164,1.1246285
109.76821,109.95491,110.1409,109.36134,108.583755,108.69554,108.807686
-33.86311,-34.420444,-34.97772,-35.243355,-35.509514,-35.79894,-36.0899
-35.302242,-35.16729,-35.031414,-35.425232,-35.81826,-36.111553,-36.40482
55.22426,55.19547,55.16739,54.82788,54.48575,54.662006,54.839424
-31.512106,-31.235867,-30.961191,-31.305399,-31.649525,-31.229645,-30.809229
-31.64162,-31.301483,-30.961199,-31.080177,-31.198502,-32.02402,-32.850147
-60.56407,-60.400093,-60.234848,-60.062435,-59.890312,-59.45871,-59.0259
-8.65028,-9.226422,-9.803059,-10.055375,-10.307732,-9.397822,-8.486766
32.24079,33.311863,34.382732,34.176395,33.970047,32.806538,31.641815
-49.370262,-49.18456,-48.999935,-48.639996,-48.280533,-48.1116,-47.944187
4.3187604,4.928185,5.537806,6.5401597,7.5425878,7.8633313,8.184935
87.37616,86.89476,86.414795,86.508026,86.60149,86.88452,87.1683
32.39086,32.959896,33.529236,33.6689,33.809277,33.349052,32.88964
-20.887714,-20.186977,-19.487123,-19.024841,-18.565258,-18.036997,-17.506834
-3.8840392,-3.7660677,-3.6472733,-4.146526,-4.646535,-4.899523,-5.152388
10.138695,10.195282,10.25223,10.445388,10.638639,10.744485,10.850887
-22.34127,-22.449907,-22.56004,-22.621378,-22.683567,-22.99339,-23.302158
39.89431,39.981102,40.068417,40.25112,40.43272,40.67563,40.917984
-82.890175,-82.84102,-82.79125,-82.75457,-82.71664,-83.180855,-83.64546
-15.14285,-15.904273,-16.66423,-16.97306,-17.282558,-17.03877,-16.795683
-48.999874,-49.46713,-49.935444,-49.7019,-49.469803,-49.771526,-50.07242
-53.421307,-53.507915,-53.5957,-53.270905,-52.946774,-52.35493,-51.761833
39.675373,39.477657,39.282207,39.55029,39.818554,38.838783,37.860004
-105.73147,-106.29382,-106.856804,-106.47303,-106.08877,-105.06939,-104.051605
-25.675161,-25.260054,-24.844973,-25.307924,-25.769733,-25.149454,-24.528742
-103.54123,-104.01495,-104.487526,-104.38887,-104.287994,-104.046646,-103.8059
-110.92382,-110.7073,-110.49079,-110.31177,-110.13264,-109.732254,-109.33227
-53.21596,-52.80862,-52.401768,-52.220615,-52.04107,-51.95091,-51.859818
-71.51202,-72.091805,-72.67156,-72.95619,-73.241875,-72.638016,-72.03446
-28.032448,-28.665497,-29.298613,-28.84727,-28.39488,-27.560493,-26.72787
-97.15742,-97.02639,-96.8949,-96.13668,-95.37757,-94.81385,-94.25115
-57.35819,-56.932194,-56.50757,-56.653446,-56.800167,-57.39423,-57.989056
0.30690214,-0.16782548,-0.6411264,-1.874582,-3.1090896,-4.271797,-5.4344244
-33.78838,-33.0927,-32.396965,-32.68475,-32.9725,-33.021328,-33.070957
3.9384742,3.5125728,3.088244,3.1723847,3.2573762,2.5199466,1.7842108
9.771851,10.427063,11.081718,11.422447,11.763002,11.519526,11.276454
28.839672,28.992874,29.145073,29.177929,29.211994,28.730213,28.247875
6.0128174,6.7079973,7.402423,7.91261,8.423784,8.704287,8.986872
9.179248,9.0386,8.89675,9.370755,9.846862,9.710223,9.573771
-22.305902,-22.518684,-22.733599,-22.921352,-23.11028,-23.28378,-23.45755
-3.0354545,-2.9322944,-2.8288846,-3.379519,-3.9313293,-4.3089805,-4.6859455
61.925293,62.530354,63.134308,62.470684,61.807636,61.71725,61.628323
-43.09832,-43.757236,-44.416897,-43.682404,-42.94798,-42.26613,-41.58444
-18.425077,-18.338709,-18.252008,-18.499037,-18.745726,-19.245354,-19.748444
-3.7705107,-4.8408113,-5.9111676,-5.484397,-5.058281,-4.546792,-4.03503
56.23197,56.289932,56.3473,56.456345,56.5649,56.141945,55.718792
-2.833359,-2.8335698,-2.833667,-3.0924141,-3.3501723,-3.7877743,-4.22764
10.946527,10.301037,9.655994,9.568504,9.47994,9.381809,9.284023
41.85285,41.958878,42.063347,42.264736,42.465923,42.562645,42.658546
-3.1727726,-2.3071513,-1.4425609,-1.319565,-1.1965611,-1.6608806,-2.1263962
-74.46742,-75.24018,-76.01219,-77.1216,-78.23134,-77.78948,-77.34918
-111.130615,-110.90391,-110.67766,-110.90111,-111.1256,-110.3184,-109.511284
-94.65978,-95.01881,-95.37753,-94.95699,-94.53727,-92.887245,-91.23899
-70.65305,-71.032265,-71.410255,-72.221016,-73.0319,-72.86477,-72.69851
23.463255,23.685244,23.907143,23.78361,23.65974,23.216621,22.772696
21.473764,21.359423,21.246847,21.027094,20.805807,20.803225,20.800024
64.35524,64.27458,64.1925,64.17699,64.16168,64.74794,65.334694
-49.07843,-49.054703,-49.03076,-49.592186,-50.153343,-49.891106,-49.62793
34.918648,34.099785,33.27973,33.15375,33.02729,33.109383,33.193043
-6.6774926,-6.869944,-7.0608234,-6.9191337,-6.778531,-6.509037,-6.2387366
-30.125008,-30.201132,-30.279358,-30.661589,-31.04253,-30.927391,-30.81216
-90.855835,-91.45897,-92.06235,-91.15799,-90.253296,-89.493286,-88.73357
-51.572334,-51.70596,-51.839005,-51.72107,-51.60112,-51.66937,-51.73792
-51.962948,-52.19237,-52.42244,-52.262943,-52.103836,-51.6831,-51.263973
-4.0153446,-4.5449715,-5.0733223,-4.8246794,-4.577709,-4.91321,-5.249077
49.0823,49.64762,50.211494,49.725037,49.23934,48.713703,48.189255
5.36093,5.5766397,5.7924504,5.851894,5.911058,5.56605,5.220941
7.8078823,7.108939,6.4106913,6.6263123,6.841566,7.364197,7.8882914
-50.3939,-50.340523,-50.28639,-49.646183,-49.004677,-49.12994,-49.25598
-96.27458,-96.691635,-97.10784,-96.31762,-95.52698,-94.87432,-94.22302
34.870945,34.426723,33.982674,34.1003,34.218197,35.02753,35.837627
-44.960793,-45.30966,-45.658215,-45.37326,-45.088676,-45.254234,-45.420258
8.48723,7.6984572,6.9108047,6.316314,5.7202487,5.5615735,5.4027543
-62.40902,-63.363117,-64.31776,-64.15513,-63.99257,-63.74514,-63.49858
112.28992,111.71646,111.1424,110.08902,109.03559,108.926544,108.81843
-5.8405104,-5.054426,-4.269991,-4.332222,-4.3935432,-3.5241928,-2.6534739
-65.40161,-65.66215,-65.92195,-65.90767,-65.893456,-65.8525,-65.813416
-1.6013312,-0.9090404,-0.21729751,-0.013002345,0.1920362,-1.0281281,-2.249744
124.14571,124.82748,125.51077,124.65963,123.809204,122.845665,121.88394
74.40173,73.3192,72.23878,71.2819,70.325775,71.430244,72.53527
4.410436,5.4498386,6.487993,6.295806,6.104571,5.837277,5.5703263
-105.17174,-105.80461,-106.43887,-105.968765,-105.49736,-105.58298,-105.670654
49.76111,49.66893,49.576595,50.13379,50.690563,50.981003,51.271137
2.9332614,2.1691928,1.4055015,0.9363237,0.46849066,-0.14740533,-0.7638721
13.847126,14.034915,14.223082,14.6398735,15.057399,15.102707,15.147995
31.184618,31.055408,30.925314,30.79717,30.670118,30.793638,30.917173
50.676304,50.537064,50.397694,49.40051,48.40263,47.6777,46.95303
73.1271,72.45924,71.78928,71.96789,72.14555,71.37073,70.59605
-5.448398,-5.7878494,-6.1257844,-6.153588,-6.181101,-7.046144,-7.9123235
-35.077232,-35.01171,-34.94518,-34.224117,-33.503315,-34.3901,-35.27759
38.60245,39.077236,39.55176,39.035423,38.520153,38.508232,38.49834
-16.635353,-15.980119,-15.324212,-13.91532,-12.5068655,-12.55354,-12.599547
-91.8913,-92.07614,-92.26205,-92.7773,-93.290726,-92.74054,-92.190865
-2.6956003,-2.1957643,-1.6960944,-2.2626398,-2.8303678,-2.6510599,-2.4730642
-8.814054,-8.455413,-8.096342,-7.5621543,-7.027697,-6.1556177,-5.2834086
-26.257515,-26.570837,-26.883652,-27.64393,-28.404669,-27.94092,-27.476847
4.1070967,4.0388937,3.9713051,4.3012686,4.631178,4.2266016,3.821355
14.987918,14.895584,14.803927,14.443048,14.083011,13.849529,13.6170225
-38.554413,-38.893536,-39.231716,-38.996307,-38.759262,-38.52882,-38.30064
-27.796658,-28.24253,-28.688828,-28.346462,-28.005348,-26.597454,-25.189415
41.12516,41.88406,42.64456,42.24174,41.840134,42.007156,42.174873
-3.2111826,-2.8325262,-2.4537497,-1.6330441,-0.8105363,-0.65530294,-0.50076956
-54.48297,-55.090813,-55.69643,-55.564793,-55.432384,-55.72364,-56.01365
-62.408615,-61.8521,-61.29572,-61.21101,-61.125755,-60.614338,-60.10416
22.3249,23.301014,24.276573,24.027729,23.778769,23.147837,22.516453
-44.572037,-44.92693,-45.283195,-45.260654,-45.238686,-45.001747,-44.764805
38.834,38.944183,39.053238,38.99609,38.93927,39.211483,39.48438
-19.602823,-19.473255,-19.343803,-20.264818,-21.186508,-20.898092,-20.609037
-1.7035798,-1.7876781,-1.8719252,-2.3936605,-2.9174762,-3.926517,-4.9351664
-16.708921,-16.933598,-17.158026,-18.535585,-19.912155,-20.456987,-21.00226
-42.970768,-43.810085,-44.64842,-44.978775,-45.31006,-45.320446,-45.330498
-2.7097714,-2.7333014,-2.7569697,-2.690531,-2.624287,-2.1225007,-1.6194546
15.05364,14.802249,14.551216,14.573187,14.597532,14.716915,14.836786
29.019566,29.590532,30.161987,30.200958,30.240566,29.245832,28.250462
-62.28038,-62.86351,-63.447712,-63.00198,-62.5561,-62.170567,-61.786865
-46.939808,-46.86864,-46.798115,-47.079433,-47.36003,-47.61963,-47.87965
-15.502454,-15.259928,-15.018221,-14.4124,-13.807481,-14.204984,-14.602889
9.785786,9.886976,9.988341,10.5010605,11.013221,10.141336,9.269281
25.027504,25.012468,24.994549,24.886677,24.778427,25.245653,25.71399
-53.328102,-53.7475,-54.16651,-54.53665,-54.906498,-55.527325,-56.148056
102.59522,103.67254,104.74934,104.06132,103.37405,102.94366,102.513695
-2.5747895,-2.8605003,-3.1453772,-2.9428506,-2.7416964,-1.9146576,-1.0863395
-35.04325,-34.560455,-34.0777,-33.467426,-32.858128,-32.40955,-31.959051
