2014 SVI Limited English Ability Encoding,2015 SVI Limited English Ability Encoding,2016 SVI Limited English Ability Encoding,2017 SVI Limited English Ability Encoding,2018 SVI Limited English Ability Encoding,2019 SVI Limited English Ability Encoding,2020 SVI Limited English Ability Encoding
72.33589,72.332695,72.32984,69.08873,65.88654,66.046585,66.255295
2.7397993,3.1269681,3.5127351,1.5219219,-0.4667142,-1.4378836,-2.4318163
-41.017246,-40.087864,-39.158653,-39.96138,-40.77874,-41.27189,-41.77418
-8.764692,-8.076844,-7.389395,-7.968537,-8.511924,-7.700995,-6.8599763
29.664165,29.35435,29.045387,32.1563,35.25957,38.2072,41.13002
-46.31256,-44.739017,-43.16485,-42.078136,-40.994995,-42.321835,-43.683964
31.160498,31.564135,31.966888,32.500294,33.07519,32.77503,32.491917
11.526617,11.963341,12.400847,13.384077,14.372794,14.605481,14.861069
13.011597,12.865685,12.719363,13.852395,14.94768,16.613174,18.201517
-59.851604,-62.280907,-64.70939,-64.63162,-64.57658,-64.25225,-63.959694
-6.215649,-5.5874424,-4.9583225,-4.7508454,-4.5126424,-4.1782026,-3.8319798
34.220364,32.656914,31.093992,29.86839,28.610874,28.699417,28.779667
68.88537,68.64337,68.40207,65.82255,63.276333,61.74481,60.23353
56.91137,57.618446,58.324753,58.504898,58.674866,57.317516,55.922832
9.00124,9.367725,9.733589,10.151867,10.548069,10.751923,10.950008
22.244102,21.81627,21.389257,21.959206,22.537249,23.758972,24.975836
12.428681,12.578614,12.727523,10.912114,9.070649,6.7198834,4.3799405
-9.826295,-10.138722,-10.451382,-9.876011,-9.293877,-8.443865,-7.609429
-54.080357,-52.949776,-51.819115,-51.799187,-51.767,-53.094223,-54.433628
-56.424595,-55.46448,-54.506477,-55.173054,-55.869022,-55.41447,-54.987854
-36.72389,-37.66971,-38.61646,-38.431072,-38.24878,-38.415947,-38.567802
-11.1541395,-11.0082445,-10.863122,-8.981676,-7.0762153,-6.7109685,-6.3431087
-27.863781,-28.27009,-28.67448,-28.306032,-27.939014,-29.301336,-30.694633
5.9137487,6.606468,7.2991257,7.832452,8.333568,9.3088,10.268497
-74.41854,-74.35847,-74.297844,-72.79072,-71.304665,-70.67449,-70.04714
23.855328,23.011793,22.167814,18.785967,15.39095,15.320782,15.221208
0.4641993,0.29658723,0.12873483,0.40980172,0.66588044,0.2527125,-0.21324515
-11.74627,-12.072547,-12.398846,-12.481497,-12.572891,-10.975097,-9.3827505
-75.13883,-74.825714,-74.513466,-72.9908,-71.506905,-70.634605,-69.8084
21.13564,19.545391,17.955341,18.274403,18.562881,17.921543,17.24237
42.31324,43.31725,44.321545,44.4882,44.6916,43.779613,42.904823
-59.7695,-58.922123,-58.07563,-56.558228,-55.025475,-55.313667,-55.58779
-25.823206,-26.396597,-26.969315,-27.202332,-27.396635,-27.638535,-27.879042
-85.08426,-86.00554,-86.92582,-86.53143,-86.13594,-86.53384,-86.89854
57.46647,58.27918,59.092003,59.455612,59.838524,60.59421,61.3724
43.911743,45.291706,46.67072,47.184097,47.71308,48.92868,50.131123
-74.39805,-75.02734,-75.6565,-75.779236,-75.94452,-75.62142,-75.33395
66.771454,66.810234,66.849724,66.857025,66.84961,68.14398,69.42416
4.1531816,3.1609502,2.1700253,1.7691636,1.407557,1.8818784,2.3894258
-47.868935,-48.455807,-49.04363,-48.763412,-48.512325,-49.54663,-50.612026
-3.2827954,-3.3301582,-3.378532,-3.2922845,-3.2362485,-1.9257928,-0.639325
-54.301147,-55.67156,-57.041805,-55.796314,-54.561005,-53.97251,-53.418797
-62.308266,-61.215275,-60.12176,-59.748993,-59.388313,-60.464565,-61.533787
-6.83383,-6.892948,-6.9530725,-7.3707924,-7.8111267,-10.116226,-12.407753
21.435322,21.289253,21.14379,21.634058,22.134876,22.020395,21.945875
9.01169,10.852354,12.692228,12.365904,12.0378895,11.2469635,10.430862
-12.388574,-12.812419,-13.236273,-13.961196,-14.656417,-15.510197,-16.301277
-51.46217,-52.58975,-53.716732,-52.085064,-50.419987,-49.146503,-47.854443
-33.999386,-33.24818,-32.498604,-31.239584,-29.93823,-29.388666,-28.808432
-53.859703,-54.785053,-55.711166,-57.42892,-59.1616,-59.929577,-60.693737
-70.604454,-71.92556,-73.245415,-71.359406,-69.46673,-67.48692,-65.4673
-115.60152,-116.66026,-117.71886,-115.23586,-112.756676,-113.3281,-113.91557
-20.71175,-19.86456,-19.017172,-17.690426,-16.387796,-16.371784,-16.405375
25.076311,24.319784,23.562368,20.70466,17.887796,16.07527,14.301999
28.539602,29.057285,29.576086,29.853966,30.14315,30.862648,31.548386
34.186214,33.5336,32.8793,31.755064,30.62028,30.73118,30.850084
1.4203786,1.5456742,1.6718167,0.20578086,-1.2803394,-0.9198886,-0.58264744
-46.476456,-46.29186,-46.107563,-44.411198,-42.69369,-41.328274,-39.925205
-23.011036,-22.723875,-22.437872,-21.098837,-19.746218,-18.730473,-17.71832
-78.8606,-80.01171,-81.16273,-80.19173,-79.231606,-79.948044,-80.7128
76.940155,77.10451,77.2701,74.28303,71.26666,70.211876,69.15632
-17.89981,-17.732409,-17.565172,-17.58961,-17.60325,-16.299204,-15.009151
63.182587,63.549847,63.917244,64.26138,64.59629,64.64,64.666916
54.554825,53.919846,53.284706,55.4494,57.651825,57.607414,57.615673
-3.5334904,-4.6868954,-5.8412533,-6.4622116,-7.0704618,-7.3931756,-7.6748424
-5.350646,-4.4742193,-3.5981472,-3.1525247,-2.7355468,-2.7195852,-2.756622
-13.453455,-12.719084,-11.985486,-10.712881,-9.443722,-10.170508,-10.859369
43.323555,43.163536,43.0025,38.325943,33.62932,32.98966,32.357742
-6.37491,-6.346048,-6.317758,-5.589826,-4.8509707,-2.4902759,-0.09382385
-11.423132,-11.393625,-11.363889,-9.463316,-7.602815,-7.3704953,-7.1534657
59.46921,59.51253,59.55547,58.229317,56.875957,55.53971,54.188522
89.79528,90.17205,90.54885,89.71862,88.858765,89.14599,89.41122
-22.696512,-24.85509,-27.01337,-27.030184,-27.08716,-27.108788,-27.20694
-39.833935,-40.545673,-41.25826,-41.261982,-41.274662,-42.815834,-44.388443
-52.41366,-52.48336,-52.553867,-50.550785,-48.553207,-47.38631,-46.205807
-58.541237,-57.003693,-55.466686,-54.119225,-52.784317,-50.849327,-48.910194
79.4699,79.645996,79.821075,80.65527,81.51831,81.093636,80.68605
18.642015,19.304579,19.966436,20.014877,20.084167,22.004993,23.953814
67.834854,69.080956,70.328064,70.30773,70.3105,71.24536,72.20678
43.985695,44.56469,45.144043,43.279312,41.429985,40.45252,39.491344
95.15094,94.73857,94.326935,94.56623,94.774536,95.33541,95.850876
-47.204933,-46.87398,-46.54195,-48.512733,-50.45978,-50.849045,-51.252815
-58.794086,-59.51717,-60.239944,-60.249317,-60.28518,-59.782585,-59.3204
-29.247854,-30.538511,-31.830648,-30.306341,-28.786444,-26.833479,-24.851254
90.92641,90.8524,90.7791,90.65167,90.54614,90.069046,89.61458
71.0901,70.980316,70.870346,67.72598,64.59006,63.721375,62.86434
-26.213903,-25.729631,-25.245338,-24.305056,-23.333067,-25.495966,-27.586641
-9.940302,-10.578271,-11.216582,-10.555037,-9.927105,-10.397612,-10.890961
27.137157,26.53709,25.937395,26.224554,26.492443,29.01902,31.556175
52.40335,52.892708,53.382046,52.862045,52.36251,53.22363,54.088963
16.025347,15.452349,14.881056,17.332706,19.741148,21.479958,23.171103
-5.8711195,-5.5179625,-5.1638536,-6.778968,-8.422088,-9.2466955,-10.115045
6.085821,6.268609,6.451373,8.583304,10.725442,12.261348,13.777799
1.4373739,1.8989122,2.3605535,2.1244657,1.9270685,1.7228811,1.5728452
-2.00073,-1.6333708,-1.2690519,-1.3444685,-1.448934,-0.44559422,0.56541115
43.706795,44.51265,45.31958,44.94619,44.5397,44.973618,45.35721
-58.673237,-59.11125,-59.550438,-57.648026,-55.76446,-56.931767,-58.14123
-44.00003,-44.8295,-45.65917,-44.59944,-43.554943,-45.087482,-46.609642
15.683719,16.10467,16.52514,15.249685,14.001406,14.123054,14.26089
-10.921366,-12.548639,-14.1764145,-13.006118,-11.86773,-11.224779,-10.608205
106.29019,106.96654,107.6436,105.70523,103.76808,103.7206,103.687546
13.406538,13.018728,12.630878,12.213824,11.755804,11.117697,10.402984
-62.628727,-62.68307,-62.737682,-61.074963,-59.38604,-59.081974,-58.785015
33.54048,33.140743,32.740414,35.093384,37.459488,39.166164,40.877884
3.7097907,3.5056567,3.3023946,2.6471815,1.9701767,1.8434343,1.6905069
2.3122199,2.7806685,3.2490733,4.4512753,5.647924,5.560929,5.423783
80.176285,80.09134,80.007195,76.79648,73.60686,73.251076,72.9134
67.28377,67.5555,67.827774,65.42822,63.02614,61.561085,60.078815
71.06638,72.32375,73.580376,73.116295,72.69467,73.65189,74.673454
-6.986416,-7.6287336,-8.271481,-8.095881,-7.924693,-6.118618,-4.353818
-8.531804,-8.844254,-9.156793,-9.6175785,-10.06035,-9.314621,-8.587355
-44.76224,-44.86322,-44.96469,-45.020382,-45.09373,-46.444153,-47.77637
49.111183,48.64309,48.17599,48.40884,48.665684,50.556705,52.50831
-32.239544,-31.851246,-31.463114,-30.585432,-29.740696,-29.68207,-29.677475
39.99063,41.202183,42.41508,41.313076,40.231594,40.244873,40.316723
71.335815,73.09396,74.851,73.384766,71.897964,71.69637,71.500275
25.300228,26.585596,27.869293,28.011204,28.152592,27.304115,26.430656
22.828194,23.213078,23.597824,24.727116,25.86153,28.397034,30.906864
1.5627419,0.26255685,-1.0366019,-1.1780149,-1.2990555,0.2840801,1.9299792
11.754664,12.91162,14.067458,15.149308,16.251596,15.165511,14.101536
8.863551,8.548181,8.233794,8.847421,9.417884,9.867771,10.305455
22.01921,23.89317,25.766485,27.81515,29.861477,29.378956,28.855705
-43.300816,-42.738514,-42.174953,-44.595238,-47.035892,-47.856743,-48.726578
35.573658,36.617397,37.659657,37.712452,37.76105,39.01562,40.27625
13.888814,12.8857765,11.881814,11.787171,11.691987,11.772876,11.855988
3.0645125,2.9638388,2.8630278,4.277319,5.691725,6.5388126,7.3441067
10.729269,10.023378,9.31801,8.360922,7.407404,7.9903965,8.587681
30.946161,30.292246,29.637486,29.238691,28.868212,29.58403,30.291166
1.529801,2.0954673,2.6610563,1.7696749,0.90451306,0.17921606,-0.5627168
-44.57459,-43.390667,-42.209072,-43.681488,-45.139698,-47.31662,-49.43921
17.830841,17.423971,17.01672,15.460201,13.878884,13.478865,13.088096
-20.092558,-19.862448,-19.631735,-20.802145,-21.97537,-23.084467,-24.164661
25.723679,26.813574,27.903168,25.206219,22.470736,22.600393,22.691545
-33.68421,-33.96768,-34.252174,-32.254463,-30.224281,-28.59953,-26.919586
-99.95481,-100.286064,-100.617836,-98.59269,-96.590065,-97.86344,-99.19277
-8.183416,-9.503611,-10.82407,-11.023928,-11.194945,-10.909199,-10.600398
-57.063507,-58.047653,-59.032036,-58.66355,-58.263863,-56.398777,-54.50808
-6.1376615,-5.1874785,-4.2371745,-4.66987,-5.082048,-4.707767,-4.3553624
-52.65153,-53.946754,-55.24287,-55.569344,-55.932022,-57.6794,-59.441303
-12.11623,-12.288978,-12.46226,-12.558837,-12.657822,-12.405868,-12.14643
22.194489,21.789423,21.38567,22.27086,23.189514,24.155273,25.129711
-41.877575,-41.90884,-41.94107,-40.683285,-39.430683,-36.65298,-33.88825
1.5011194,1.1894538,0.87843776,1.6431949,2.3872802,1.5981987,0.80982757
65.80839,66.11179,66.41337,65.61484,64.789055,65.99458,67.15731
-29.99887,-30.00712,-30.016905,-29.482418,-28.941528,-27.612041,-26.280586
91.1649,92.38954,93.614716,94.31486,94.99875,95.742294,96.50098
-18.684336,-19.452547,-20.220982,-21.46802,-22.717062,-25.813482,-28.892128
-59.99374,-60.617676,-61.24307,-61.211166,-61.207897,-60.25115,-59.294544
-1.6374328,-2.7569873,-3.8765132,-7.940018,-12.028599,-13.312526,-14.577836
-55.69658,-54.992363,-54.288044,-52.10063,-49.911327,-48.763195,-47.64925
99.76617,99.39073,99.01588,99.13296,99.273315,101.06478,102.8995
0.91328406,1.2393105,1.5646188,2.06891,2.5741513,2.722081,2.8804781
-77.84869,-77.96879,-78.08903,-77.58019,-77.06743,-77.15493,-77.26837
-12.766206,-11.947799,-11.128015,-12.186646,-13.252622,-13.850455,-14.430268
-45.451546,-44.897957,-44.345673,-43.138844,-41.96948,-41.887432,-41.85035
-34.497166,-34.802807,-35.108143,-33.69229,-32.273453,-32.79362,-33.276703
-122.12909,-122.873,-123.61613,-123.05164,-122.48847,-122.63554,-122.761
-18.227213,-18.765532,-19.30234,-16.8236,-14.338529,-13.459034,-12.580167
29.732918,30.825481,31.91923,31.31393,30.696459,32.028633,33.31467
-21.044693,-22.371063,-23.69766,-22.688835,-21.644566,-22.158081,-22.628597
99.75172,100.17664,100.60186,99.97815,99.37916,98.684,98.01136
98.55305,99.83041,101.10903,99.58819,98.032135,96.068245,94.04828
63.212254,63.1725,63.132824,63.584938,64.016815,65.93629,67.87214
77.17446,78.54767,79.92114,78.5967,77.23665,75.662605,74.065956
-0.2655023,-0.4648746,-0.6647223,-1.9595336,-3.289448,-2.4933069,-1.750955
72.380424,73.69672,75.01272,73.30325,71.57585,69.805176,68.00625
44.72555,45.167957,45.61178,44.843105,44.075718,43.277496,42.43755
-77.34291,-76.63971,-75.93611,-75.11091,-74.241394,-75.22852,-76.21196
-19.414366,-18.698387,-17.981585,-17.323675,-16.637854,-17.825832,-18.97156
-66.26985,-66.362755,-66.45577,-65.42182,-64.373924,-65.295586,-66.21577
89.80916,91.41727,93.02362,92.523,92.04387,91.215195,90.428085
24.819729,25.771288,26.723387,25.231344,23.778168,21.692883,19.63956
6.3749547,7.7057476,9.035998,9.022767,9.000698,9.434681,9.872348
-11.4815235,-11.807749,-12.134523,-11.271704,-10.43588,-12.4159565,-14.439847
-63.98422,-64.21483,-64.44516,-66.074524,-67.67901,-68.157974,-68.611855
53.182487,53.844444,54.507065,52.347126,50.220993,49.330566,48.49305
-17.598518,-17.13776,-16.677069,-18.20992,-19.765146,-19.897633,-20.091675
27.697094,28.034637,28.372551,27.93425,27.509848,26.710812,25.923302
-18.182161,-17.240534,-16.298735,-15.829167,-15.351491,-13.601946,-11.873359
24.408113,24.149023,23.888578,20.741005,17.609867,17.855856,18.141085
-9.077469,-9.183849,-9.289635,-6.509999,-3.75359,-2.5803685,-1.4124378
24.784271,25.924152,27.064117,27.416866,27.770569,29.018862,30.23994
-81.16773,-81.28756,-81.409325,-79.91714,-78.41866,-80.10755,-81.79475
21.758572,21.174343,20.590572,18.263742,15.960947,14.93508,13.894184
18.765156,20.961025,23.15739,21.207571,19.300785,18.297112,17.35373
-9.774699,-10.137501,-10.501222,-10.334741,-10.165134,-10.341425,-10.486408
45.46397,44.42533,43.38606,43.84541,44.323822,43.93496,43.58649
10.760543,11.193698,11.626433,14.457536,17.289328,21.23623,25.18691
37.793816,37.368343,36.94353,34.142006,31.377596,30.5713,29.792566
61.12821,61.872692,62.61688,61.980114,61.33441,60.67609,59.979073
-124.455734,-126.425804,-128.39543,-128.54065,-128.70966,-128.2188,-127.724045
17.827745,18.226782,18.627188,17.857357,17.126606,16.751265,16.450184
-6.261781,-6.4846053,-6.706899,-6.960098,-7.2139964,-5.4670653,-3.7172537
8.381509,7.0933433,5.8060784,4.3239474,2.8342178,1.9740303,1.0938632
-0.0073239086,-0.7301323,-1.45318,-2.9076765,-4.3360496,-4.2115326,-4.043959
27.287676,28.227432,29.165867,31.300543,33.423637,33.00028,32.597466
-55.10531,-55.467587,-55.83131,-53.672916,-51.48354,-49.786556,-48.031433
-19.750273,-20.120493,-20.490927,-19.43852,-18.413372,-17.34049,-16.293941
-26.603796,-24.773642,-22.944242,-21.060783,-19.13835,-18.241772,-17.328932
57.37085,56.755432,56.140446,53.979515,51.79949,52.130566,52.467453
-77.221794,-76.82106,-76.420525,-75.555824,-74.66095,-75.78398,-76.9049
25.883627,27.247604,28.612268,28.557404,28.542234,29.042313,29.563929
-75.61387,-75.02559,-74.43592,-72.76775,-71.14745,-71.59277,-72.11028
42.429214,42.015507,41.600704,40.716938,39.864956,40.029278,40.182247
0.56273085,2.6034288,4.643712,4.9706316,5.312355,5.076047,4.8473597
-25.486748,-24.260666,-23.034092,-22.462177,-21.90385,-23.117838,-24.344769
45.44061,45.14512,44.850914,44.38972,43.95905,42.90645,41.89141
-7.291069,-6.7710752,-6.250249,-4.859683,-3.4675531,-3.1935377,-2.9524593
-30.625656,-31.013647,-31.402206,-31.63319,-31.85757,-32.197357,-32.538692
26.680628,26.935993,27.191435,26.197426,25.207253,24.743622,24.318008
58.993515,59.11352,59.233624,60.21521,61.178215,60.428555,59.65867
55.127815,54.72803,54.32805,52.903732,51.483894,49.457756,47.428974
-134.98091,-135.22871,-135.47585,-131.95659,-128.42339,-129.22949,-129.98769
16.470322,17.093838,17.716585,18.101446,18.450476,18.353508,18.246199
74.87383,76.79455,78.71531,78.3437,78.00497,77.90525,77.85957
-64.55937,-66.7894,-69.01919,-67.61076,-66.203575,-63.632767,-61.052475
97.237625,96.44936,95.66122,95.369125,95.03879,95.452324,95.82599
-5.4890647,-6.3283467,-7.166496,-6.877791,-6.6131053,-6.228029,-5.885514
44.30015,44.275585,44.250427,44.346863,44.414825,42.24723,40.058647
-67.609146,-67.8088,-68.00916,-64.92788,-61.82433,-60.61594,-59.404354
94.64482,95.88708,97.129456,98.13617,99.1793,99.72167,100.29162
13.094045,12.332377,11.569547,8.534356,5.508609,4.9194784,4.3159094
-64.60619,-63.529476,-62.452686,-62.562836,-62.69166,-61.288593,-59.937637
-14.262706,-13.997414,-13.73061,-14.784452,-15.847767,-16.448462,-17.078268
-65.247986,-66.38747,-67.52776,-68.46942,-69.44932,-69.58439,-69.72143
-1.148058,0.19963059,1.5482043,3.322148,5.1123047,4.903101,4.739862
28.097994,27.496103,26.894848,27.641104,28.349466,28.408138,28.403193
-33.14979,-31.7877,-30.424448,-31.261326,-32.08508,-32.433647,-32.80769
-12.66139,-13.596565,-14.531267,-15.156673,-15.759808,-16.270502,-16.758062
-55.23549,-55.16988,-55.105022,-55.518948,-55.964195,-56.789703,-57.63663
9.191982,9.196732,9.202778,9.592672,10.019182,10.613396,11.213295
-28.707378,-27.774376,-26.84061,-25.049002,-23.258091,-21.499504,-19.70771
-13.707514,-13.979725,-14.253723,-13.342508,-12.46851,-13.166732,-13.907526
-12.932257,-13.909009,-14.884627,-15.538234,-16.15492,-17.81349,-19.40035
35.38476,34.566166,33.747047,33.81533,33.864334,34.009407,34.150566
21.805668,21.502642,21.19857,21.288555,21.407122,21.609959,21.802744
11.1480665,11.1602335,11.172253,10.468887,9.749623,6.525786,3.306586
-21.821688,-22.569761,-23.317595,-25.303907,-27.328066,-26.72583,-26.192574
-72.10367,-72.83551,-73.56715,-73.09173,-72.63037,-72.98204,-73.38878
-41.047787,-41.767464,-42.486965,-40.76163,-39.033432,-37.857704,-36.70443
73.594376,74.44858,75.30328,71.72391,68.15512,66.673096,65.1872
-1.4646994,-2.2790716,-3.0939796,-2.7081668,-2.3424776,-2.4743106,-2.654394
-52.58928,-52.993633,-53.398743,-50.877575,-48.37152,-47.070034,-45.797512
-42.78145,-43.368694,-43.956722,-43.337505,-42.737133,-42.48365,-42.21474
-64.20233,-64.05821,-63.914333,-64.456764,-64.99941,-65.52412,-66.05513
4.4958644,3.9948068,3.4940143,2.062161,0.6332317,-0.9256157,-2.4527402
-44.12709,-44.112503,-44.097805,-43.5805,-43.090954,-43.51612,-43.9281
30.511095,30.638065,30.766277,28.42593,26.090342,25.82336,25.572212
70.98992,70.357605,69.72522,69.26713,68.83354,68.79778,68.82366
-53.94321,-53.834248,-53.724186,-52.771763,-51.811428,-50.98672,-50.13047
100.441895,100.459656,100.47775,98.75232,97.02776,95.2874,93.577
68.95679,69.87108,70.78606,71.14172,71.47104,71.29571,71.05594
-42.995125,-44.027817,-45.06002,-44.83703,-44.65334,-46.86237,-49.096024
11.879676,11.375446,10.871914,11.618264,12.330535,13.104346,13.843035
-5.192257,-3.1469495,-1.1022017,-2.7908833,-4.5032635,-3.2844317,-2.1071556
-34.11786,-33.435806,-32.753067,-33.684692,-34.63467,-36.726395,-38.83016
48.63577,48.5308,48.426517,46.917168,45.445953,46.363514,47.35024
-15.291773,-15.203891,-15.115017,-13.469093,-11.798937,-11.04277,-10.301239
-28.504866,-27.92726,-27.349022,-28.718086,-30.07389,-30.031977,-29.95449
61.842285,61.487606,61.134445,59.691875,58.211926,57.580788,56.87347
-37.082947,-37.35029,-37.61654,-34.70237,-31.79677,-30.603054,-29.398062
53.68956,55.126713,56.565556,57.587902,58.60682,55.794075,52.968307
42.371555,43.32102,44.269978,43.29118,42.33283,40.667114,39.01318
34.49847,35.15277,35.806324,37.153244,38.477345,40.952263,43.367794
-7.770051,-5.805079,-3.839518,-3.0757837,-2.3064203,-2.2566042,-2.200612
-37.83608,-38.36299,-38.89192,-38.454433,-38.05766,-38.14523,-38.25279
12.345934,12.80254,13.258904,15.802401,18.332693,19.197926,20.006823
-16.56813,-17.091606,-17.615112,-17.291859,-16.94676,-15.32327,-13.720122
-59.626488,-59.315647,-59.005505,-57.538605,-56.076496,-55.044666,-54.003986
83.30498,84.35497,85.40539,85.0491,84.6784,84.075356,83.46378
-53.86589,-53.972157,-54.079273,-53.7442,-53.370934,-53.067997,-52.740982
-36.493076,-37.182278,-37.87269,-39.4548,-41.07153,-40.08549,-39.11088
31.32526,32.747646,34.170834,34.99628,35.81599,36.376583,36.911884
-24.252672,-24.717361,-25.18405,-24.391071,-23.596464,-22.517763,-21.454494
-10.163135,-10.448878,-10.732695,-10.451018,-10.140395,-10.070926,-9.941109
51.685383,52.07085,52.455357,52.12702,51.77257,52.12865,52.487835
-0.2224352,-1.200228,-2.1777804,-1.6358244,-1.059521,0.48039606,2.0704439
-25.644932,-25.071165,-24.497902,-23.345896,-22.21923,-23.006416,-23.832905
29.06141,28.229197,27.39759,24.596067,21.805777,18.635597,15.480321
56.256916,55.803806,55.35066,53.280666,51.217587,51.929962,52.680588
59.00628,59.852654,60.698837,60.26378,59.814167,59.19696,58.559914
-62.323143,-62.269684,-62.216343,-62.063354,-61.87961,-62.463326,-63.002182
-49.982475,-50.3245,-50.66822,-49.575687,-48.492252,-47.458687,-46.442207
-6.5901217,-5.6391177,-4.6895175,-4.862983,-5.078588,-5.99884,-6.9402385
36.259163,36.231052,36.204655,33.76195,31.319555,30.597036,29.873007
-5.135121,-4.8579507,-4.5818295,-4.403044,-4.186875,-3.9375956,-3.6523097
-0.54549223,0.31135824,1.1676776,1.0480782,0.9267997,-0.17354377,-1.2535081
17.519955,17.689022,17.858353,19.510235,21.161999,22.266327,23.37107
35.10737,35.41283,35.71733,36.60343,37.498127,37.005013,36.529976
33.243607,33.960728,34.676647,35.622498,36.5606,36.74599,36.94176
-31.098454,-31.382841,-31.667673,-30.719744,-29.764805,-29.338247,-28.875664
2.7592857,1.8977631,1.0361785,0.37565216,-0.32135692,0.8892306,2.092261
49.71397,48.878365,48.04157,49.11678,50.224247,51.576195,52.957928
72.95626,72.61729,72.27661,71.40594,70.522224,71.88911,73.22955
29.37545,29.880909,30.38495,29.643747,28.904165,28.796278,28.703857
36.17475,36.637177,37.09931,36.00236,34.92778,34.30138,33.72233
-0.29770645,-0.20150504,-0.10610422,-1.2097806,-2.3329384,-2.2816813,-2.260916
-4.106571,-4.343239,-4.580738,-3.9832504,-3.3621938,-3.1173847,-2.8467605
16.58317,17.274113,17.963923,19.722136,21.47125,21.4838,21.487286
14.796407,14.978836,15.161508,13.149001,11.139411,10.263935,9.406286
49.337143,49.55917,49.781845,47.79438,45.812027,46.274605,46.774895
-1.3910757,-0.7945553,-0.19812405,0.3463148,0.9273671,-0.54941905,-2.0137918
-26.768612,-27.424873,-28.082666,-28.942879,-29.803625,-30.123512,-30.445496
32.61035,32.59843,32.587143,32.59684,32.642708,31.609205,30.569956
8.86461,8.255436,7.646703,6.7158537,5.778872,5.9809976,6.1670437
-75.39477,-76.00336,-76.61433,-72.21949,-67.86798,-66.18524,-64.58154
-65.233444,-66.83695,-68.44109,-67.792564,-67.15151,-66.33095,-65.52829
-25.4981,-25.773151,-26.046803,-26.241539,-26.42456,-26.03352,-25.592785
61.78025,61.34044,60.900845,59.454803,57.999477,57.409,56.842747
-74.47275,-75.70751,-76.94191,-78.16698,-79.420105,-78.99936,-78.60011
-34.05333,-34.929607,-35.806103,-37.198,-38.60806,-39.313416,-40.037083
-59.058422,-58.98574,-58.913017,-57.40952,-55.87781,-54.63269,-53.364967
13.907782,14.305084,14.703157,12.632166,10.5280905,9.332669,8.115246
-41.592957,-41.761635,-41.930466,-41.98789,-42.018284,-42.000885,-41.964798
101.26884,102.66178,104.05616,104.12528,104.19758,103.59788,102.984795
15.197053,13.670219,12.144084,10.32902,8.546578,7.139157,5.757417
7.069393,7.4745154,7.8799033,5.495465,3.089085,1.99721,0.9182248
55.835648,56.705383,57.573444,58.242085,58.88322,60.133297,61.3505
1.8744429,1.2906989,0.7068366,-1.4815565,-3.6521242,-3.6510398,-3.6571996
17.860043,18.141823,18.424507,18.591808,18.74441,20.627623,22.5139
3.8313472,4.139785,4.447192,5.2860794,6.145917,7.2957907,8.44051
-7.5898423,-6.9540334,-6.3183026,-7.2661443,-8.21529,-8.326517,-8.435589
-34.373394,-35.53889,-36.704586,-35.06857,-33.416775,-31.60973,-29.760601
-3.3614326,-3.5813644,-3.8002667,-2.3834686,-0.99303675,-0.3047571,0.3427234
-31.427164,-31.33284,-31.23769,-31.191502,-31.158737,-30.041283,-28.930573
-7.8582187,-7.137624,-6.4158397,-6.4946256,-6.574001,-8.084897,-9.568095
-25.653997,-25.17741,-24.69877,-25.284708,-25.874489,-26.06254,-26.281782
6.24735,6.306318,6.3663177,4.9841933,3.5730877,2.9409032,2.323153
-56.984764,-57.23627,-57.488033,-56.284584,-55.093002,-53.60536,-52.119152
22.843004,23.032993,23.223087,22.60656,22.030968,22.968784,23.94076
-6.3362775,-5.740924,-5.1449304,-3.289638,-1.4486886,-2.0455856,-2.6927233
-23.446075,-21.618643,-19.790485,-19.095253,-18.425018,-17.616148,-16.863556
6.674692,7.298401,7.922365,9.538582,11.151895,13.19618,15.213153
-13.171957,-13.19205,-13.212987,-11.737935,-10.230801,-11.823161,-13.352361
21.129246,21.539364,21.950228,22.45908,22.979889,23.008698,23.012016
-10.119523,-8.9232645,-7.7268896,-6.685323,-5.6289587,-3.9909017,-2.3339224
-26.781755,-26.873596,-26.965412,-26.10796,-25.278473,-24.509724,-23.732565
-3.9837108,-4.3729987,-4.761797,-2.6663284,-0.5463224,1.0784674,2.7301126
49.34751,48.899445,48.451866,44.30987,40.14817,36.944378,33.734924
-57.757458,-58.629986,-59.503773,-57.295044,-55.06395,-54.554684,-54.002945
-16.294144,-17.525219,-18.756845,-21.394344,-24.072727,-23.596663,-23.180307
-16.5815,-18.024181,-19.465801,-19.998102,-20.514305,-20.680836,-20.862314
-26.89535,-27.717115,-28.539244,-28.45492,-28.374815,-27.909967,-27.44834
-45.276485,-46.628796,-47.98234,-48.13712,-48.32282,-48.323177,-48.37733
28.935492,29.900826,30.866127,28.520208,26.140202,24.032259,21.916248
-54.817856,-54.133564,-53.44931,-53.41366,-53.39799,-53.22624,-53.112846
26.545298,28.1182,29.690866,28.414255,27.115124,27.179506,27.21156
39.494473,39.13998,38.78611,36.951817,35.077496,32.586918,30.088205
76.57626,76.76249,76.95,72.8341,68.72886,66.55043,64.41856
39.15899,40.18867,41.21767,40.989113,40.77986,41.38473,41.97325
-3.3870287,-2.3695338,-1.352257,-0.30956572,0.6957186,0.7978762,0.87792665
39.606174,39.31821,39.0297,38.257,37.452274,39.009,40.516552
-20.766382,-20.922058,-21.078756,-18.89322,-16.71827,-14.897803,-13.129587
46.36399,47.248978,48.1334,46.38839,44.62381,45.27672,45.945976
-95.4271,-97.443695,-99.462654,-97.57028,-95.67464,-94.92909,-94.13526
32.11098,31.759735,31.408855,27.254688,23.100853,22.472252,21.855177
25.970608,26.439386,26.90903,25.365139,23.794928,22.705362,21.597712
0.5407068,1.6729242,2.8054976,4.381802,5.9417167,7.326571,8.708256
14.299338,14.107797,13.9165945,10.87862,7.8484735,6.622094,5.3927197
14.647883,14.584171,14.520127,14.070936,13.6257,13.684069,13.73956
-12.745406,-12.560913,-12.377326,-10.026652,-7.645648,-6.9787946,-6.271034
-56.010582,-56.65788,-57.305023,-56.639984,-55.94052,-55.512814,-55.05943
-25.04505,-25.159655,-25.273869,-23.628878,-21.966013,-22.701544,-23.409391
-22.96663,-24.940065,-26.91151,-27.335983,-27.773664,-27.033022,-26.27646
77.50836,76.82207,76.13499,77.24062,78.36444,79.8584,81.370834
75.82119,75.97996,76.139565,77.5776,78.99732,79.60836,80.19219
-66.73889,-67.35323,-67.96893,-66.11055,-64.26542,-61.403618,-58.55756
-35.11063,-35.570698,-36.031734,-34.557674,-33.068676,-34.154533,-35.26093
46.216694,46.77007,47.32342,48.83211,50.34068,51.019535,51.684734
-53.150223,-53.739437,-54.329147,-53.63315,-52.913708,-53.937664,-54.921444
42.66252,42.271725,41.88051,40.6522,39.380398,37.862823,36.30116
-30.879734,-31.127415,-31.373322,-30.033142,-28.724297,-29.975296,-31.234953
-2.8550012,-1.4840925,-0.11167307,0.83926135,1.8281071,2.4217703,3.0423462
13.007958,12.863158,12.720244,11.254301,9.790171,9.162342,8.567181
-25.45341,-27.007042,-28.559986,-27.440613,-26.353,-23.906437,-21.465288
68.67662,68.33304,67.9896,66.47304,64.96192,64.53574,64.07826
-63.351994,-64.771576,-66.1909,-64.79184,-63.424713,-61.840397,-60.28801
79.53738,80.052666,80.567184,78.559494,76.589195,76.156975,75.751045
-4.751931,-4.694497,-4.6358843,-3.9963675,-3.3711977,-3.6174192,-3.8336458
0.26328233,0.025630506,-0.21112105,-0.3970761,-0.5561413,1.1935039,2.9876323
-15.027091,-15.861537,-16.695536,-18.528152,-20.39483,-20.684578,-21.016222
27.297485,26.78364,26.27083,25.968666,25.661787,24.959293,24.277323
-4.4393516,-4.3071713,-4.1762977,-5.5547137,-6.948724,-5.5979314,-4.239198
72.81936,73.03456,73.250854,72.45791,71.62423,73.045975,74.39104
-54.255466,-54.314568,-54.3723,-52.75563,-51.17339,-50.47267,-49.802982
41.401142,41.632843,41.863922,41.510605,41.143585,42.02597,42.861504
-11.958263,-11.751366,-11.544923,-10.623376,-9.730349,-9.699232,-9.675851
-83.98832,-85.54336,-87.09787,-87.47562,-87.85161,-88.98461,-90.09157
68.82347,69.14566,69.467514,69.52864,69.58446,70.31033,71.06016
-38.778515,-38.24214,-37.705566,-36.77259,-35.849827,-35.62227,-35.397213
-4.2264676,-3.8181815,-3.4100661,-4.1563134,-4.882999,-5.667718,-6.4621654
87.39144,88.802536,90.213356,91.39074,92.591866,94.38291,96.17802
13.402866,13.824333,14.247464,13.975673,13.714366,15.176959,16.653162
-33.12407,-34.1319,-35.140007,-36.176205,-37.172825,-38.21137,-39.236362
40.36723,40.857533,41.34718,41.856438,42.4053,42.57278,42.7503
8.298259,7.4349885,6.572413,3.8490539,1.1666875,-1.3816934,-3.8718076
-44.80539,-44.43882,-44.071243,-44.88244,-45.666992,-46.770943,-47.808502
65.11656,64.26971,63.422585,62.12458,60.80151,61.083107,61.3499
-1.3171554,-1.836988,-2.3574958,-3.8060956,-5.2428985,-6.521338,-7.7437263
-82.51018,-83.37345,-84.235596,-82.421005,-80.62908,-83.107735,-85.63671
26.259521,26.33739,26.417233,25.171675,23.955204,23.926037,23.94435
8.790667,9.079465,9.367762,7.777919,6.198647,6.273875,6.387973
-1.8613946,-1.5936372,-1.3271301,-2.9348361,-4.548221,-6.678558,-8.8053465
42.276356,42.84618,43.416378,44.125336,44.846817,44.83858,44.81174
30.703915,30.077559,29.449951,27.53838,25.662102,23.903479,22.198128
23.339348,23.217684,23.096348,21.198902,19.303856,18.822392,18.341042
25.907448,26.79883,27.69233,26.832098,25.944681,26.286818,26.622757
11.765758,11.195203,10.624944,11.022742,11.39491,11.632621,11.831732
45.451923,45.366146,45.27965,45.57329,45.82956,47.53712,49.238735
-3.5231795,-3.2111793,-2.8986583,-2.205505,-1.500172,-1.6582407,-1.8429102
-6.2998443,-5.3439,-4.387683,-4.795061,-5.208108,-5.4208302,-5.635286
11.544047,12.887226,14.229321,13.04075,11.83801,11.19703,10.525627
69.06843,69.18432,69.30028,66.185555,63.04149,60.127117,57.220657
-16.73271,-18.013401,-19.295418,-17.976528,-16.68359,-17.049326,-17.44711
-59.926018,-60.921158,-61.916553,-60.857998,-59.838814,-60.07686,-60.390587
26.046366,26.568415,27.090578,28.409445,29.692032,29.073853,28.427357
6.2355685,4.759108,3.2829082,5.270521,7.214928,7.78066,8.292579
-21.106895,-18.664797,-16.222065,-13.511534,-10.7985,-9.4693365,-8.138086
0.5593951,0.0026590787,-0.55358577,0.5170777,1.6163723,2.5372164,3.5176795
-96.92784,-96.81464,-96.70381,-97.44568,-98.15919,-99.70866,-101.1951
28.449127,28.90011,29.349604,28.700403,28.091223,27.263542,26.51084
-81.15195,-81.35221,-81.552574,-78.85813,-76.16492,-75.20075,-74.23527
-13.532918,-12.655992,-11.778721,-11.1263275,-10.510433,-10.575026,-10.693567
32.863094,33.342785,33.82484,34.554016,35.261787,35.814323,36.318558
-76.540054,-76.62247,-76.705414,-76.15564,-75.580124,-75.47044,-75.3197
-41.1912,-40.639492,-40.087852,-40.028595,-39.961494,-38.75881,-37.58004
25.02482,24.706726,24.388199,23.66336,22.913666,23.17485,23.400633
-68.66912,-68.621635,-68.575356,-66.176056,-63.7382,-63.551006,-63.30944
-2.5988228,-2.926567,-3.2546844,-3.377163,-3.524653,-3.7609262,-3.98877
-32.272438,-32.201954,-32.13092,-31.888327,-31.62573,-29.021914,-26.432331
-13.501172,-13.518193,-13.534736,-14.050922,-14.561174,-14.044487,-13.545232
-40.73027,-39.832798,-38.936607,-35.647804,-32.372772,-32.35873,-32.387024
-22.16188,-22.120005,-22.078262,-22.3513,-22.583834,-21.556011,-20.451344
41.135178,41.834503,42.53476,43.706192,44.87349,46.350136,47.821068
65.31245,65.58292,65.85349,64.48368,63.085396,63.406937,63.722263
60.863453,60.522247,60.1806,59.6193,59.037914,59.745453,60.41787
-29.297123,-29.738838,-30.180384,-30.030685,-29.845612,-28.596533,-27.328735
-67.565384,-67.00151,-66.43691,-66.32498,-66.24877,-66.037056,-65.82313
-68.009094,-68.13393,-68.25909,-65.645615,-62.99033,-61.964664,-60.905636
-5.1300554,-5.1464467,-5.162383,-7.3018255,-9.438916,-9.925297,-10.396139
55.426216,55.966618,56.50695,56.70109,56.895435,57.226933,57.59128
-0.088121526,0.011952525,0.11251152,0.76624453,1.3866228,0.7416674,0.03171671
30.180935,30.232237,30.283268,28.21576,26.174316,23.733736,21.34059
-17.09595,-16.707695,-16.318077,-15.770684,-15.20638,-17.071177,-18.92797
-24.515938,-23.778677,-23.041002,-23.224745,-23.40268,-22.99187,-22.58395
-25.848276,-26.29164,-26.736502,-25.389065,-24.058475,-23.549707,-23.096968
-34.129982,-34.032078,-33.936,-34.631573,-35.367126,-35.586594,-35.812275
52.278442,54.079037,55.87912,55.289894,54.66439,54.83682,54.946457
-12.126153,-11.404342,-10.682596,-12.266606,-13.830923,-14.063149,-14.264012
44.903687,44.688446,44.47431,43.76096,43.002724,42.706787,42.374535
-17.574049,-17.593927,-17.613165,-17.277357,-16.927713,-14.064,-11.201383
-42.22295,-41.44217,-40.661366,-38.679646,-36.69726,-37.080814,-37.4853
29.661518,29.403349,29.144745,26.862047,24.54641,25.993912,27.418003
-10.656431,-9.831576,-9.007898,-8.562882,-8.119148,-8.745627,-9.407004
4.312862,3.525225,2.7370617,1.8818039,1.0106577,1.0315126,1.072987
-21.97322,-22.139185,-22.305696,-21.296053,-20.294785,-21.504984,-22.758379
46.946224,47.13734,47.328053,47.716606,48.146618,49.610275,51.125053
-1.7228029,-1.3876951,-1.0524881,-0.9501531,-0.86754966,-2.5632179,-4.3054504
9.149147,9.20833,9.268325,10.095409,10.887508,10.043385,9.128832
91.593796,92.54439,93.4961,92.682014,91.87311,92.23759,92.63155
-75.31877,-75.287094,-75.255646,-74.94385,-74.65164,-73.970825,-73.34117
-120.60698,-122.045746,-123.48366,-121.157486,-118.84459,-117.75372,-116.68147
-42.69262,-42.468655,-42.246017,-42.427418,-42.574352,-43.90348,-45.162266
-3.656596,-4.686211,-5.7166467,-6.484175,-7.222114,-8.213099,-9.157342
-3.6526012,-2.6185036,-1.5846463,0.12240783,1.8317355,2.7571716,3.6630116
8.960231,8.934205,8.906321,8.094433,7.240105,10.013806,12.7340975
-36.45329,-36.700294,-36.947258,-37.425,-37.921467,-38.422478,-38.924175
-74.18107,-74.48732,-74.79176,-73.75722,-72.75303,-73.0141,-73.30979
4.39703,4.2826743,4.16906,1.7913524,-0.6049556,-0.37900487,-0.20212404
-29.609669,-31.032578,-32.45451,-32.347076,-32.215908,-31.31756,-30.369394
12.807257,12.85726,12.906772,13.358321,13.824363,14.153336,14.483287
-26.720875,-27.36576,-28.01092,-27.208382,-26.37975,-27.83885,-29.275661
0.58349544,0.553222,0.5217317,0.5457681,0.6031411,0.1381524,-0.31263798
-33.87092,-34.953995,-36.037086,-37.144485,-38.28767,-37.22451,-36.158295
-26.482922,-25.853806,-25.224669,-26.153915,-27.09046,-28.820227,-30.514389
-18.940756,-19.139374,-19.336842,-19.663326,-19.961086,-19.306444,-18.594322
15.0465555,15.395543,15.744857,16.361237,16.965374,16.83743,16.661757
-64.81703,-66.206955,-67.59773,-68.48519,-69.34447,-69.88234,-70.414536
-46.73253,-44.74173,-42.751186,-41.295044,-39.84803,-39.955803,-40.10478
27.021538,26.59677,26.173576,26.667202,27.122622,27.948845,28.71089
-46.89515,-48.320473,-49.74708,-47.605526,-45.492718,-46.326485,-47.174934
-31.648901,-31.386633,-31.124418,-27.79478,-24.49144,-24.246582,-24.066862
6.6954594,5.6153502,4.5341725,7.005345,9.447559,10.051983,10.591897
-24.261482,-25.021217,-25.781055,-26.57802,-27.41066,-29.102802,-30.814827
-36.69156,-35.697945,-34.703953,-34.983093,-35.224453,-34.62431,-33.990074
3.7415478,4.426737,5.1118197,3.0169537,0.9148489,0.30910695,-0.28933465
10.662223,10.863617,11.067517,7.845299,4.6350527,2.0579195,-0.5146207
9.094587,9.620329,10.146772,10.621229,11.0688,11.78343,12.444853
95.821396,96.166176,96.51055,95.64665,94.739235,94.28583,93.7521
-6.3404207,-5.0691266,-3.7964668,-4.549893,-5.3339105,-7.093314,-8.895021
89.22197,89.130005,89.03831,87.5452,86.07623,85.83919,85.63606
73.237015,72.725685,72.21355,70.218666,68.21822,67.40851,66.61382
-3.686912,-3.9485393,-4.210031,-5.133678,-6.0541835,-5.095382,-4.131046
-4.138398,-4.7226353,-5.3071785,-5.5602436,-5.7888374,-5.044428,-4.2401543
15.144723,13.902884,12.660813,11.068489,9.470518,8.561341,7.638747
63.09104,63.357952,63.625156,62.62333,61.609486,61.900356,62.164864
-57.496754,-59.95946,-62.421383,-61.8361,-61.23278,-60.28759,-59.308765
90.42678,92.00454,93.58288,95.51003,97.41363,100.19868,102.91482
-4.8374724,-4.8807616,-4.924154,-3.1698756,-1.4517988,-0.36650982,0.7079702
50.958584,50.58945,50.221504,50.144737,50.060932,49.19086,48.308334
46.198235,46.21833,46.23852,44.090954,41.935715,42.576836,43.231125
49.494774,50.127243,50.759674,49.503784,48.215,47.876106,47.52157
-88.018585,-88.222725,-88.42745,-87.08755,-85.75266,-85.87444,-85.99253
-12.799185,-13.052401,-13.306232,-12.729891,-12.176733,-13.117117,-14.073315
-0.46630067,-1.1386821,-1.8123863,-1.5681455,-1.3384054,-2.3228147,-3.3184059
9.618188,9.373913,9.131298,8.228457,7.3511868,7.069728,6.854591
-9.088961,-9.219972,-9.351768,-9.238112,-9.101229,-7.306299,-5.5243025
4.905674,5.1500454,5.39332,4.967251,4.536869,3.817963,3.0625489
49.113262,48.767624,48.42317,47.005653,45.554485,43.724648,41.82899
-18.925522,-18.400072,-17.873447,-16.789522,-15.685866,-16.012487,-16.351171
-25.319605,-25.167387,-25.014692,-24.003828,-23.009768,-24.451258,-25.884628
31.698236,32.157475,32.616684,31.779932,30.95338,30.204176,29.44878
-27.14423,-27.267372,-27.391348,-26.515188,-25.64796,-24.1045,-22.589188
-5.3823695,-4.9105964,-4.4410453,-4.755711,-5.0625453,-5.7321887,-6.4119678
4.3937807,3.9319966,3.471739,4.174219,4.898574,5.1482315,5.416609
-56.55889,-57.75613,-58.95274,-56.887016,-54.782913,-54.675457,-54.53094
-35.073883,-35.48123,-35.888767,-34.80425,-33.69564,-33.642044,-33.5518
4.024901,4.1380982,4.252173,5.4224725,6.6189885,8.8184805,11.031697
-66.47856,-66.88139,-67.28506,-67.23721,-67.15868,-67.29575,-67.35736
-74.3648,-73.99763,-73.63109,-73.02322,-72.43572,-72.06856,-71.72555
-78.57793,-78.670525,-78.763275,-76.205284,-73.649254,-71.970604,-70.293816
56.78265,56.819683,56.857273,54.4352,51.999477,53.207096,54.430027
-3.2249584,-3.0829134,-2.941268,-2.5746765,-2.1970081,-1.7426628,-1.2444886
57.500042,56.968357,56.438114,54.464832,52.527893,50.848217,49.231655
-2.8479354,-2.781802,-2.7146707,-3.0045469,-3.266666,-2.4839969,-1.7010957
-12.774835,-13.731214,-14.68671,-15.553702,-16.45745,-16.416254,-16.396997
17.351572,18.50736,19.663374,20.16112,20.676638,22.02528,23.414627
54.20789,54.613804,55.02076,57.15382,59.275475,59.19131,59.057457
6.028744,6.291043,6.554503,8.461623,10.344919,9.170742,7.9561276
-30.118717,-30.794662,-31.468962,-31.50416,-31.54791,-32.43379,-33.34882
15.678762,14.6424675,13.607018,11.193436,8.812738,7.1852646,5.603528
22.681896,22.85961,23.038822,25.496984,27.987387,28.16629,28.410805
14.542659,14.624036,14.705852,13.659343,12.6512,11.182199,9.794969
-49.1615,-49.55406,-49.946545,-49.54367,-49.135647,-48.284542,-47.431526
-58.32491,-59.314964,-60.304466,-59.2004,-58.13114,-59.241585,-60.40213
59.175884,59.102577,59.028683,58.71097,58.353558,57.59225,56.752987
78.338905,79.370285,80.401375,79.07917,77.756615,76.71771,75.70417
4.7501287,3.8345878,2.9181364,1.4483217,-0.045711685,0.024157833,0.088922806
-79.017235,-81.42351,-83.82933,-85.01485,-86.17377,-85.156265,-84.135124
9.466869,9.111408,8.755732,9.300114,9.816582,9.344699,8.8207655
-127.80989,-128.70628,-129.60384,-128.74556,-127.904526,-127.24919,-126.6488
-33.961887,-34.24742,-34.533405,-33.86928,-33.228455,-31.974602,-30.770039
3.1643496,4.5235815,5.884397,5.5697126,5.2714996,7.111381,8.93986
-9.2814,-9.702761,-10.123839,-10.250447,-10.393095,-10.126252,-9.849007
85.736496,86.58731,87.43825,84.85977,82.30632,80.02861,77.80489
-33.665066,-33.115906,-32.567593,-31.127043,-29.717184,-28.083723,-26.509205
1.331129,2.3503807,3.370608,5.238449,7.096756,8.537678,9.984375
-21.092096,-20.698772,-20.306097,-20.160503,-20.043184,-18.879202,-17.783161
-48.627712,-48.93531,-49.242573,-50.831882,-52.40539,-53.972176,-55.532795
-41.45458,-41.031857,-40.60744,-42.14911,-43.655632,-45.361366,-47.01304
37.7263,37.738876,37.75207,36.697063,35.612206,34.78031,33.906597
-59.094368,-61.091824,-63.090424,-63.198833,-63.349808,-63.23954,-63.171047
17.709248,18.298475,18.887386,18.950972,18.986998,18.684362,18.343578
-19.122423,-18.732092,-18.342928,-19.418917,-20.463469,-21.045732,-21.609184
-17.562546,-17.490099,-17.416756,-15.729,-14.045679,-14.6687565,-15.307388
29.222387,29.644384,30.066755,29.4282,28.763414,30.074049,31.345333
-22.486444,-23.451965,-24.41809,-24.332594,-24.22517,-24.673582,-25.101068
41.455147,41.55959,41.663593,40.940178,40.184032,38.181736,36.174885
29.940134,29.746235,29.553553,28.70644,27.882185,27.357853,26.851427
-14.165343,-13.322883,-12.480519,-11.968171,-11.427011,-12.941054,-14.407058
29.915333,30.232943,30.552456,29.020409,27.501158,27.69512,27.90928
-15.064465,-15.080896,-15.098022,-14.561676,-14.035301,-13.092762,-12.155405
-68.129845,-68.53145,-68.93379,-67.92994,-66.93947,-66.02969,-65.16388
0.8338434,1.105675,1.3781054,-0.10993176,-1.5968034,-1.8032835,-1.9847486
17.025848,15.119141,13.212219,14.824108,16.446636,16.077427,15.73032
94.992294,95.16539,95.3385,93.79921,92.27086,91.255806,90.231476
49.93738,50.27999,50.622467,50.119648,49.586475,48.603676,47.558865
-21.261398,-21.374496,-21.4883,-19.963732,-18.410357,-18.049944,-17.683718
-16.71411,-15.439825,-14.164889,-11.384939,-8.626033,-6.311927,-4.0573587
23.807213,23.200436,22.592464,19.648651,16.740719,18.304382,19.895134
-1.7077464,-1.031269,-0.35492367,1.2549249,2.8582797,1.8943506,0.93487793
-23.701416,-24.265614,-24.830399,-23.047123,-21.251797,-21.375788,-21.506882
-58.92993,-58.85311,-58.77603,-56.434532,-54.10663,-53.107418,-52.14746
25.135927,25.39125,25.647291,23.24393,20.861732,18.48585,16.152338
-46.03526,-46.74413,-47.4542,-48.05154,-48.68444,-47.132305,-45.60065
39.952736,41.515957,43.080166,43.32384,43.56894,41.05969,38.52447
76.413765,74.91284,73.4123,73.678535,73.93136,73.9825,74.038734
-8.792185,-9.377962,-9.962915,-10.077501,-10.190198,-8.356932,-6.4875736
-7.5727654,-7.2091208,-6.8462076,-7.774312,-8.685721,-10.140765,-11.536899
7.6196327,8.262274,8.905867,8.8849945,8.874879,7.9283857,6.991763
25.110838,25.111586,25.112646,27.085258,29.067593,31.628958,34.212326
-47.479378,-47.12556,-46.77272,-45.644333,-44.4909,-42.15866,-39.79346
80.68163,81.90214,83.122116,82.22996,81.33642,81.8915,82.46938
29.062292,30.89335,32.72484,32.84851,32.940742,33.407497,33.814495
-71.52765,-71.86596,-72.204735,-70.71415,-69.217865,-68.10456,-67.00715
5.4273863,5.1186504,4.8091655,4.7623596,4.759918,4.259319,3.817548
-33.349686,-32.282707,-31.21521,-29.256542,-27.319874,-27.490664,-27.707785
-6.064802,-6.831497,-7.599657,-9.0912895,-10.620062,-10.688713,-10.825209
45.245415,46.103058,46.960476,46.52213,46.074646,46.624763,47.201794
9.731386,9.305496,8.879707,9.680994,10.445816,11.553907,12.643164
-99.6787,-98.93195,-98.184296,-99.76607,-101.39221,-102.703445,-104.05112
77.42315,77.613174,77.803085,77.06819,76.36867,75.573715,74.801254
-0.5057378,-0.5883858,-0.668393,1.4897636,3.6128576,3.2631388,2.901985
-7.881324,-8.352263,-8.82433,-10.356631,-11.855385,-12.662663,-13.468843
-78.958755,-78.35707,-77.75452,-76.241135,-74.730286,-73.711555,-72.67657
-10.940965,-10.4199915,-9.899846,-10.834361,-11.750234,-12.597915,-13.393586
-24.997686,-24.729258,-24.461432,-25.60024,-26.782541,-27.350412,-27.936611
34.877205,35.00531,35.133503,35.841236,36.578674,36.7047,36.861176
2.8599675,3.1149952,3.3690655,4.6373773,5.8819623,4.685844,3.4410264
9.645451,9.8384495,10.03204,11.192559,12.334268,13.008167,13.627484
-50.346222,-50.2641,-50.181072,-49.35136,-48.524704,-50.115257,-51.68059
24.178516,23.717012,23.256348,22.34718,21.409298,22.40107,23.391441
-73.33749,-73.66614,-73.9948,-73.112045,-72.251595,-70.86912,-69.52053
8.899012,10.17333,11.448836,11.321703,11.2375965,11.045671,10.865177
-76.64981,-77.57382,-78.498886,-78.35021,-78.224846,-78.29192,-78.349335
-52.25675,-52.72388,-53.190495,-53.072994,-52.987446,-53.085552,-53.199203
23.512856,22.899834,22.28707,22.330822,22.35688,22.203503,22.063618
50.9053,50.864117,50.823204,48.618145,46.412876,45.61665,44.84837
61.65214,61.0504,60.44943,61.26086,62.068947,62.613293,63.157883
-97.96235,-99.40699,-100.853065,-100.25393,-99.656044,-97.85535,-96.01542
102.86702,103.56633,104.266,104.51889,104.7989,104.43492,104.106346
-39.153996,-38.771126,-38.38904,-37.916252,-37.438572,-39.098717,-40.732452
-82.59115,-83.043526,-83.497505,-82.2403,-80.95861,-79.242546,-77.4716
53.343616,53.799526,54.25507,54.500835,54.708267,56.445774,58.121952
-57.335743,-57.27952,-57.223457,-57.44269,-57.655064,-57.666706,-57.637165
-10.640749,-11.554972,-12.468029,-12.530602,-12.559877,-12.8313675,-13.040337
-79.84792,-80.102905,-80.359085,-79.9465,-79.557236,-78.293915,-77.08207
-8.755677,-9.032909,-9.309943,-10.61227,-11.92824,-11.514765,-11.1451025
38.734882,39.266724,39.798378,38.80197,37.81105,35.62772,33.478024
25.907448,26.579481,27.25132,26.355244,25.474432,22.98885,20.482687
-8.3385315,-7.97511,-7.611616,-7.588789,-7.5289564,-5.912451,-4.235012
59.72871,60.14851,60.56837,59.00727,57.45817,57.12901,56.844448
-25.761208,-25.78702,-25.812634,-24.12393,-22.446707,-22.304445,-22.201992
-8.76569,-9.377691,-9.989401,-9.4846735,-8.951172,-7.6294694,-6.2495914
-2.4471014,-1.9154108,-1.3830621,-2.0580347,-2.7569425,-1.9639261,-1.2355134
0.24579822,0.5304128,0.8150846,-0.6559161,-2.1244564,-4.5451965,-6.9704742
2.1340528,2.6141877,3.0947404,0.22001608,-2.6135316,-3.1396565,-3.5801854
43.925068,44.26081,44.59666,44.773117,44.941204,45.916996,46.911907
-74.94163,-75.26915,-75.596535,-76.98528,-78.35284,-80.48677,-82.62017
-25.308586,-25.863617,-26.417147,-25.028566,-23.65743,-24.987116,-26.292269
-45.223995,-45.398636,-45.574207,-45.571423,-45.565006,-45.708103,-45.83455
-55.662525,-55.08205,-54.50117,-53.97216,-53.44524,-52.63906,-51.86809
69.809204,68.12836,66.44867,65.87947,65.34642,66.114044,66.89403
-35.32775,-35.098736,-34.871002,-35.619583,-36.35522,-35.928646,-35.46549
28.999636,28.71987,28.440874,27.747768,27.053814,26.468485,25.872225
40.58503,40.255936,39.927116,40.386986,40.8512,41.511253,42.14721
107.71911,108.99551,110.27247,108.497574,106.68317,105.30179,103.92085
-109.0255,-108.6455,-108.26403,-105.84302,-103.388885,-104.82435,-106.23724
3.6302483,3.1690142,2.7075665,4.386491,6.039702,7.421023,8.756138
-18.06486,-18.319712,-18.573397,-16.433565,-14.285926,-13.418962,-12.5007715
-51.384563,-51.218884,-51.052612,-48.287148,-45.519688,-44.52436,-43.557545
11.3791485,12.093338,12.805786,11.680197,10.584007,9.853708,9.135698
17.694925,18.558676,19.421965,22.279118,25.1693,26.403584,27.675987
67.44221,68.079094,68.71531,68.41677,68.13112,66.19491,64.24641
-69.75074,-69.81588,-69.880714,-69.23735,-68.58988,-68.261826,-67.9587
86.49156,88.43609,90.38153,88.11585,85.86523,82.956825,80.08077
17.927372,17.825945,17.72506,17.937649,18.124561,16.652166,15.180397
45.00278,46.073265,47.143875,46.43421,45.719032,46.81601,47.92983
66.94419,68.211006,69.47909,69.1172,68.739784,68.80212,68.80323
-26.581656,-26.770632,-26.959492,-26.090778,-25.241478,-27.071459,-28.916103
-63.15682,-64.348625,-65.5412,-64.44374,-63.353794,-62.649826,-61.92945
-55.414658,-57.700085,-59.984818,-59.667976,-59.333805,-57.72491,-56.13288
-27.43143,-28.246586,-29.061981,-30.587288,-32.113922,-31.05599,-29.992517
-28.841808,-29.23223,-29.62138,-29.15776,-28.697304,-27.141222,-25.633486
-49.345886,-49.239048,-49.132805,-48.118088,-47.111496,-46.956184,-46.783
-32.288837,-32.907005,-33.526295,-33.10288,-32.716824,-32.661724,-32.674557
24.858261,23.766273,22.675678,20.352701,18.052742,17.013344,15.967648
11.765641,12.161958,12.557939,13.807893,15.051325,15.3578825,15.6931505
6.034824,4.7446337,3.4541833,3.440136,3.4402292,3.9119232,4.438699
-40.763596,-42.417023,-44.070873,-43.684036,-43.28303,-42.23085,-41.15426
-76.97917,-76.88933,-76.7984,-76.2551,-75.703,-75.76113,-75.80105
16.01543,15.017601,14.019834,12.347898,10.709654,10.072458,9.450583
-42.036777,-42.44761,-42.859074,-41.40482,-39.960133,-40.623848,-41.285694
-2.8868403,-3.26693,-3.6464896,-4.396745,-5.191255,-5.4779677,-5.801969
21.499992,21.863718,22.227882,21.8351,21.471123,19.827435,18.178925
39.352173,38.788837,38.225243,38.013645,37.77495,35.68873,33.5636
0.89693195,2.1016514,3.3066437,3.456423,3.6113865,2.8659742,2.1379168
-19.47908,-20.36393,-21.247566,-19.29413,-17.322067,-17.36298,-17.381832
18.740522,18.920467,19.099915,19.06943,19.008085,19.566023,20.099874
-1.4010241,-1.280669,-1.1611631,-0.5744521,0.03797558,-2.0814168,-4.171106
-30.99345,-31.469646,-31.94724,-30.956081,-29.9335,-28.275347,-26.544878
1.261725,0.48294598,-0.29634994,-0.1389174,0.04951434,-0.19317193,-0.39139313
7.1539555,6.3495054,5.54615,2.98289,0.4096535,0.2708567,0.09031282
-22.684566,-22.948208,-23.211218,-21.14701,-19.04394,-18.20552,-17.352404
23.160717,24.522934,25.88515,27.142303,28.410137,27.836264,27.27695
7.212771,7.4068475,7.601723,8.536258,9.445388,12.000556,14.520223
-3.8643339,-3.6287205,-3.394563,-0.62927556,2.1396759,1.915004,1.6964314
-77.055855,-76.967155,-76.87895,-75.31953,-73.76936,-72.30806,-70.8694
2.0095801,2.1278791,2.246169,3.8069801,5.3295493,5.655602,5.9288845
14.359658,14.94598,15.532009,14.644213,13.787302,11.735704,9.683995
11.179151,11.487078,11.794051,11.651241,11.546763,10.649314,9.787977
87.205826,88.229675,89.25408,85.26323,81.25253,78.88052,76.477394
13.299376,14.087532,14.876072,14.680209,14.474182,15.991975,17.532768
61.60079,62.349674,63.098515,62.047726,60.986897,61.092197,61.1562
56.803665,56.23195,55.660633,52.869377,50.09208,47.88302,45.69424
-2.042359,-2.117281,-2.1910868,-2.1225092,-2.029363,-2.256722,-2.458191
-0.72665435,-0.80515796,-0.8841985,0.09240598,1.0930145,-2.12828,-5.31832
-10.639713,-11.391429,-12.1431265,-14.836801,-17.511509,-18.538378,-19.515926
5.4164476,4.4440465,3.4714873,1.8635727,0.24770224,-1.4794873,-3.2312505
37.558956,37.4289,37.29859,36.678688,36.05828,35.511112,34.97528
74.29417,74.61814,74.941956,74.932304,74.922386,73.43456,71.9426
-84.82136,-85.72064,-86.61972,-88.558815,-90.47055,-91.58766,-92.64124
-61.1326,-60.96048,-60.789112,-60.558598,-60.336266,-58.76003,-57.220146
-45.915787,-46.294487,-46.67339,-45.78625,-44.915154,-44.346737,-43.779976
-3.9468176,-3.3843138,-2.822861,-2.7870715,-2.7510111,-2.465996,-2.21785
30.306877,29.82823,29.349396,29.807348,30.25402,31.018475,31.741144
1.7343644,2.4685407,3.2031145,3.0839877,2.9662218,2.991437,3.0429688
-38.101192,-39.18204,-40.26366,-38.06721,-35.87267,-34.568214,-33.231773
-26.088644,-25.767145,-25.446415,-26.130817,-26.782661,-27.529253,-28.231312
-31.274279,-29.890898,-28.506926,-27.962065,-27.391382,-28.288479,-29.165022
90.49677,90.506676,90.51701,89.99027,89.48858,88.71693,88.01084
6.640965,6.279778,5.9174542,7.6719546,9.426719,11.01402,12.584741
-37.4013,-36.6989,-35.99675,-36.910328,-37.819256,-39.075424,-40.31433
36.719654,37.19462,37.671196,36.143333,34.630417,33.597515,32.556435
-86.34785,-86.43534,-86.52417,-84.93869,-83.33305,-81.04606,-78.755615
-3.113984,-3.9145632,-4.7165003,-4.2691965,-3.7993708,-3.923564,-4.001981
7.2197695,6.1440907,5.0673895,6.942838,8.825042,9.497036,10.216325
16.29519,15.87705,15.460839,12.71391,9.944576,10.192628,10.397496
-20.386751,-19.29941,-18.21074,-15.963811,-13.749831,-13.176969,-12.65702
38.799423,38.5474,38.295597,38.687344,39.053387,39.157646,39.209396
-49.017006,-49.218575,-49.41939,-46.73143,-44.070076,-42.762505,-41.483173
16.819815,17.671793,18.522856,19.53452,20.52449,21.562262,22.540663
-88.19747,-88.86082,-89.52387,-88.24465,-86.943306,-86.3418,-85.742966
25.154997,24.978588,24.802967,25.81667,26.833563,25.778631,24.736954
43.291462,42.941868,42.592857,43.30078,44.027267,44.904102,45.8328
-116.36014,-117.36857,-118.37617,-117.575836,-116.80734,-114.490135,-112.20263
-38.460854,-37.994564,-37.528355,-37.596783,-37.62629,-38.00112,-38.34472
17.967287,19.42073,20.873138,21.972149,23.107302,24.011692,24.931568
-56.234856,-56.764797,-57.294636,-55.908375,-54.530613,-53.86063,-53.166912
28.945692,28.732,28.519085,27.784477,27.065166,26.278263,25.520893
-71.510925,-72.84017,-74.17136,-74.48142,-74.80351,-74.49379,-74.17345
21.24804,22.149433,23.051315,23.482603,23.901407,23.473503,23.021458
-153.97112,-155.31555,-156.65968,-153.90454,-151.17822,-151.42163,-151.66216
-29.231003,-28.963095,-28.694565,-30.208878,-31.747278,-30.439142,-29.18037
29.39098,29.850674,30.310732,29.746782,29.228388,28.205751,27.196215
-16.460913,-15.940369,-15.420612,-13.399288,-11.358171,-12.199362,-13.029144
-15.4442835,-14.905206,-14.36509,-14.726214,-15.068539,-15.3372755,-15.60234
73.64166,73.07515,72.51016,71.5841,70.68784,70.34794,70.057144
-27.34012,-26.82026,-26.301558,-26.095695,-25.904757,-25.702421,-25.509493
-66.73207,-68.08331,-69.43376,-70.40498,-71.414925,-72.191414,-72.999
56.53238,55.863132,55.194176,53.054935,50.91021,50.60626,50.26515
35.241722,35.63102,36.019344,34.276886,32.541885,31.934177,31.34273
30.425085,30.998526,31.57167,30.359875,29.157484,29.124378,29.101543
-82.74868,-82.6386,-82.52784,-77.803696,-73.10106,-71.267395,-69.45845
48.40183,49.273335,50.14536,50.372078,50.581448,51.59119,52.554897
-35.971684,-36.97081,-37.970867,-37.006493,-36.014008,-36.437347,-36.859703
-36.556637,-36.259922,-35.96358,-34.27315,-32.609806,-31.770018,-30.949867
2.3731244,2.524603,2.6756701,0.87468475,-0.9113088,-1.9223083,-2.8829641
25.623926,26.579233,27.534883,26.741179,25.952848,25.187284,24.441668
-15.876,-16.257914,-16.640535,-16.531399,-16.453726,-16.690933,-16.942385
44.380165,45.629066,46.879543,46.15827,45.45644,44.149895,42.849
-28.559143,-28.41231,-28.264496,-28.473272,-28.689455,-28.526125,-28.361755
0.89574134,0.55498016,0.2164887,-1.2029239,-2.6404583,-4.0037107,-5.3681364
3.5705283,2.6553395,1.7392036,1.9699174,2.1661036,3.402037,4.5650277
-45.953964,-45.314644,-44.674625,-44.14687,-43.5812,-42.302776,-40.99963
-8.816091,-8.886315,-8.957753,-7.7930055,-6.6231427,-5.3742223,-4.1295743
22.19142,22.409876,22.6267,21.558992,20.531038,22.185312,23.912056
-40.006947,-39.51372,-39.02043,-39.4037,-39.81926,-40.150253,-40.55141
32.339485,31.90493,31.471315,31.620111,31.779379,31.406652,31.050947
-3.2646213,-3.3427548,-3.421103,-3.6000915,-3.775969,-3.8625093,-3.9107509
-19.181004,-20.130255,-21.079357,-20.523945,-19.951096,-19.637688,-19.297173
-48.6623,-47.848263,-47.033962,-44.700596,-42.37705,-41.0161,-39.705097
34.741077,34.417736,34.09499,33.48204,32.889812,32.918358,32.952168
-53.272003,-52.026108,-50.780212,-49.18778,-47.558414,-48.16213,-48.73418
-25.41945,-25.618177,-25.818125,-26.234524,-26.60815,-26.433132,-26.205389
-39.60513,-41.052097,-42.499924,-44.22314,-45.96042,-46.42933,-46.914726
-14.299625,-14.912703,-15.5265665,-13.977293,-12.466095,-11.940874,-11.439937
39.142113,39.31827,39.493443,40.984524,42.44472,43.593494,44.70203
71.1861,71.41009,71.63596,70.41088,69.191154,68.39497,67.595726
68.425835,68.13153,67.83769,67.35319,66.8972,66.816444,66.79051
20.498524,18.750458,17.00211,17.800076,18.563652,19.131435,19.651735
110.23572,111.05054,111.865234,110.90125,109.939804,111.15874,112.38564
7.6644425,9.066352,10.467523,9.073674,7.649815,6.5200925,5.3574033
-31.053438,-30.885534,-30.716429,-30.904978,-31.082916,-31.770044,-32.43305
-13.580785,-12.658405,-11.7358265,-9.491052,-7.2783318,-8.075262,-8.945618
35.43615,34.527317,33.618504,32.768635,31.910313,33.02771,34.130974
63.601486,63.297142,62.993237,62.833572,62.632835,61.579964,60.494156
-25.104795,-25.437649,-25.769754,-24.65427,-23.505959,-23.315207,-23.10905
58.566425,58.002617,57.439476,57.595234,57.778168,59.171677,60.602543
16.564741,16.58276,16.600664,18.068258,19.512774,21.853949,24.172316
-76.91516,-76.18124,-75.44786,-75.44714,-75.4812,-74.31909,-73.21033
-3.95338,-4.097165,-4.2410374,-2.6702237,-1.0800442,-1.5973774,-2.1255045
2.911368,3.9319081,4.9518723,5.319636,5.7260537,6.6146417,7.533194
-22.758259,-22.489532,-22.221254,-21.949059,-21.653414,-22.299665,-22.895973
80.75789,81.45669,82.15633,80.85696,79.58994,77.51088,75.498184
46.133022,46.601173,47.070133,45.216644,43.383144,42.30041,41.26943
11.883332,10.064578,8.245791,5.3124013,2.3716815,2.4977267,2.6546
9.735645,8.605793,7.474923,10.067733,12.682868,14.207968,15.735037
-6.7199707,-6.1715364,-5.6221924,-5.185004,-4.7886314,-5.5831575,-6.4620953
42.231354,40.163513,38.09645,37.208588,36.27648,35.943623,35.5599
-25.048435,-25.434837,-25.821594,-24.790472,-23.772266,-24.131283,-24.467125
88.411865,87.84448,87.27727,86.492386,85.72579,87.25265,88.8008
97.65041,98.99787,100.34503,95.84881,91.32613,87.82304,84.277824
-86.45736,-88.57174,-90.68553,-90.256195,-89.86148,-88.82509,-87.82089
43.31711,42.604782,41.89263,41.580036,41.30899,40.255844,39.245728
-3.298803,-4.032291,-4.7648654,-5.042461,-5.316252,-4.656676,-4.0196013
1.0783244,1.9933654,2.908519,1.903968,0.87737864,2.3320982,3.7231052
94.07162,95.66555,97.26023,96.090805,94.92724,94.05125,93.16311
-20.179947,-19.657417,-19.13491,-19.848976,-20.542679,-22.355495,-24.14804
-89.21999,-89.137886,-89.0555,-85.65682,-82.28566,-82.60586,-82.94677
-25.17808,-25.715652,-26.251259,-24.272844,-22.270172,-21.622757,-20.985382
9.680825,10.677982,11.674465,10.928504,10.154293,9.3801,8.550009
-66.14593,-66.164406,-66.18377,-65.19485,-64.23124,-63.18977,-62.179802
56.196342,55.917755,55.639313,55.841686,56.080376,56.288486,56.515697
-40.409515,-40.75277,-41.09679,-40.208267,-39.348465,-40.53496,-41.758564
46.158886,46.209503,46.26083,44.684753,43.09488,43.631577,44.18358
-38.158043,-38.7211,-39.28378,-40.461975,-41.61808,-41.265575,-40.92462
32.21575,32.49094,32.766224,31.323338,29.920788,28.8595,27.817959
-18.672232,-18.209597,-17.74722,-15.559085,-13.403132,-13.816948,-14.23596
78.27892,79.42092,80.56521,79.72957,78.92848,78.41701,77.98202
-19.285965,-20.223116,-21.161612,-21.777063,-22.37282,-22.845938,-23.306627
-7.116002,-6.396661,-5.676757,-2.8989248,-0.099785894,1.4214019,2.9244833
-30.808279,-31.336353,-31.862259,-32.627377,-33.369354,-33.228016,-33.061893
22.079147,22.632767,23.186867,24.803524,26.429623,24.848442,23.270119
95.81557,96.52164,97.22682,97.46145,97.66096,98.913864,100.092606
33.353104,33.78762,34.222733,32.387146,30.558094,29.400946,28.257303
49.101128,50.20863,51.31505,53.02337,54.719757,55.44651,56.19023
10.454318,10.478658,10.503172,12.642776,14.823312,14.427119,14.088206
38.131863,37.632225,37.130905,36.764416,36.393875,35.535637,34.691616
-6.6091866,-5.4643064,-4.3190627,-4.537927,-4.738068,-4.60123,-4.4426684
-39.460503,-39.24565,-39.03144,-39.4099,-39.770603,-41.190063,-42.59359
10.119666,11.43839,12.7563095,13.483291,14.237431,14.6465845,15.063067
-17.430582,-17.80414,-18.177876,-20.957876,-23.759592,-25.753624,-27.774097
-9.579291,-10.498626,-11.417848,-11.17344,-10.967067,-9.44316,-7.9845443
4.365325,4.2594976,4.155057,5.359807,6.607625,6.753598,6.930003
16.87759,18.20709,19.53747,19.322197,19.066898,17.722168,16.333284
-12.382021,-13.308733,-14.236268,-11.896862,-9.572542,-8.316602,-7.065193
0.39543793,1.7851951,3.1749976,3.8185174,4.4505105,2.3800287,0.27272925
14.615525,14.189499,13.763059,12.771621,11.771506,11.471339,11.144164
56.26532,57.090797,57.91595,57.599834,57.281136,57.190784,57.087322
-89.505554,-89.34499,-89.18537,-90.89914,-92.602646,-93.20613,-93.7681
39.542625,40.219574,40.89738,41.534958,42.138435,41.699028,41.183743
19.261024,18.548346,17.834969,17.787113,17.737665,17.645733,17.56007
-68.77251,-68.980736,-69.18874,-71.45782,-73.7087,-74.11427,-74.48959
-29.903198,-30.878893,-31.854418,-31.40905,-30.986744,-32.58241,-34.18674
-73.65036,-73.423,-73.19482,-70.803535,-68.44174,-69.59647,-70.75622
-45.37967,-44.4612,-43.54185,-42.87397,-42.210823,-40.93636,-39.629414
78.133705,77.85069,77.568115,75.01656,72.48257,69.92316,67.422226
-38.05687,-38.51738,-38.977753,-40.531002,-42.09634,-42.488403,-42.87257
39.044613,39.227768,39.40924,39.484924,39.558243,39.127354,38.71267
113.73252,115.676476,117.620125,115.00951,112.36103,112.02398,111.63779
-20.789188,-21.442009,-22.095377,-22.726156,-23.315794,-24.808947,-26.254808
-36.160362,-36.343506,-36.52732,-35.552586,-34.548843,-33.912003,-33.213722
-60.263657,-60.698017,-61.131638,-61.743176,-62.34882,-62.504803,-62.663067
58.27846,59.623425,60.968224,58.95559,56.966976,56.11459,55.259212
-27.667439,-28.096867,-28.526627,-28.009584,-27.4666,-27.057444,-26.619366
-69.49697,-69.749435,-70.001465,-70.35378,-70.69212,-70.79944,-70.93538
-39.461422,-39.869045,-40.27622,-39.42393,-38.611717,-38.182255,-37.774353
2.9314175,2.273745,1.6153129,3.6654425,5.6719947,6.9496145,8.195148
-22.946028,-21.778126,-20.60976,-21.221592,-21.79951,-21.993502,-22.173634
-78.422226,-77.781075,-77.14091,-73.748405,-70.35446,-69.43165,-68.54594
-6.0867395,-7.640669,-9.193532,-10.892081,-12.597259,-13.3735895,-14.153066
-28.767336,-29.057474,-29.346983,-27.481186,-25.62397,-25.61138,-25.636503
27.205952,29.368088,31.530916,32.516563,33.523247,33.57572,33.619617
50.604298,50.203,49.802128,51.23929,52.637066,51.436428,50.176006
45.173496,44.52842,43.885273,42.269855,40.639866,41.27878,41.920223
30.902004,29.616842,28.33062,27.923334,27.519625,27.4914,27.49882
0.10773675,-0.3444565,-0.7964075,0.030863928,0.8948886,-0.9086898,-2.6882794
-69.2486,-69.30966,-69.37405,-67.482834,-65.57856,-65.18386,-64.77346
26.568144,25.599388,24.629765,22.426563,20.231152,20.379526,20.519476
0.57060564,-0.112654075,-0.79682004,0.157573,1.1466866,0.9629046,0.83523667
2.5011573,2.4371085,2.373385,3.2441936,4.10986,5.7415376,7.339165
4.4314938,3.8985593,3.3657377,5.15956,6.9364862,6.9118166,6.8925753
36.511684,37.016552,37.523235,37.81232,38.115757,38.839993,39.592754
-59.05386,-59.09271,-59.13069,-58.081886,-57.023483,-55.424324,-53.858257
1.2732384,1.0049468,0.7377158,-1.5704943,-3.8422303,-4.5603824,-5.225683
-34.33778,-33.757793,-33.177776,-32.860126,-32.504635,-31.83644,-31.124868
8.207272,7.731808,7.2562017,6.8559837,6.4718795,5.3068748,4.1413507
-132.43925,-133.07805,-133.71631,-130.25142,-126.761116,-125.62974,-124.51118
-0.32547706,0.25180012,0.8283163,1.9347053,3.0489087,2.9362369,2.863212
15.808647,16.19475,16.582064,16.45341,16.320704,16.591875,16.83342
21.676476,20.464588,19.253063,19.17294,19.069927,18.866674,18.67111
12.539253,11.750355,10.961575,11.193816,11.463291,11.50259,11.611574
32.913227,33.00311,33.09214,35.315216,37.54723,38.793304,40.071156
9.626503,9.725584,9.82392,10.185902,10.555336,12.453864,14.381641
-6.449122,-6.715626,-6.982939,-6.1508813,-5.3545647,-5.918701,-6.561078
0.69649893,0.34342963,-0.009962976,2.4489784,4.9497147,4.9669733,5.050129
52.645226,53.42012,54.19523,54.25437,54.327652,54.48941,54.681755
47.931393,48.84107,49.749485,50.78221,51.794376,50.80664,49.791866
-2.335315,-2.0127106,-1.6914022,-4.442662,-7.1816363,-7.402371,-7.571652
64.01558,64.39807,64.78203,61.43044,58.072136,56.42835,54.815067
-62.57754,-63.579403,-64.582565,-66.97695,-69.3487,-69.21986,-69.05286
8.64575,8.199644,7.752752,6.478052,5.179221,5.3988466,5.5879393
-24.136366,-24.101068,-24.066818,-22.893057,-21.692541,-22.891352,-24.022722
-52.089333,-51.797424,-51.50573,-52.143867,-52.789387,-52.14174,-51.466263
5.719196,5.748709,5.778526,4.3831906,3.0015512,1.492661,-0.03936146
13.631691,14.04755,14.463799,15.460316,16.495762,15.993198,15.535149
-136.05684,-136.33488,-136.61232,-133.5977,-130.58354,-129.8505,-129.15285
-3.5299735,-3.5545745,-3.5794044,-5.598104,-7.6224647,-8.093549,-8.55391
-106.73387,-105.597664,-104.460945,-103.729744,-103.010574,-105.166756,-107.29806
76.520676,76.925835,77.331314,76.05798,74.79362,74.22815,73.70302
-44.00234,-44.672142,-45.341354,-44.11755,-42.907146,-43.53393,-44.132427
15.547645,14.904304,14.260397,17.079199,19.8741,20.74777,21.557104
-91.48987,-91.129944,-90.768745,-87.30697,-83.80678,-82.025795,-80.24017
-59.638805,-59.01231,-58.38633,-56.242012,-54.05582,-52.49795,-50.930096
-4.9641905,-5.804572,-6.644616,-5.182517,-3.7087376,-3.0585816,-2.415496
-62.558937,-63.71991,-64.88311,-64.027306,-63.198074,-63.740353,-64.283585
21.023415,21.231432,21.43846,21.064774,20.669294,19.661236,18.600782
57.28367,58.25909,59.235123,59.2347,59.21101,57.64537,56.081318
-21.176315,-22.08447,-22.994158,-25.361387,-27.72957,-28.207705,-28.678673
-35.79854,-36.10767,-36.417892,-37.80816,-39.212086,-40.34822,-41.457546
-7.827418,-7.499597,-7.172,-7.4007926,-7.63372,-8.129086,-8.637688
-20.214872,-20.405802,-20.596922,-21.2717,-21.96617,-23.284487,-24.65471
-16.185242,-15.988082,-15.790922,-14.037937,-12.30792,-11.682814,-11.080948
-22.246893,-22.907276,-23.56718,-24.06857,-24.560356,-24.337278,-24.08388
53.41187,53.82841,54.245033,53.74735,53.233047,55.026222,56.773884
-72.594765,-73.60401,-74.61515,-72.03178,-69.424484,-68.5455,-67.62029
9.191668,9.400082,9.608635,9.485203,9.382458,8.461103,7.5865736
-10.117129,-10.791232,-11.465137,-11.125155,-10.817031,-10.564441,-10.342444
-42.989292,-42.96688,-42.944214,-42.77807,-42.64868,-43.477623,-44.32656
2.8711421,3.3296497,3.7886236,4.351387,4.876505,4.275178,3.662628
30.368584,31.15579,31.942225,32.40731,32.895767,33.15627,33.4211
-23.574085,-24.405893,-25.238094,-24.360872,-23.469698,-23.748566,-23.985498
-27.687597,-28.124125,-28.559395,-28.948942,-29.365623,-29.456194,-29.56956
-9.448735,-8.238868,-7.0293026,-7.1750903,-7.2998123,-7.4870725,-7.6560583
64.61688,64.11296,63.61017,62.74859,61.848835,61.534332,61.18186
-44.442833,-44.84975,-45.256443,-44.770226,-44.28241,-43.423477,-42.569065
-2.6106853,-1.5627748,-0.5144349,2.1224556,4.762026,6.345503,7.9334145
-25.767712,-24.85382,-23.939735,-22.142153,-20.327477,-21.682663,-22.98122
31.691422,32.1263,32.563007,30.88221,29.212908,28.785692,28.38013
37.77024,38.435963,39.101696,40.22773,41.33548,43.213783,45.038685
-55.874718,-57.142025,-58.408836,-58.396,-58.355587,-58.12318,-57.826553
-45.397793,-45.57685,-45.757698,-42.505127,-39.212013,-39.15638,-39.074474
31.56771,33.122963,34.679745,34.61972,34.562042,35.97823,37.42454
-13.268429,-13.211832,-13.155027,-13.45401,-13.788583,-14.278163,-14.79701
38.104115,38.29945,38.496334,37.870823,37.265766,37.977947,38.717785
0.6386467,1.7540165,2.8694522,2.2868068,1.7183882,-0.7797197,-3.2527487
-51.449352,-51.725967,-52.002907,-52.374382,-52.785355,-52.50759,-52.241505
-57.43065,-56.699856,-55.968422,-54.48379,-53.02955,-52.436417,-51.83337
17.357052,17.551449,17.746014,17.88672,18.036552,17.043344,16.046427
-41.962658,-43.194927,-44.42644,-43.294178,-42.148693,-41.548515,-40.942085
-86.94567,-86.12249,-85.30059,-84.16681,-83.02534,-82.9352,-82.85814
24.545399,24.37135,24.198591,24.643246,25.090954,27.160355,29.234943
-47.703568,-48.858356,-50.011806,-47.181545,-44.36846,-42.82028,-41.298912
-13.132454,-13.631415,-14.1300125,-12.301318,-10.517011,-9.0405035,-7.5704737
44.27673,44.27202,44.26897,43.97746,43.674812,44.38402,45.057278
63.150753,62.76116,62.37157,62.288464,62.222866,61.857334,61.498455
42.608017,43.4802,44.352207,44.46606,44.606358,45.93238,47.24183
-17.661016,-16.965395,-16.269585,-15.888554,-15.485353,-15.001151,-14.515259
-70.568375,-71.1713,-71.77427,-72.45086,-73.13718,-74.825386,-76.48224
-5.378969,-6.042532,-6.705948,-7.6612854,-8.585274,-8.585672,-8.585278
-12.223058,-12.358858,-12.49543,-13.25986,-14.049659,-15.167761,-16.279373
-15.267731,-13.998859,-12.730846,-13.576389,-14.410249,-15.091798,-15.74261
-0.022304043,1.5031848,3.0288768,3.06282,3.0900908,0.8813391,-1.3352454
-8.429537,-7.6049156,-6.779931,-6.303487,-5.838852,-4.2299843,-2.6525466
42.675762,43.808926,44.943996,44.603825,44.269226,43.195568,42.106976
-10.215215,-8.325782,-6.4362288,-4.2621584,-2.055354,-2.1548128,-2.2538843
35.555065,35.864162,36.173645,36.189766,36.236588,35.696312,35.146008
1.9049004,2.9939773,4.083584,4.0279636,3.9336975,4.65641,5.355485
-3.6179278,-3.1702452,-2.722323,-3.7050438,-4.6966324,-3.8342063,-3.0068154
39.202057,38.91748,38.63307,35.352066,32.11151,29.486052,26.933384
-36.989452,-37.560116,-38.130535,-35.19441,-32.22693,-32.586994,-32.95068
1.01074,2.42083,3.8309195,5.625143,7.4186187,6.755327,6.052025
43.63002,43.656494,43.68284,41.264885,38.874596,36.726974,34.635727
4.080146,4.317322,4.553963,4.649836,4.7578526,4.3194776,3.9160695
-56.093216,-55.9144,-55.73667,-54.96525,-54.181232,-56.11918,-58.016487
26.139206,26.362576,26.585627,25.91809,25.255096,22.576588,19.902672
-4.671778,-3.8432827,-3.0153575,-3.0586553,-3.0667024,-2.7861438,-2.4929643
19.995863,20.511229,21.026915,20.644072,20.247313,20.103022,19.980127
-60.624077,-59.955803,-59.287865,-59.259605,-59.26199,-58.772663,-58.294582
57.772636,58.22547,58.67953,57.83242,56.974854,57.825153,58.688354
75.90146,76.95657,78.01059,77.852005,77.65259,77.467186,77.22127
-99.14277,-101.937614,-104.73434,-102.04586,-99.39222,-97.92951,-96.53194
-53.649303,-53.24082,-52.833855,-53.80419,-54.744343,-55.670193,-56.558434
58.79074,58.395386,58.000313,57.916718,57.813065,59.283276,60.733074
-5.6965585,-4.5611806,-3.4260502,-3.3638954,-3.3379657,-3.0167243,-2.7496274
37.78173,38.735317,39.690247,39.22911,38.743484,38.340294,37.89518
-50.172737,-52.028675,-53.884,-52.34891,-50.776646,-50.29849,-49.75649
-6.9344583,-7.629313,-8.324328,-8.037979,-7.756104,-7.6087785,-7.475261
12.695035,11.41396,10.134165,7.2757225,4.4472613,4.6836295,4.959175
0.12509523,0.21416555,0.30339608,-0.34856144,-1.036565,-1.1578723,-1.2934047
9.029052,9.181774,9.336539,10.278678,11.246128,10.491649,9.76872
36.948055,37.830936,38.71328,38.892757,39.105114,38.869984,38.671627
-4.9180813,-4.792547,-4.667305,-4.9775963,-5.2544994,-5.488182,-5.7034416
-1.5738696,-2.2573516,-2.940496,-3.1771407,-3.401752,-2.9542787,-2.4938855
-29.108198,-29.342829,-29.576574,-27.97061,-26.322592,-25.84953,-25.34261
15.600785,15.832301,16.063072,16.060947,16.084133,14.543223,13.063359
13.177413,12.654709,12.132088,12.916058,13.717338,13.035192,12.389336
-10.434377,-9.932687,-9.43104,-7.9983196,-6.561819,-6.7302537,-6.8800683
-25.727125,-25.502333,-25.277573,-27.620565,-29.926447,-30.190811,-30.418066
-38.422474,-38.01303,-37.603645,-36.888275,-36.164635,-36.22936,-36.262318
-11.171161,-11.604091,-12.034754,-11.771362,-11.494034,-10.221144,-8.951294
4.7369914,4.967445,5.1987834,7.5179834,9.833175,11.42023,13.009078
86.688225,87.131966,87.57588,86.32502,85.10456,84.698494,84.29403
-10.204443,-8.983957,-7.7634807,-4.350361,-0.96833944,1.4351945,3.7655272
43.18573,43.591927,43.997864,40.40729,36.835934,35.778294,34.7613
8.394401,9.035304,9.676488,9.394172,9.152323,8.15643,7.2380404
-55.12809,-54.30455,-53.481033,-53.693447,-53.928734,-54.649014,-55.410282
-61.71266,-60.991043,-60.268726,-60.439724,-60.642654,-60.0659,-59.519936
-42.747845,-41.949066,-41.149868,-40.371906,-39.621014,-39.6724,-39.754368
80.757706,81.66318,82.56859,84.520485,86.477745,86.99415,87.4946
-52.952892,-53.571995,-54.189606,-54.07307,-53.95376,-55.251156,-56.514828
69.43961,68.1565,66.874825,65.48838,64.13917,64.990746,65.87806
78.82098,80.63945,82.4587,80.23922,78.00414,76.16126,74.343575
65.47551,65.28639,65.09842,64.08456,63.09885,62.951054,62.85298
-33.87251,-35.505447,-37.139057,-36.482277,-35.84891,-34.024822,-32.240726
-39.359203,-39.70588,-40.051743,-39.831367,-39.639137,-39.904106,-40.198776
-72.45597,-72.61879,-72.780525,-73.87786,-75.01264,-76.27018,-77.59695
-3.1434188,-4.0682197,-4.9933143,-3.4844031,-1.9843744,-0.62099403,0.7499853
31.47444,32.05548,32.636017,31.43451,30.236095,30.208118,30.174988
22.85216,23.584969,24.319283,24.62868,24.93211,24.339348,23.735191
-68.38643,-69.28981,-70.19261,-70.16557,-70.13548,-71.005554,-71.84587
24.587116,25.175936,25.765902,25.693949,25.629923,25.09305,24.566168
9.692788,9.870404,10.048426,10.766477,11.510864,10.6914625,9.900886
6.9849734,6.6138434,6.241051,7.7516227,9.284383,9.511474,9.742435
-48.55674,-47.98396,-47.409767,-47.205402,-46.964634,-49.27712,-51.570892
-32.634968,-31.98368,-31.332182,-30.745907,-30.176609,-28.759134,-27.40014
-29.812626,-29.764101,-29.71445,-31.36196,-32.99108,-33.86688,-34.687523
-4.029306,-4.578275,-5.1286063,-2.2114117,0.7029254,2.0983722,3.4715068
0.8487604,1.6462377,2.4440944,1.7235204,1.0412599,0.5477301,0.07258571
