2014 SVI Single-Parent Household Encoding,2015 SVI Single-Parent Household Encoding,2016 SVI Single-Parent Household Encoding,2017 SVI Single-Parent Household Encoding,2018 SVI Single-Parent Household Encoding,2019 SVI Single-Parent Household Encoding,2020 SVI Single-Parent Household Encoding
25.407734,24.862045,24.316711,24.32634,24.337412,25.108437,25.980495
-79.106094,-80.36692,-81.62665,-81.69632,-81.77919,-80.11052,-78.51835
75.82524,76.958115,78.09129,78.61583,79.13011,79.10137,78.97893
38.311447,38.567947,38.82497,37.458088,36.106667,35.4331,34.65413
-75.52507,-75.678955,-75.83071,-74.506256,-73.1843,-75.558044,-77.9152
-18.429049,-17.932985,-17.436306,-14.450513,-11.447175,-13.67076,-16.047613
-10.940052,-7.564774,-4.190871,-1.7925377,0.58653706,1.271411,1.8566375
-13.344827,-11.744419,-10.144496,-11.105571,-12.053414,-14.303344,-16.389061
-10.359995,-10.002042,-9.643784,-8.128285,-6.6006007,-3.8186638,-1.0875636
20.945114,22.54054,24.134434,24.412868,24.677309,23.556047,22.472805
4.5426917,5.061975,5.582069,4.6879478,3.7837195,-2.7231393,-9.102064
-45.321632,-44.561676,-43.8028,-41.753735,-39.71768,-41.141045,-42.699364
-32.96299,-32.24005,-31.518164,-31.152328,-30.780527,-33.570633,-36.16392
-9.047522,-8.795763,-8.543165,-6.4215794,-4.3108387,-2.2066138,-0.05984701
51.191822,51.700222,52.20931,50.81817,49.409695,48.10554,46.8986
-20.20313,-22.65441,-25.106266,-25.064787,-25.014816,-24.222229,-23.334078
118.64299,118.71679,118.7895,120.71061,122.64007,124.23143,125.80238
45.05392,43.316216,41.57828,39.710423,37.859764,38.370323,39.022278
29.878479,28.8223,27.765085,25.776726,23.787205,22.142046,20.516222
-98.39085,-98.14914,-97.90696,-97.994194,-98.07815,-100.33779,-102.42569
-36.092537,-34.877895,-33.66466,-32.09101,-30.533186,-33.54895,-36.61006
-49.369007,-48.561337,-47.750965,-49.035217,-50.331844,-53.353245,-56.3487
-73.0479,-72.281235,-71.51338,-72.059555,-72.59122,-73.57841,-74.50169
-45.97967,-44.73444,-43.48789,-42.258507,-41.038635,-39.3833,-37.830074
64.431564,63.848286,63.264103,63.539288,63.801266,64.55043,65.365005
41.821003,39.8753,37.929855,33.211166,28.48365,26.071705,23.669922
33.016407,31.2482,29.48216,25.476395,21.459555,18.130096,14.75945
-56.60727,-58.34382,-60.08177,-58.811844,-57.528305,-54.370037,-51.181927
-1.649225,-1.7717435,-1.8946598,-1.3500192,-0.8134997,-2.498497,-4.1357684
-68.50742,-67.17935,-65.85143,-64.14006,-62.443405,-59.996,-57.675926
-71.722534,-72.38925,-73.05707,-76.28472,-79.498085,-80.272804,-81.17414
-11.687659,-11.071713,-10.454505,-10.142957,-9.81581,-8.007639,-6.134434
-60.888,-62.458595,-64.03103,-64.269,-64.496925,-64.48375,-64.31932
-101.55763,-100.97893,-100.40064,-98.406815,-96.4287,-96.04278,-95.84502
-6.6354985,-4.8600354,-3.084685,-0.39620045,2.2990148,2.734194,3.2738245
68.45899,68.38881,68.31846,67.401794,66.49192,68.304695,70.00765
57.868977,57.33161,56.79416,54.190228,51.60168,51.44505,51.430172
41.669853,42.228485,42.788723,40.88969,39.00422,36.500225,34.152084
20.097889,19.04618,17.995941,16.09041,14.198794,13.058059,12.020673
61.892914,62.980686,64.06831,62.188328,60.295845,58.45455,56.6977
-27.365124,-27.415648,-27.464212,-26.327925,-25.187965,-25.78817,-26.428415
-64.858055,-67.31139,-69.76416,-68.98666,-68.19612,-67.45937,-66.6784
-81.15448,-80.97218,-80.79015,-77.32523,-73.874535,-74.4392,-74.97399
-47.12013,-48.03463,-48.948723,-46.60791,-44.273476,-41.80914,-39.511253
3.2116854,2.054455,0.8978769,-0.95325834,-2.791927,-3.946407,-5.2019463
-63.438606,-63.50539,-63.572174,-60.312008,-57.048725,-56.40315,-55.68379
1.5944482,1.9422523,2.2894347,1.5589362,0.8407718,1.1480256,1.489957
9.817503,8.448627,7.0802097,4.761799,2.446538,1.4149514,0.35911
-56.188114,-57.005558,-57.822487,-57.06689,-56.31227,-52.770542,-49.31116
36.374516,36.379063,36.384903,34.78667,33.191525,35.49036,37.658
-57.47299,-58.045944,-58.618973,-58.316795,-58.023315,-57.96984,-57.700726
59.75879,60.873924,61.989502,61.19134,60.387,57.964,55.46982
100.84028,101.338875,101.83761,103.016884,104.19834,100.299965,96.42453
-7.8668337,-8.458787,-9.05083,-9.494201,-9.934421,-9.625495,-9.4179945
-6.568334,-7.3695755,-8.170076,-7.7007923,-7.224256,-8.847224,-10.548893
6.6350913,9.119416,11.602404,12.18837,12.764793,12.119965,11.625851
19.500145,19.041964,18.583801,16.733519,14.872146,15.856116,16.835888
-33.557858,-31.966467,-30.37597,-29.155537,-27.945766,-27.705685,-27.447989
27.226469,26.228212,25.22936,23.895514,22.545435,22.281004,22.139769
-25.907068,-27.547474,-29.186167,-31.972965,-34.744865,-35.141777,-35.383995
-99.96569,-101.14902,-102.33228,-98.51154,-94.67723,-92.993996,-91.36888
38.931313,39.32879,39.72588,38.824654,37.93894,36.746223,35.478634
-10.873117,-10.647707,-10.422133,-11.227584,-12.043627,-11.960869,-11.983536
-31.212984,-33.045338,-34.876366,-37.401615,-39.91753,-41.97148,-44.193012
49.295006,49.998283,50.70306,48.072113,45.4382,43.971207,42.542496
12.813593,11.224619,9.636562,9.036793,8.422747,7.911852,7.3756084
88.864685,89.75943,90.65498,90.88696,91.12198,92.7893,94.46831
26.566332,26.333385,26.100256,26.956278,27.80078,26.755373,25.681698
124.497086,123.526886,122.55673,122.28514,122.01068,118.56172,115.28093
-89.0051,-90.20562,-91.40618,-90.28663,-89.1751,-87.576256,-86.08223
-11.719303,-11.511487,-11.302764,-8.325059,-5.348559,-3.785688,-2.2059526
60.205772,61.741173,63.277023,62.806244,62.347984,61.192223,60.02254
13.606612,14.142289,14.678922,13.97933,13.271604,13.004413,12.634006
-29.067858,-30.75341,-32.43874,-30.33962,-28.242926,-26.512102,-24.893015
9.17308,8.49232,7.810632,6.9087224,5.9969163,3.0234637,-0.072931714
14.645729,13.981509,13.317228,13.713914,14.121964,17.495375,20.712393
-57.67798,-57.224525,-56.770626,-57.238155,-57.687744,-61.053528,-64.3683
-3.8411572,-4.0990605,-4.3567953,-3.9238083,-3.497928,-4.1973825,-4.9488854
-79.912186,-80.13701,-80.36137,-77.85751,-75.355896,-75.709045,-76.0827
-13.011961,-14.566896,-16.122862,-14.64747,-13.169432,-13.295941,-13.507887
8.094698,6.005592,3.915277,2.141376,0.35547394,-1.0284106,-2.5204358
-38.120766,-36.97782,-35.833202,-36.8185,-37.81639,-40.304123,-42.785618
19.345385,17.62483,15.904924,16.134808,16.371668,16.923925,17.557442
-70.91362,-73.24192,-75.56862,-74.37322,-73.18991,-70.35451,-67.39517
106.35536,106.63168,106.90789,105.170074,103.41513,101.959335,100.64674
-47.001087,-47.77087,-48.54202,-47.33535,-46.1124,-43.854588,-41.503353
24.7123,25.527042,26.341105,29.915106,33.489613,33.231182,33.031845
-1.2719762,-1.8859746,-2.5014913,-3.7350385,-4.9782715,-5.2193704,-5.4717193
61.623928,61.454338,61.284878,60.490963,59.7133,56.775326,53.767525
44.670742,45.38443,46.097603,46.121258,46.137493,46.82129,47.39479
13.475802,13.51093,13.545077,12.453722,11.367789,14.523013,17.582172
-53.44771,-53.036316,-52.624817,-51.77844,-50.927643,-49.17414,-47.368717
12.389702,11.5341,10.680095,9.000525,7.304292,4.4564204,1.5369802
94.10093,92.53573,90.96937,89.54505,88.132225,86.70304,85.39712
-38.763275,-40.554283,-42.3466,-43.642635,-44.92464,-45.81161,-46.613926
10.932366,10.196072,9.460896,9.902353,10.361338,9.03085,7.6325274
-73.058914,-73.033035,-73.00769,-69.51314,-66.02425,-64.04322,-62.128506
-1.7160022,-1.3969681,-1.0779269,-2.062361,-3.0340002,-5.49969,-7.865741
20.50195,19.12615,17.750734,16.740223,15.721515,15.245805,14.673206
-26.83034,-26.455732,-26.080578,-27.21016,-28.35451,-26.838999,-25.348265
-73.18237,-74.33658,-75.489975,-73.89264,-72.28244,-69.49095,-66.68747
31.063675,29.967585,28.873049,27.044167,25.219679,23.737387,22.29624
15.172947,15.3781,15.584135,14.328379,13.064747,11.993581,10.928274
-44.45988,-44.86491,-45.272194,-46.845303,-48.407894,-50.819584,-53.232754
4.4901733,2.9495285,1.4093826,-0.53049994,-2.4579103,-3.1216276,-3.8209307
63.622,63.461674,63.29998,60.663754,58.04366,59.00426,59.912617
34.7341,34.909534,35.0841,34.660107,34.239296,32.53032,30.970324
-23.322277,-22.032547,-20.74309,-21.908895,-23.070158,-24.683783,-26.217012
-11.198298,-10.735653,-10.273431,-9.438878,-8.615021,-8.695317,-8.777154
85.48642,84.554184,83.62276,81.21481,78.799934,80.11901,81.538826
-4.5822587,-4.6075997,-4.63312,-5.3090196,-5.998614,-6.56436,-7.1208405
-57.436375,-58.763893,-60.092396,-57.58599,-55.081844,-52.754642,-50.45011
-75.21347,-74.07282,-72.933,-71.06019,-69.18997,-70.258705,-71.26858
34.51433,36.155285,37.797108,36.574993,35.346992,31.248528,27.043068
-1.8588614,-0.92151207,0.014759589,0.40869004,0.80215794,-0.13760419,-1.1755996
-7.913234,-6.196155,-4.4792395,-5.1055484,-5.741629,-6.142081,-6.4996924
-20.554585,-18.855574,-17.156506,-19.903454,-22.632202,-24.96187,-27.243809
10.473062,10.074622,9.6759405,9.160821,8.631349,6.9411407,5.1735044
3.6131573,3.9636464,4.3136716,6.667587,9.032949,11.1069565,13.070564
-38.42233,-38.602406,-38.783733,-39.095104,-39.421642,-39.52869,-39.81384
-26.971098,-29.31872,-31.66658,-33.68803,-35.707993,-37.152187,-38.615856
-49.963604,-48.27977,-46.59542,-42.568943,-38.558357,-37.483246,-36.407948
7.3959966,8.530699,9.663141,9.749849,9.834552,10.529573,11.328873
18.42279,17.123037,15.8225,11.884729,7.9440775,6.108734,4.4747205
102.800415,105.41258,108.024445,107.600266,107.180786,107.52261,107.87497
-18.190004,-18.799719,-19.40906,-20.190964,-20.974806,-21.815311,-22.7399
-24.932417,-26.66925,-28.405943,-30.002415,-31.589836,-30.85817,-30.18915
-51.14191,-52.029186,-52.916195,-54.461857,-56.023663,-60.632298,-65.201454
-26.432531,-28.754503,-31.074854,-32.14315,-33.219135,-29.623186,-25.956408
-67.741585,-66.53248,-65.32366,-61.952106,-58.590096,-55.752262,-53.014027
16.970922,16.36516,15.759675,16.603134,17.449871,17.049112,16.464533
16.594563,16.317825,16.040558,15.3248,14.600156,13.096376,11.618051
32.20099,32.351612,32.502033,30.919653,29.333046,26.724274,24.03959
-4.780766,-4.9552774,-5.132208,-4.7147756,-4.287245,-3.2377677,-2.2960005
-44.863903,-43.842506,-42.82015,-43.058266,-43.31203,-45.571304,-47.95274
-43.41619,-43.291843,-43.16771,-41.36665,-39.571667,-39.00995,-38.425156
101.55972,101.6963,101.833496,101.68644,101.53503,99.09263,96.60729
-13.32793,-13.494538,-13.65925,-13.31227,-12.964961,-13.552961,-14.273933
60.961803,61.965893,62.96967,61.90888,60.85326,61.122738,61.282696
-1.1973342,-1.6632117,-2.1277199,-4.331316,-6.518341,-9.039941,-11.638631
-28.48006,-27.82604,-27.171558,-26.756866,-26.352768,-24.76892,-23.323202
9.596494,8.947641,8.297754,9.625034,10.94854,15.645738,20.249516
33.51826,33.19519,32.872135,31.527437,30.1772,30.798311,31.2869
13.716404,11.555107,9.39404,7.510087,5.623975,7.5380626,9.306216
16.125124,16.405378,16.684175,17.420975,18.16364,19.128265,20.235613
51.974472,51.327263,50.679924,50.818275,50.95919,50.241608,49.383972
-87.568405,-88.08193,-88.59518,-89.02434,-89.44586,-89.83319,-90.17563
48.961285,49.889694,50.818733,49.452965,48.08528,46.44733,44.636784
100.693436,99.92482,99.15419,96.21828,93.29689,91.07915,88.9481
18.557724,17.39318,16.230497,13.627959,11.03817,8.232697,5.456714
-7.824584,-8.006202,-8.186366,-7.810714,-7.441535,-4.6243687,-1.9356339
37.297955,37.39396,37.489864,36.109608,34.72063,32.53613,30.225924
-21.262783,-19.921886,-18.58212,-16.373995,-14.169859,-13.695999,-13.304717
3.2902412,2.385786,1.4818269,1.6968709,1.9153177,2.739315,3.4649544
-14.1074,-14.795705,-15.483101,-17.032997,-18.5955,-22.219545,-25.68958
4.4723516,4.5570636,4.6407204,5.875122,7.112733,10.813737,14.501469
92.46434,91.78839,91.1127,90.56044,90.024414,89.95606,89.97655
29.878342,29.305307,28.73153,26.409803,24.084509,22.542723,21.058586
-83.772804,-85.6554,-87.53827,-86.710884,-85.895546,-84.42498,-82.847206
60.00334,59.638687,59.273354,58.97375,58.657303,58.327137,57.865932
-0.7280696,-0.27725488,0.173639,1.0773795,1.9808824,1.1483696,0.45191735
-41.92137,-42.821888,-43.72267,-41.06682,-38.425896,-39.042267,-39.887806
-18.694908,-18.699577,-18.704721,-18.35387,-18.005108,-19.135784,-20.240944
-33.533894,-33.97552,-34.417168,-35.51733,-36.61949,-38.54679,-40.560333
-10.784706,-10.137267,-9.491839,-8.956322,-8.413681,-8.887427,-9.480925
22.267967,21.069927,19.87158,21.404575,22.930403,22.07124,21.222248
11.287648,11.186948,11.085071,9.286466,7.497209,5.7069354,3.9551504
-47.100952,-45.842655,-44.584473,-45.220394,-45.858913,-46.613758,-47.346054
0.7206035,0.0043774117,-0.71139854,0.325203,1.3452091,-1.3464704,-4.0025787
55.856422,55.670177,55.483727,57.804684,60.123466,58.225574,56.38818
-48.42793,-48.431408,-48.434322,-48.454678,-48.466465,-50.506786,-52.491497
-8.891152,-8.7983885,-8.705133,-11.81622,-14.941441,-14.60734,-14.317547
-25.581827,-25.958698,-26.33613,-25.958593,-25.595018,-24.291191,-23.17807
-1.0053209,-2.1297886,-3.2535164,-4.7395844,-6.2382283,-6.357927,-6.4979873
71.63508,72.40653,73.1778,71.181854,69.17911,66.61666,64.08809
45.97939,45.12246,44.26561,41.38391,38.51577,37.532173,36.504803
19.929512,20.6157,21.301435,22.965002,24.622559,23.544989,22.407955
-47.239536,-48.873417,-50.507286,-48.844574,-47.192333,-49.246986,-51.25296
15.633245,15.425668,15.217097,15.842254,16.470602,18.198565,19.916395
-64.95371,-66.952484,-68.951,-71.43357,-73.898994,-76.281296,-78.56306
65.06072,66.78119,68.502304,68.27743,68.03448,66.9601,65.73276
-73.056816,-73.1527,-73.24878,-71.323326,-69.390015,-68.05594,-66.66175
80.09217,81.066895,82.04281,79.04482,76.03546,75.060104,74.02982
-88.02049,-88.36756,-88.71402,-85.84921,-82.97002,-82.524605,-82.01753
27.776335,29.134953,30.49389,30.284576,30.068747,26.604681,23.202938
51.82219,51.618805,51.41432,49.872986,48.346367,46.972946,45.641495
38.037743,40.585075,43.131367,41.89485,40.641075,38.552845,36.353447
5.570409,5.8485346,6.124799,4.5472784,2.9755535,5.161911,7.34968
86.374146,87.560844,88.74721,89.91339,91.07124,90.78162,90.44702
-26.566977,-27.380941,-28.196884,-27.988888,-27.784838,-27.927471,-28.055445
-107.610535,-107.21057,-106.809975,-106.8953,-106.97732,-107.192696,-107.53278
-14.231726,-15.072901,-15.912809,-18.121437,-20.311357,-22.126625,-24.016905
-32.115715,-31.833942,-31.553553,-30.13077,-28.692162,-28.1104,-27.413689
5.330799,6.1585617,6.9869156,9.161539,11.321846,12.303577,13.238625
88.22086,87.52978,86.84005,86.1101,85.36686,84.11207,82.82881
-4.1164017,-3.8885832,-3.6611538,-5.672083,-7.6886225,-8.828851,-10.067415
-63.60911,-63.738804,-63.870705,-62.88941,-61.89279,-62.838814,-63.822536
-4.4552093,-4.965175,-5.476806,-5.629682,-5.783113,-9.564805,-13.196902
-20.794075,-22.335648,-23.877102,-22.939384,-21.994804,-18.944582,-15.955154
-75.3537,-76.393684,-77.435326,-76.837006,-76.24757,-72.4807,-68.55132
-68.23595,-67.60625,-66.97714,-65.97008,-64.97288,-63.83907,-62.734062
49.596252,50.114635,50.633358,49.950886,49.274208,51.75785,54.24085
-14.190798,-15.2564,-16.322088,-18.352797,-20.385859,-22.860981,-25.298767
34.049976,34.572556,35.093033,35.653122,36.196617,34.748,33.15654
76.84832,76.37349,75.89758,74.68079,73.47155,71.41363,69.50457
37.22626,37.913364,38.600243,38.500736,38.416367,38.02705,37.775555
6.6337113,7.0308585,7.4272428,6.6383505,5.861813,2.9699779,0.25614977
-10.02948,-10.47946,-10.929163,-12.98201,-15.040272,-15.972334,-16.968666
80.17095,80.52287,80.87468,80.431015,79.97104,79.20826,78.52203
37.352524,38.102066,38.853676,38.89743,38.929237,37.316345,35.847515
-18.42252,-18.006203,-17.590107,-18.533314,-19.467155,-16.912735,-14.204249
10.243129,8.750306,7.2568007,6.5662947,5.8662815,6.8688498,7.859908
48.343807,48.86574,49.386906,49.484447,49.578064,52.41285,55.07542
-8.582113,-10.180597,-11.779728,-10.5238905,-9.261491,-7.7740116,-6.319055
65.67834,65.9516,66.22462,68.17991,70.15055,71.89684,73.50319
110.386894,110.37456,110.36137,110.5257,110.70255,110.38421,109.90536
36.681396,37.19756,37.71589,35.225975,32.748714,34.898933,36.948196
5.9742236,7.5413585,9.109155,11.960704,14.801265,18.124258,21.401346
1.9698471,3.6252863,5.2804437,7.10208,8.933506,10.110072,11.332392
-82.99463,-84.087265,-85.180405,-87.14755,-89.09822,-88.15667,-87.155136
49.39028,50.212147,51.034626,51.275867,51.53206,48.66272,45.79493
47.389072,46.712734,46.035297,45.236584,44.42696,43.84247,43.261658
9.926148,9.896037,9.864356,9.69093,9.505231,10.663293,11.749499
18.870377,17.693018,16.514664,15.571869,14.611905,15.726168,16.763493
53.30214,55.69331,58.08476,57.91523,57.76287,58.7399,59.516304
57.14558,58.82097,60.49523,60.97966,61.46241,60.456974,59.562622
57.364296,58.051594,58.73683,58.10618,57.470123,59.04055,60.769047
6.189523,5.681334,5.1750975,3.6745753,2.1670942,1.0735589,0.05247508
-57.378036,-58.065754,-58.75282,-61.68689,-64.61103,-66.46297,-68.39436
11.9607525,13.690817,15.419899,18.84444,22.273779,24.91633,27.48968
-59.58359,-59.961826,-60.340435,-62.382465,-64.40967,-64.65247,-64.93224
55.45124,54.797993,54.14504,53.505558,52.866222,51.394146,49.879208
70.17214,72.11036,74.049065,74.885574,75.73876,75.080055,74.44251
-98.23403,-97.44091,-96.64808,-95.00489,-93.34724,-91.64988,-90.04766
89.346794,88.360664,87.37413,84.35647,81.34283,79.36358,77.23353
-109.483116,-108.670364,-107.85759,-106.55899,-105.26968,-105.673515,-106.2399
13.129893,12.867896,12.606608,12.089671,11.557145,12.707971,13.964824
-15.680111,-15.123753,-14.568736,-9.156852,-3.7553303,-0.59044874,2.4301085
-87.43402,-88.05083,-88.66777,-86.47644,-84.29249,-82.82994,-81.32598
9.661835,9.745678,9.829697,10.272209,10.697708,12.860615,15.074261
29.145216,29.074442,29.003742,26.823112,24.63723,24.16392,23.768614
-26.366898,-25.810677,-25.255238,-24.382278,-23.524393,-25.895857,-28.426874
57.555912,58.640633,59.72557,59.88354,60.02541,63.119385,66.23625
-17.99478,-16.92026,-15.845974,-17.701002,-19.569021,-22.30239,-25.029957
13.968531,14.737993,15.507653,15.122303,14.727992,15.450784,16.087835
-30.403288,-29.369606,-28.33466,-28.019772,-27.694958,-27.175812,-26.613865
147.32625,146.67868,146.0291,144.57713,143.14288,141.86119,140.6328
20.26527,20.42152,20.577248,18.921953,17.265007,15.209611,13.238943
-23.62142,-24.047066,-24.474436,-26.510288,-28.535656,-29.215591,-30.012653
-15.865546,-15.843538,-15.820081,-14.273267,-12.727779,-12.748853,-12.692961
-49.00616,-50.45151,-51.896233,-52.734093,-53.58161,-53.945423,-54.508217
-53.999275,-55.04956,-56.10006,-56.414417,-56.75009,-54.92765,-53.023216
39.238754,38.926205,38.61398,37.732994,36.857296,36.746384,36.743073
21.081264,21.565624,22.049614,24.070244,26.102104,26.479618,26.88395
-0.89099246,-0.52656204,-0.15967302,-1.0158036,-1.8686059,-1.5148232,-1.252475
41.00586,40.940334,40.875607,43.196278,45.516506,44.67684,43.815117
60.70042,63.30566,65.91028,69.52484,73.153534,73.435936,73.77479
10.410519,11.153986,11.896919,10.4457855,8.983376,9.153201,9.267372
62.72028,61.82048,60.92101,59.843,58.766243,61.36601,64.118515
13.047145,15.017063,16.986502,16.36781,15.732386,16.945683,18.115248
-29.647524,-32.033787,-34.421135,-34.722984,-35.03614,-33.283844,-31.376669
-6.1374154,-7.967214,-9.797334,-11.540624,-13.283461,-15.482749,-17.555792
31.527872,32.06457,32.602566,32.463314,32.318104,33.997574,35.515465
6.776578,7.296076,7.815321,7.8553133,7.903673,10.008864,11.957717
9.516734,9.720069,9.922177,9.95593,9.982369,6.959703,3.7459428
109.37656,108.67751,107.97775,105.30505,102.6263,101.194824,99.76433
-29.051317,-30.182299,-31.314192,-31.236341,-31.16158,-30.251272,-29.226942
-20.198172,-22.326572,-24.456041,-25.918657,-27.397392,-28.023043,-28.447712
-73.58046,-73.00164,-72.42107,-73.45756,-74.48825,-73.56845,-72.652245
-31.465721,-30.87998,-30.295252,-28.535301,-26.786947,-28.399426,-30.070574
46.40416,48.24965,50.096325,50.64166,51.186825,52.74788,54.29068
-60.04483,-60.64638,-61.247875,-61.065872,-60.870823,-61.93544,-63.162968
-3.6978056,-3.2052495,-2.7116234,-3.2745597,-3.8472373,-1.5372846,0.79351074
3.5650795,3.866316,4.1670957,3.6271737,3.0705283,2.004964,0.7937892
77.353226,74.34418,71.33596,68.24728,65.17234,63.8365,62.558952
62.32693,62.624054,62.921307,61.828133,60.735527,60.0606,59.42916
-54.980545,-55.43387,-55.888012,-55.23475,-54.586983,-53.62413,-52.823196
14.748631,14.33082,13.91375,11.742025,9.581425,8.415566,7.0825653
-28.856554,-29.162497,-29.469374,-30.331324,-31.17568,-32.433273,-33.489338
-5.095374,-4.927293,-4.75961,-4.3109255,-3.865239,-3.4618967,-3.1149118
-86.3263,-87.60334,-88.879555,-89.55364,-90.22947,-91.555214,-92.97738
-8.875558,-8.241316,-7.606189,-7.5964146,-7.5715175,-4.6985292,-1.9015744
10.215433,11.673277,13.1318655,13.961963,14.793633,13.17401,11.524041
-2.7461624,-0.3004818,2.145669,3.7258492,5.305789,4.998293,4.5217066
-78.0557,-78.21013,-78.36363,-77.050354,-75.73668,-70.842125,-65.91234
66.03208,65.98138,65.93064,65.69898,65.46786,67.24368,68.963905
-14.283255,-13.838541,-13.393137,-14.816026,-16.237398,-17.308039,-18.271717
-9.177193,-9.919206,-10.661145,-11.405608,-12.140956,-11.040768,-10.122748
-29.274504,-28.315926,-27.356148,-26.228682,-25.093765,-25.93129,-26.8463
-13.644726,-12.489799,-11.336609,-10.050396,-8.753176,-8.52938,-8.342188
-27.179348,-27.609867,-28.04143,-27.580729,-27.135824,-28.785967,-30.508045
79.70575,80.09771,80.48913,79.24674,77.993256,78.1658,78.37037
-32.121185,-31.312096,-30.501596,-32.316025,-34.114803,-34.706333,-35.131664
-35.110317,-35.121784,-35.13265,-35.833603,-36.523685,-35.409374,-34.24203
70.307144,68.60691,66.90755,65.35639,63.816734,60.8941,58.13053
62.22639,62.131218,62.03764,59.886173,57.747646,57.502895,57.298443
-0.3892735,0.69271296,1.7744275,3.7162344,5.671953,6.2184467,6.821926
-25.32391,-24.577904,-23.833597,-23.670406,-23.49585,-21.064697,-18.729118
-49.418938,-48.74649,-48.073273,-45.70912,-43.3481,-43.902416,-44.549202
-44.964718,-46.54846,-48.13279,-49.9286,-51.710926,-52.46587,-53.06595
91.09645,92.74995,94.40261,93.5059,92.5933,91.483635,90.274475
-1.004627,-1.2830393,-1.5606759,-0.19586782,1.180845,1.5180995,1.8485239
-47.648434,-49.137894,-50.629967,-47.87935,-45.11133,-45.511063,-45.797276
97.409805,97.687874,97.96517,97.86439,97.772,96.71154,95.72686
-8.093835,-8.616061,-9.139596,-10.639775,-12.129733,-11.178011,-10.156774
-57.627953,-56.858273,-56.08778,-53.200794,-50.327675,-48.93351,-47.62926
-46.398018,-45.335392,-44.272583,-43.189743,-42.1149,-41.922256,-41.748333
1.1498517,0.12739739,-0.89501727,1.9271315,4.7407017,4.5084925,4.2464433
68.98632,69.27948,69.57367,68.250175,66.92149,66.00221,64.98521
34.793755,36.417007,38.039646,39.008244,39.9691,41.55212,43.064312
-17.111624,-16.459246,-15.806546,-15.446922,-15.096348,-13.364834,-11.728542
8.184181,6.1857004,4.1871405,2.6069334,1.0260304,1.9591733,2.7299778
41.3684,40.449287,39.53003,39.164993,38.796333,39.78908,40.708706
23.14945,22.949251,22.748114,21.265078,19.780602,15.946786,12.096534
63.36715,64.40111,65.4332,66.46915,67.50672,67.52672,67.44066
-80.62434,-81.802025,-82.98072,-79.57271,-76.181564,-75.001945,-73.837845
76.04512,76.85242,77.65993,76.756325,75.842896,77.56623,79.13136
-21.771507,-21.833885,-21.896454,-22.152992,-22.394194,-22.56937,-22.649399
-7.838055,-9.523637,-11.2093725,-13.877794,-16.556416,-16.52644,-16.429321
-4.0991707,-3.8810003,-3.6615098,-5.335774,-7.025219,-7.3504033,-7.794527
4.9042735,6.0779147,7.2525268,7.2914405,7.322101,5.9755034,4.4675384
3.572778,3.0468447,2.519869,1.2634461,0.017751988,-0.6683232,-1.3655927
43.38904,45.604153,47.81896,49.39912,50.977226,54.592487,58.12678
76.21964,75.58087,74.943306,70.012,65.066895,62.570183,60.22969
15.63091,15.909388,16.187452,15.201896,14.217036,13.753926,13.234172
0.5930141,0.5317215,0.46957147,1.9616855,3.442596,2.74999,2.0702758
-4.0148387,-4.3360515,-4.657207,-5.093742,-5.5395503,-3.8622832,-2.1688056
5.761615,4.9158325,4.0707607,6.0108747,7.94394,9.511379,11.149128
-10.621638,-11.036065,-11.4504175,-10.955596,-10.47393,-12.92271,-15.299264
-89.271805,-90.20612,-91.141136,-90.08275,-89.01393,-89.04599,-89.01684
39.259624,38.78791,38.31517,36.99843,35.668976,33.77657,31.798332
44.720203,45.407917,46.09571,45.26205,44.43125,43.048588,41.792805
79.6212,79.62376,79.62755,78.43863,77.25357,75.377525,73.42677
-1.7939582,-0.9648474,-0.1354547,2.0621853,4.2565227,5.699327,7.1405563
-110.546135,-110.577255,-110.60845,-110.72807,-110.855446,-110.2067,-109.50028
-3.7777672,-2.5763373,-1.3744497,0.62771946,2.634706,5.20686,7.6640644
26.406729,27.567934,28.729898,29.04539,29.347713,25.250254,21.266996
-85.25694,-85.13811,-85.017334,-84.99527,-84.98862,-83.44769,-82.08913
-37.132755,-37.145927,-37.158474,-36.812305,-36.457058,-35.002068,-33.475143
36.16101,35.99947,35.83686,37.357372,38.86647,39.449677,40.034664
1.2354437,2.3329072,3.4304612,2.6829224,1.9386088,-0.5511856,-3.0235207
-60.934628,-61.899925,-62.866787,-64.67158,-66.464294,-62.4406,-58.443924
66.05973,68.27913,70.49804,68.25785,66.02595,66.29066,66.47411
134.6577,135.15851,135.65845,135.89224,136.11272,135.37424,134.49948
3.539658,4.6958184,5.8546014,6.2413535,6.637341,7.622717,8.752428
-53.877533,-56.333424,-58.789448,-57.30244,-55.815334,-54.831074,-53.873768
-37.93281,-37.721596,-37.511932,-35.68897,-33.871754,-32.998646,-32.139294
-52.38628,-51.826855,-51.266895,-51.07056,-50.88274,-47.062244,-43.339832
-42.107376,-43.833187,-45.558563,-46.902855,-48.244114,-49.618034,-51.06202
-54.19732,-56.661465,-59.12616,-58.617775,-58.09428,-58.96064,-59.72235
34.67535,36.68928,38.704517,39.559383,40.42991,40.301132,40.137615
-40.006588,-38.0891,-36.171734,-31.808956,-27.454319,-27.434574,-27.29593
-33.512455,-32.732285,-31.951511,-32.85151,-33.737915,-34.181694,-34.512527
-18.647053,-17.980595,-17.315159,-16.54575,-15.783197,-13.764755,-11.677617
21.803917,22.050922,22.298239,20.255318,18.223213,16.26929,14.405142
41.24042,41.835773,42.430233,43.269737,44.111694,44.04308,44.11148
-18.558054,-19.77331,-20.988808,-22.908175,-24.832462,-25.083689,-25.35051
17.425531,15.968701,14.513648,15.6721525,16.84663,17.54131,18.362026
152.21262,153.82608,155.43834,154.56897,153.68517,152.45293,151.15425
-87.37815,-87.0657,-86.751625,-85.237495,-83.7111,-81.30115,-79.07805
-25.0187,-24.97927,-24.940771,-26.512316,-28.07559,-25.977148,-23.761845
46.738476,48.90367,51.068733,51.37738,51.677692,50.64087,49.577713
-36.589268,-37.353653,-38.11671,-35.539803,-32.960777,-30.103287,-27.365763
-16.116962,-15.903309,-15.690051,-14.662826,-13.646618,-11.412694,-9.202334
-8.622362,-7.74528,-6.8680367,-8.461214,-10.042389,-10.825323,-11.599533
32.989,32.7895,32.589954,34.074997,35.571903,38.796043,41.9387
6.5604386,8.8926,11.22451,14.852081,18.48158,20.42188,22.190409
92.80694,92.424515,92.041145,88.00518,83.960075,83.44302,82.99414
12.758137,11.757246,10.756633,9.882658,9.014489,10.479755,11.9121895
-74.24761,-75.31235,-76.376274,-76.712524,-77.03567,-78.89702,-80.66509
45.94913,46.6232,47.29678,48.37941,49.46262,47.761375,46.218296
52.639122,50.260242,47.882942,46.913357,45.95258,46.014194,46.116863
-48.507896,-49.455597,-50.402798,-52.01283,-53.61715,-49.70869,-45.820633
17.065617,16.297455,15.530332,13.241273,10.966494,7.6641955,4.327237
9.906652,9.47324,9.038502,6.700192,4.366423,3.4568903,2.6517413
61.025177,61.85247,62.679543,62.424084,62.16949,64.70488,67.08405
25.75079,24.756496,23.76157,25.860329,27.95684,27.770782,27.528437
-30.944443,-29.485723,-28.027355,-27.161165,-26.311098,-27.805582,-29.385202
3.2055075,3.8401797,4.475655,3.9869425,3.499182,2.4382765,1.5048641
0.10685398,0.11570598,0.12339355,-1.3117795,-2.759873,-2.844337,-2.805179
53.201828,51.469456,49.735687,48.279594,46.828495,47.971764,48.97747
42.135735,42.559288,42.98188,42.569283,42.14206,41.280136,40.569237
-49.488552,-49.663,-49.836784,-49.942905,-50.066517,-50.89088,-51.707302
-40.843124,-41.01575,-41.19044,-38.900826,-36.622757,-35.431625,-34.107105
14.386389,15.893971,17.401497,19.581724,21.76686,24.276314,26.832527
-75.13123,-75.918724,-76.70675,-76.39654,-76.09055,-72.80438,-69.56028
46.872055,44.413433,41.956596,39.216263,36.49236,36.664795,36.735023
-13.271792,-14.3268385,-15.382941,-14.0752125,-12.76203,-11.905432,-11.103542
-89.203445,-91.68135,-94.159546,-94.5919,-95.033066,-94.89379,-94.67267
-30.768541,-31.521063,-32.27309,-33.428524,-34.595867,-33.88585,-33.222725
92.94949,93.28035,93.611916,93.09952,92.58835,92.556274,92.419556
52.648968,52.48731,52.32647,51.157402,49.98542,46.227337,42.41129
-82.32142,-82.86602,-83.4109,-81.08395,-78.77529,-77.300606,-75.74627
53.377758,52.341244,51.304546,49.602226,47.899853,46.080074,44.15024
-65.194496,-66.14226,-67.09111,-67.43503,-67.78366,-66.68401,-65.62543
-39.883606,-38.906326,-37.928963,-36.005913,-34.09685,-31.481148,-28.938818
-13.126949,-12.2786255,-11.430223,-11.073061,-10.70161,-12.703186,-14.70761
-4.972286,-5.102427,-5.233151,-3.668437,-2.0872126,0.0069004036,2.0297108
-8.045923,-9.575857,-11.106465,-13.284398,-15.475032,-16.052227,-16.6937
76.25886,75.079056,73.89968,71.74749,69.613655,68.310165,66.846985
-35.84864,-34.44808,-33.047245,-33.373734,-33.696144,-32.69202,-31.730042
-5.096638,-6.5035233,-7.909926,-6.7799172,-5.64222,-2.879227,-0.15817288
45.14209,44.82148,44.501705,43.01985,41.551346,38.455635,35.37783
-20.654987,-20.149778,-19.644447,-18.37552,-17.107225,-17.876045,-18.745995
64.29254,63.279404,62.265583,58.82499,55.389404,59.00483,62.704178
-22.532104,-21.66197,-20.790848,-19.391525,-17.974426,-18.094965,-18.24709
-8.702183,-8.262505,-7.8215365,-9.322018,-10.828455,-10.582281,-10.20508
12.616048,11.499894,10.383342,10.658826,10.943593,11.175805,11.33575
-29.552326,-31.452442,-33.35155,-35.59816,-37.84662,-41.56003,-45.243065
6.5659466,6.2662067,5.9667187,6.386112,6.795809,8.41346,9.89168
-17.721025,-20.288239,-22.855526,-22.404823,-21.969528,-23.673418,-25.264538
13.612028,13.282419,12.955399,13.751253,14.545212,12.7140045,10.925264
31.188965,30.91109,30.631695,31.243053,31.842337,29.619787,27.458706
-23.188066,-22.301016,-21.413809,-18.55195,-15.698488,-12.324974,-9.069126
-20.593792,-20.466639,-20.340118,-21.249086,-22.154306,-23.201849,-24.298128
18.271984,16.834822,15.398111,14.22616,13.066516,13.297157,13.447829
3.4676824,3.8623598,4.2551527,4.975656,5.69144,6.5969234,7.5415673
65.91388,67.64969,69.38655,71.326675,73.28328,71.98874,70.717896
2.9701984,2.1123912,1.2539089,4.9879384,8.725417,11.045321,13.335755
-18.57282,-18.11826,-17.663572,-17.609268,-17.53954,-16.938334,-16.199339
93.96453,91.422195,88.88019,86.21402,83.55825,78.854256,74.26716
13.824156,13.635629,13.446706,14.837433,16.2144,17.319132,18.427698
55.932846,54.787907,53.641838,52.66291,51.69631,50.195847,48.54603
15.050331,16.37819,17.705397,20.277666,22.83773,24.930298,26.993986
56.627594,56.001644,55.376442,55.66255,55.96397,56.57809,57.163013
28.213614,31.162315,34.112484,32.409252,30.721785,29.584784,28.490751
-64.97909,-65.54253,-66.10711,-66.454285,-66.7899,-65.66318,-64.60975
-28.722017,-27.864841,-27.008545,-27.975014,-28.952223,-30.500965,-32.19388
-1.9986736,-1.8635408,-1.7305337,-2.4207144,-3.1253967,-4.778201,-6.4819183
-62.424397,-62.331615,-62.23907,-60.635292,-59.032166,-63.884674,-68.82744
39.09157,38.93897,38.786358,37.824993,36.856243,37.24844,37.5796
71.39011,70.296585,69.20127,68.87644,68.54153,69.97683,71.526245
-42.315937,-43.54581,-44.775875,-45.9816,-47.191433,-49.232197,-51.282116
84.277,84.67481,85.07247,83.47909,81.89092,79.48746,77.21097
18.836079,18.662958,18.489037,14.851559,11.208221,9.488647,7.6334405
10.629753,10.502458,10.375767,9.665563,8.972238,8.148143,7.377114
49.889694,49.600315,49.312233,50.33599,51.342926,52.28305,53.22785
2.0357838,2.3517637,2.6679506,2.1918201,1.7264911,2.487409,3.1728282
-92.72959,-92.686485,-92.64314,-89.41301,-86.17728,-84.090675,-82.04441
113.976425,115.26572,116.55412,115.6681,114.7879,116.47949,118.14696
-13.3256035,-12.432912,-11.539422,-11.171718,-10.807178,-14.307825,-17.77677
-48.143597,-47.893436,-47.64227,-45.97908,-44.327732,-42.034378,-39.752182
-49.438984,-50.4678,-51.496235,-49.12676,-46.759357,-44.07456,-41.345783
-8.42967,-8.63858,-8.848382,-9.691985,-10.546338,-11.821853,-13.201052
17.197544,15.953176,14.709204,13.702605,12.704596,12.648047,12.558783
-112.527534,-113.371346,-114.21379,-115.09931,-115.99913,-114.81308,-113.52515
-79.87162,-77.1702,-74.46799,-73.51176,-72.54865,-70.58665,-68.6225
22.94505,23.40699,23.870525,22.720198,21.5748,20.429583,19.179031
58.050293,57.992523,57.936523,56.06583,54.21125,54.220524,54.354954
-27.490456,-28.503998,-29.515875,-27.182934,-24.860674,-23.708035,-22.554325
-72.336655,-73.28574,-74.23424,-72.71246,-71.1797,-70.589195,-70.10611
-14.807383,-15.122498,-15.437424,-15.851704,-16.266558,-20.37353,-24.38791
58.586384,59.46349,60.34199,60.355705,60.37682,60.229725,60.034595
19.539755,20.153671,20.767673,19.08456,17.41428,17.400505,17.329458
-15.652551,-15.972112,-16.292488,-14.361256,-12.416219,-13.428189,-14.508626
0.20487161,2.00835,3.8114085,4.415836,5.010921,5.725509,6.416185
-69.27147,-69.78058,-70.28923,-66.58241,-62.87012,-60.155037,-57.303223
-14.310152,-16.054504,-17.798752,-16.8405,-15.874713,-14.135237,-12.232074
-96.65245,-96.916664,-97.17977,-93.90135,-90.61242,-88.53475,-86.51064
26.144785,24.888647,23.63132,24.612383,25.592741,25.159906,24.630362
-41.907578,-42.302498,-42.69708,-43.55439,-44.396797,-43.588413,-42.66297
28.170994,28.620413,29.06936,30.475525,31.878805,32.24511,32.461185
-32.899437,-33.578575,-34.257698,-36.07472,-37.885475,-38.97947,-40.18743
-1.929781,-1.2851267,-0.6396198,-2.441967,-4.2548027,-6.389924,-8.669367
-96.00246,-97.91795,-99.83339,-100.03561,-100.24271,-102.60295,-104.99328
8.483084,8.791366,9.100009,11.606482,14.122317,13.2126665,12.471339
-56.50995,-57.42669,-58.343674,-56.63227,-54.933525,-54.573593,-54.30956
6.6104946,7.0880795,7.5665245,5.92019,4.27022,0.78111565,-2.619727
-16.606506,-14.830933,-13.054501,-10.938524,-8.828482,-6.350285,-3.9048939
-11.790749,-11.539554,-11.288677,-11.566208,-11.854515,-9.875829,-7.840737
-36.01472,-34.59952,-33.18324,-29.386703,-25.577421,-30.92784,-36.197098
17.642458,18.857756,20.072859,19.81653,19.572868,16.734167,13.92909
18.73684,18.675749,18.615328,16.19194,13.77337,8.813924,3.9890764
-28.517845,-28.271404,-28.026104,-27.440805,-26.870716,-30.559246,-34.14365
28.009409,27.458506,26.90862,21.782307,16.670677,14.773779,13.062618
55.988976,56.37778,56.766457,56.972736,57.187252,58.784138,60.440144
13.408292,13.269225,13.1304655,13.403354,13.670598,15.412549,17.103878
-22.741518,-22.121677,-21.501913,-20.954428,-20.421373,-18.207966,-16.119375
-8.907578,-7.167165,-5.4276266,-1.7970268,1.8226899,1.5214604,1.2487592
-22.315248,-21.728262,-21.142607,-19.644451,-18.136099,-17.633009,-17.164513
-32.125244,-33.771152,-35.418,-36.831566,-38.229256,-39.75448,-41.278072
35.142166,36.26696,37.39101,36.978786,36.578495,35.610123,34.700623
57.45613,57.47879,57.50181,58.123493,58.74003,57.88354,57.056015
31.383211,31.87771,32.372982,31.792456,31.194273,31.876694,32.43645
81.635574,83.259384,84.88549,83.764854,82.644325,79.33005,76.082664
87.598015,87.091484,86.58318,83.13912,79.70121,79.066414,78.46705
11.389433,12.549743,13.711329,12.782809,11.849134,11.576573,11.335821
57.425648,57.69946,57.97432,58.18165,58.392704,57.53463,56.70781
41.984467,41.45444,40.924137,38.840416,36.744183,33.373226,29.925032
5.188924,6.972493,8.755821,10.400282,12.063386,10.861351,9.637051
-25.638485,-26.007782,-26.375504,-25.27133,-24.154533,-23.185093,-22.179535
7.8568835,7.758001,7.659216,8.853257,10.041561,7.850455,5.7813525
-47.56139,-50.110485,-52.660793,-57.691204,-62.71166,-67.99204,-73.29229
96.09987,96.629684,97.158585,94.87889,92.61247,91.15602,89.78378
0.9558839,0.82434076,0.69322675,2.0940204,3.4850588,4.0373263,4.4861765
-65.152954,-65.014496,-64.87502,-66.41465,-67.9462,-66.58445,-65.24262
45.74307,47.02974,48.315525,49.82958,51.356194,51.10741,50.755177
90.96647,91.401764,91.837494,91.01133,90.202065,88.14482,86.05572
-14.587378,-15.038287,-15.4911995,-14.942849,-14.403821,-14.111199,-13.9567995
44.27732,44.33263,44.387802,41.217262,38.04695,35.219337,32.504665
-7.416008,-6.582339,-5.7483354,-7.8838687,-10.010969,-8.652269,-7.4586062
43.429485,43.241882,43.054913,40.600056,38.14106,35.59518,33.17727
-37.204407,-36.87885,-36.553658,-37.520508,-38.47588,-39.762424,-40.936558
10.133326,11.484816,12.836267,12.38409,11.918716,11.3751335,10.704279
18.719847,18.897589,19.075344,21.907316,24.738796,25.517708,26.182001
-101.968124,-101.339806,-100.713196,-98.89303,-97.071075,-95.276665,-93.572296
18.952774,21.780903,24.607851,27.44998,30.274155,32.919582,35.57787
50.79862,50.57556,50.35143,50.344627,50.351833,49.864605,49.27883
-30.006165,-30.932772,-31.858347,-31.84163,-31.820278,-26.819279,-21.763702
-75.86842,-76.291565,-76.715385,-74.14668,-71.58111,-69.52902,-67.530594
-19.722235,-17.947004,-16.171144,-14.073514,-11.97648,-10.26336,-8.623702
-2.0780652,-3.654812,-5.2305527,-8.036537,-10.828008,-9.642257,-8.386046
-29.16176,-30.121593,-31.080873,-31.095194,-31.10167,-30.720215,-30.10758
-47.90479,-45.885628,-43.866634,-42.959538,-42.043022,-41.832176,-41.44201
-13.096947,-12.230316,-11.364782,-10.055386,-8.745913,-6.37365,-4.065045
82.017166,82.73185,83.44522,85.60347,87.76103,88.48159,89.10802
34.604477,34.52696,34.45118,33.754944,33.073566,33.75743,34.5092
-45.00646,-44.5653,-44.1242,-44.640278,-45.171917,-46.215717,-47.214016
1.3518976,1.7206501,2.0899062,1.8448623,1.5924419,-1.2073485,-3.9074178
11.393783,13.504816,15.616943,14.974934,14.333599,14.1295595,14.025396
34.831066,37.047104,39.261673,39.375313,39.50067,38.126453,36.647057
-66.231766,-65.75176,-65.27182,-67.21357,-69.16344,-68.551636,-68.1018
25.966703,26.39353,26.819775,24.80623,22.794807,21.56987,20.328226
-29.471256,-29.99381,-30.516514,-30.305548,-30.093336,-30.214218,-30.4675
6.7450724,6.2920904,5.8385954,5.2378225,4.644784,5.529481,6.398568
68.02511,67.461006,66.897484,65.512566,64.14294,64.89832,65.571556
-4.3497047,-5.689443,-7.029854,-8.626687,-10.223676,-9.555299,-8.964195
-31.455814,-30.939583,-30.423725,-30.309618,-30.206717,-27.89724,-25.450768
-33.23664,-32.74798,-32.259857,-32.36136,-32.478073,-33.786526,-35.16255
-34.489002,-32.359676,-30.232769,-29.116365,-27.98654,-24.347628,-20.88158
-62.45224,-63.68371,-64.9146,-63.876656,-62.828896,-61.666035,-60.460163
42.818733,42.096676,41.373993,39.672092,37.96481,35.90724,34.02314
-59.068146,-57.564438,-56.058975,-56.593674,-57.122917,-56.42112,-55.65258
-5.0282865,-5.9737725,-6.9200845,-4.7405667,-2.5611444,-0.9386429,0.64942795
-4.626015,-4.9207625,-5.215218,-5.462815,-5.698195,-4.8036847,-3.8633971
11.060336,12.188321,13.3172035,13.293618,13.266449,11.522668,9.603487
-82.67587,-82.146126,-81.6158,-78.436714,-75.27295,-73.258896,-71.155464
18.529974,17.925604,17.32013,17.650677,17.969349,14.7585745,11.655168
11.86743,10.966954,10.067285,7.3764515,4.696062,4.9685564,5.1611395
-50.767174,-53.45542,-56.141975,-58.279343,-60.399082,-59.532726,-58.78852
-21.766264,-21.276497,-20.786764,-18.870255,-16.952133,-16.727903,-16.541306
37.451065,36.15685,34.862865,31.69883,28.541449,25.693167,23.028318
-34.833855,-35.402374,-35.970055,-36.342205,-36.725086,-38.42358,-40.120686
62.80456,63.754143,64.70289,63.293285,61.8695,58.1909,54.611336
-23.991425,-24.795898,-25.601467,-25.484236,-25.384249,-24.678476,-24.156487
-50.806732,-50.271667,-49.736618,-48.76677,-47.78766,-47.47069,-46.955685
-14.149717,-14.812619,-15.477448,-14.142983,-12.803124,-13.370676,-13.780605
-27.72348,-29.362896,-31.002237,-31.712866,-32.407745,-32.568916,-32.80225
-1.3814019,-1.3555096,-1.3309668,3.6086135,8.534307,8.261594,7.9065623
-18.828926,-17.43272,-16.036913,-14.018757,-11.987303,-10.485398,-9.080872
-67.82069,-68.16882,-68.51585,-65.45983,-62.395073,-60.851536,-59.247726
63.33333,63.089867,62.84738,60.6325,58.434067,59.15899,59.920284
-8.6631,-8.272336,-7.8823442,-6.4559317,-5.0302477,-2.3430564,0.32039177
32.241825,33.32227,34.402252,34.39661,34.39007,35.16999,35.877644
59.54433,58.336376,57.129177,54.910934,52.69756,52.592915,52.641457
-10.706495,-10.073784,-9.440485,-10.021204,-10.606932,-11.523161,-12.503494
-9.998615,-10.666671,-11.336697,-13.588908,-15.824282,-19.60155,-23.259233
-43.643696,-43.024605,-42.405228,-41.345547,-40.304665,-41.45154,-42.5615
9.999952,10.300458,10.600333,7.35009,4.104517,4.616799,5.152622
-12.217754,-11.267302,-10.316757,-9.337679,-8.34437,-7.6696033,-7.106344
93.49101,92.91262,92.33381,91.21577,90.1132,87.56608,85.16624
40.521294,39.31358,38.10786,37.45231,36.811756,37.387047,38.023483
85.046814,84.0356,83.02388,81.729065,80.45106,79.58563,78.79149
-23.583094,-23.526432,-23.47004,-21.107029,-18.736868,-18.32691,-18.07261
80.14051,80.76685,81.39437,78.130135,74.88375,73.869415,72.816124
68.76433,66.884674,65.00678,60.133965,55.247154,54.454967,53.69599
30.041323,26.862692,23.683126,21.47939,19.283827,19.249302,19.24154
-36.664886,-36.580757,-36.497215,-35.464493,-34.41375,-34.8819,-35.320625
-9.310113,-9.334833,-9.359276,-9.785411,-10.193544,-10.032561,-9.870318
79.48759,79.67618,79.864845,77.89144,75.91664,72.56295,69.26969
44.21314,44.112907,44.013775,43.439903,42.866306,40.50976,38.264996
-8.19375,-5.896794,-3.5994928,-0.018636392,3.5486262,6.4600167,9.294462
-2.1635313,-1.6935977,-1.2239541,-0.7661723,-0.29804316,0.73508465,1.6253816
82.43427,83.60839,84.78245,85.21027,85.62841,85.674995,85.55202
39.476505,38.9122,38.347065,38.356754,38.37778,36.82697,35.352383
44.847607,45.605167,46.361614,46.815617,47.271225,46.001034,44.738758
0.7929472,-0.30364764,-1.398502,-2.5390537,-3.664953,-4.507343,-5.3542857
-43.28517,-41.41592,-39.546173,-39.10508,-38.672974,-36.54111,-34.494705
-110.59488,-111.2572,-111.91779,-110.36959,-108.83421,-107.182526,-105.513275
30.18244,29.619556,29.05568,28.955965,28.86194,28.543419,28.341005
-61.262936,-61.3089,-61.3561,-60.53296,-59.714237,-58.073845,-56.38612
43.191097,42.50712,41.822662,41.343094,40.87436,41.772926,42.734352
-35.511337,-37.36216,-39.21236,-42.130432,-45.062477,-45.70912,-46.35071
9.775581,9.296453,8.815629,9.619387,10.4311905,8.263807,6.18531
65.16155,64.753296,64.345184,64.47623,64.62066,63.89718,63.355076
-29.976866,-27.832909,-25.68891,-19.98065,-14.271818,-11.494059,-8.595142
51.531727,50.797775,50.065178,47.4919,44.902107,44.900326,44.81852
11.050309,12.438257,13.826673,13.064035,12.308369,14.142988,15.919652
68.04182,67.78616,67.53082,65.86487,64.21712,60.79876,57.49237
-31.436588,-31.34079,-31.24314,-31.00649,-30.783033,-30.06026,-29.456144
70.273186,71.631134,72.989105,75.56918,78.135544,80.68661,82.981064
43.616936,43.42694,43.23548,41.43637,39.636642,39.623657,39.741066
-40.396664,-41.67463,-42.95245,-43.034447,-43.112446,-44.198097,-45.187393
-61.26066,-61.480343,-61.699203,-60.863983,-60.01979,-61.658203,-63.362686
-37.1428,-37.26566,-37.387283,-36.66531,-35.953033,-31.997343,-28.2352
-63.67021,-64.18394,-64.69851,-65.2668,-65.82669,-63.29969,-60.76821
7.9609027,8.676574,9.392162,9.359124,9.343397,8.293411,7.287477
91.28442,91.359085,91.43441,89.65006,87.850845,86.54429,85.23152
-104.72285,-104.044525,-103.36637,-98.294876,-93.23803,-88.80805,-84.35268
27.872807,28.128187,28.38563,28.625647,28.859705,30.953003,32.929047
81.13633,80.4384,79.7404,76.38727,73.021645,70.478806,67.97332
17.609491,16.012291,14.416286,11.483418,8.550534,7.979866,7.4350624
6.6467247,4.8056054,2.9652936,0.39173445,-2.176121,-1.8298713,-1.3942739
-43.56638,-44.980236,-46.396603,-45.747936,-45.090504,-41.742443,-38.291157
-64.95865,-65.88918,-66.81898,-65.79338,-64.77113,-62.827145,-60.748425
8.737055,7.9323745,7.13018,6.4287696,5.7275643,7.6111283,9.520033
7.5613475,8.874527,10.189362,8.424625,6.6484733,5.675756,4.5193553
21.352457,18.62264,15.892897,14.831377,13.77697,14.229458,14.596502
-38.23177,-36.94767,-35.66242,-35.276306,-34.88282,-37.679443,-40.46062
78.567276,77.0588,75.549194,74.54303,73.54132,74.43137,75.32474
6.2792587,5.0420146,3.8049972,1.8304511,-0.14198005,-3.3496358,-6.572208
-6.068802,-6.258335,-6.4476967,-5.5434017,-4.653984,-4.4771576,-4.2573814
-109.91647,-109.40786,-108.89773,-107.53547,-106.185104,-106.64083,-107.182625
35.798134,36.089424,36.38082,35.414986,34.448517,34.438663,34.443573
-23.192625,-21.703197,-20.214146,-21.505268,-22.788368,-23.737453,-24.690586
33.024498,32.475193,31.925922,29.770977,27.61363,28.91381,30.177883
14.670198,15.282533,15.894174,16.164616,16.438631,15.884784,15.417964
-51.759617,-51.832623,-51.906536,-49.902973,-47.912487,-46.83031,-45.761265
63.353695,62.135357,60.91641,61.84475,62.786118,66.429245,70.141235
-9.795685,-8.70043,-7.6044145,-6.2831264,-4.9792686,-5.992801,-6.98564
9.47524,8.911723,8.349578,9.034377,9.717101,8.32621,6.904729
-42.68865,-42.539906,-42.389866,-43.367054,-44.344242,-42.155293,-39.931293
54.04821,53.751366,53.45392,52.479637,51.49678,51.302124,51.133842
-84.547585,-83.21769,-81.88948,-83.21632,-84.55424,-83.67351,-82.90946
9.958944,9.939735,9.920696,7.522659,5.1158433,3.1609988,1.1757358
-5.065398,-4.443162,-3.8196983,-1.9696285,-0.11589062,-0.0707885,-0.13378727
-10.331687,-9.338197,-8.345109,-9.035716,-9.724799,-11.709493,-13.50521
-25.626343,-25.162954,-24.699146,-24.616392,-24.52759,-23.527216,-22.43519
47.951733,48.759373,49.567875,50.967037,52.38026,52.15635,51.89062
43.551933,43.530357,43.508823,42.304237,41.08459,40.679375,40.37861
0.047592387,-0.45701197,-0.9627683,-0.06601502,0.8445647,2.7972186,4.6500397
-10.743443,-10.957623,-11.1713705,-11.355954,-11.53966,-11.4517,-11.389446
-60.24985,-60.36974,-60.489925,-61.252903,-62.016735,-61.895905,-61.6725
-1.1618302,-2.8072035,-4.4514227,-5.9813395,-7.52162,-9.245285,-10.834551
-21.919422,-21.901396,-21.883581,-19.889235,-17.880861,-15.605956,-13.18799
-99.51396,-99.23465,-98.95486,-98.60677,-98.24201,-100.121826,-101.863846
-65.75017,-66.387375,-67.02471,-67.98888,-68.944305,-70.25138,-71.61049
-30.351389,-31.586193,-32.82141,-34.683792,-36.54497,-36.333164,-36.19163
-20.99306,-20.248632,-19.50423,-20.08867,-20.671728,-21.67177,-22.68749
36.894245,35.86884,34.845684,33.00551,31.163954,31.190184,31.319614
20.779417,17.871683,14.964595,11.455686,7.933295,3.2277343,-1.3616006
-83.15221,-83.39025,-83.62937,-81.75686,-79.89949,-79.9937,-80.093124
-15.609994,-15.06283,-14.515121,-11.230092,-7.9570217,-6.2601924,-4.7202015
57.8221,57.106247,56.388634,56.780434,57.179573,56.40911,55.793583
-100.844604,-99.864624,-98.88347,-96.30344,-93.73655,-94.150566,-94.41994
79.66194,80.5571,81.45116,82.974495,84.51581,83.61995,82.73891
20.548237,19.74722,18.945993,18.824688,18.717243,17.962912,17.127146
111.52138,111.47947,111.43653,111.993286,112.540146,110.08446,107.68169
50.12756,50.87786,51.627888,51.08646,50.54862,48.563805,46.49824
-0.8125288,-0.32234785,0.16783123,-0.18057461,-0.53131884,-0.9377729,-1.2688353
-4.6244864,-6.4263706,-8.227873,-10.480229,-12.731569,-13.977882,-15.398764
-30.09008,-30.299616,-30.51033,-28.647383,-26.793041,-25.680239,-24.593822
-26.25977,-26.073086,-25.886143,-24.138912,-22.395517,-22.157515,-21.899128
44.598408,44.02451,43.451347,42.78213,42.116764,41.562992,40.889847
-56.946556,-57.64531,-58.342373,-56.98377,-55.640507,-54.50206,-53.447433
-66.854805,-67.03349,-67.213806,-67.33754,-67.443504,-70.85053,-74.3232
12.281319,12.996741,13.711632,12.216787,10.72531,11.033528,11.317237
95.0314,94.09007,93.14924,90.80699,88.45502,85.069916,81.61803
11.545633,12.204359,12.8631,16.792973,20.717035,23.858044,26.867529
24.848288,24.94361,25.038116,25.31739,25.58661,26.780987,27.960573
57.406662,55.818783,54.228954,50.151833,46.072067,43.705803,41.44854
-11.531668,-11.57395,-11.6184845,-8.987255,-6.347658,-6.1586704,-6.0100017
-45.70055,-44.60327,-43.507496,-41.77065,-40.033306,-37.386787,-34.85143
-43.046524,-44.567448,-46.08869,-46.15624,-46.236053,-46.940254,-47.771347
-64.03231,-63.321697,-62.60943,-59.48678,-56.35437,-55.002296,-53.560036
31.389921,32.647827,33.904663,34.20304,34.511616,36.00487,37.390728
-32.6933,-32.622166,-32.549816,-29.39228,-26.229887,-25.47348,-24.704023
-99.022385,-99.985176,-100.94861,-98.26933,-95.583664,-90.72965,-85.82362
63.335472,61.931988,60.529327,58.834637,57.160557,54.647526,52.162666
-30.981699,-29.819609,-28.657122,-28.000961,-27.343729,-27.2301,-27.164488
31.768766,30.386728,29.004623,24.309305,19.619606,17.961184,16.308622
38.896206,38.973392,39.050297,39.411102,39.75497,38.62375,37.53567
-32.60381,-30.76264,-28.923105,-27.034147,-25.134897,-25.197203,-25.342165
34.385532,35.360413,36.334618,36.496967,36.641693,38.22404,39.608536
22.558586,22.737516,22.916744,23.19931,23.463285,25.823803,28.213886
62.544823,64.505165,66.46616,65.25506,64.0603,60.157543,56.389847
-45.779793,-46.49412,-47.20837,-45.951275,-44.6818,-41.183758,-37.837933
-9.520432,-9.594291,-9.668292,-10.559156,-11.463653,-13.261675,-14.999019
19.555927,18.711584,17.868265,15.698404,13.52389,11.824614,10.183161
3.862316,4.296798,4.7301435,4.299345,3.8674715,4.5816584,5.255473
-32.75182,-32.84309,-32.93411,-34.696686,-36.447758,-40.039875,-43.67141
-11.426442,-11.486154,-11.545484,-12.317609,-13.092999,-15.1148405,-17.156507
-55.008297,-54.484367,-53.9597,-53.92323,-53.895573,-50.6459,-47.397568
5.100835,3.9800832,2.8600986,-0.59002036,-4.055253,-9.725924,-15.31794
-14.532365,-15.715443,-16.899296,-14.595885,-12.296263,-10.475421,-8.722352
39.0932,39.149887,39.20826,37.281647,35.352562,35.406723,35.429947
2.014736,1.6034714,1.1922299,0.8393857,0.48154992,-0.8504279,-2.279446
15.881553,15.942822,16.004742,17.044209,18.074934,21.223434,24.216358
65.953186,67.76482,69.576546,69.96822,70.3493,70.51771,70.580124
21.582848,20.833408,20.084106,19.096481,18.093575,14.13248,10.266216
16.820965,15.987673,15.152613,14.692402,14.228319,14.458384,14.574231
31.134722,31.879732,32.625237,33.92464,35.21487,33.40907,31.628626
-47.47624,-46.740417,-46.00213,-47.93677,-49.86058,-50.18646,-50.496834
5.3544135,6.081555,6.8097653,6.560884,6.313411,8.780639,11.404534
-70.88942,-71.46713,-72.04358,-70.84067,-69.63797,-66.91758,-64.13132
-16.917145,-17.73822,-18.55879,-19.193872,-19.818459,-22.423828,-24.939726
78.786934,78.154526,77.520096,77.490135,77.45504,78.067314,78.654106
-121.42724,-122.44606,-123.463295,-124.70761,-125.938354,-126.15482,-126.34688
-1.1186329,-2.4623256,-3.8062587,-2.7549396,-1.6886994,-0.7213684,0.38262406
58.687443,57.543007,56.399303,57.83696,59.29099,60.568905,61.915745
14.169647,14.784312,15.40053,17.532768,19.659443,20.274033,20.949936
-66.25719,-66.25443,-66.25102,-66.64989,-67.05093,-66.09177,-64.99986
77.45343,78.09917,78.74506,80.22251,81.691536,83.79697,86.003365
25.204708,24.715328,24.224937,22.259089,20.276731,18.67324,17.08622
14.735764,16.902205,19.067213,19.381231,19.689903,21.081985,22.313871
81.015045,81.22284,81.42903,79.49894,77.5764,77.19978,76.86825
-3.747437,-3.87077,-3.9945188,-6.2679744,-8.544373,-9.433682,-10.410462
13.460663,12.166933,10.872427,10.167135,9.4765,12.774464,15.968527
-43.17805,-41.83122,-40.484882,-39.03905,-37.5803,-35.02822,-32.50863
65.508156,64.2284,62.948708,61.873722,60.810368,60.925343,61.09595
8.316998,7.5375996,6.758646,4.0245686,1.2908001,-1.2543602,-3.8539333
-58.848106,-59.632217,-60.4148,-63.009212,-65.61026,-64.30947,-63.082115
-79.3208,-80.784744,-82.24821,-83.04089,-83.82702,-82.90385,-82.00601
-73.922295,-74.92692,-75.9305,-75.60849,-75.28276,-71.94816,-68.551285
-55.572895,-57.761433,-59.95112,-58.806946,-57.675556,-56.583717,-55.436665
38.72373,38.23273,37.743233,38.25035,38.741844,39.15202,39.34955
20.895489,21.43826,21.980526,22.869034,23.75494,22.220322,20.78734
-64.494415,-65.77753,-67.06203,-67.3169,-67.57022,-66.51255,-65.421036
-18.642796,-18.323315,-18.004631,-15.891383,-13.771583,-14.057017,-14.294985
1.8248985,2.5513053,3.2776818,2.6400144,1.9948075,2.4103577,2.6698196
80.65393,79.72326,78.79164,74.55094,70.314735,69.43352,68.400276
-39.490807,-38.704254,-37.918434,-36.87544,-35.84148,-32.47073,-29.138731
-43.85492,-43.99494,-44.135033,-45.776077,-47.423347,-47.901207,-48.380295
4.696145,3.1514857,1.6053182,0.25871482,-1.0683278,-3.0838563,-5.0420113
-41.69622,-40.802048,-39.90769,-35.801235,-31.68763,-28.557138,-25.461248
-15.604064,-15.359542,-15.115121,-16.42135,-17.721056,-17.190088,-16.524153
69.00558,71.28068,73.55693,72.12187,70.67034,68.05722,65.3822
-81.538376,-81.29878,-81.058624,-78.457504,-75.84271,-73.93219,-72.16369
88.81223,87.8465,86.882515,84.57935,82.281044,79.138084,76.10504
-3.0726068,-1.9777945,-0.88434494,-0.68251693,-0.48129833,-0.18685327,0.08954443
33.85139,33.990616,34.12967,33.014477,31.88643,27.819181,23.835672
3.424858,2.3321266,1.2393074,1.9552097,2.6797047,2.9288044,3.2556953
42.840862,43.83665,44.832874,43.851597,42.88372,44.40915,45.815784
1.7484564,0.4990343,-0.75159514,2.9507594,6.6618075,8.657165,10.539311
-42.60646,-43.252216,-43.899784,-44.317936,-44.750473,-44.449287,-44.176968
40.61638,41.492603,42.369335,42.0274,41.675125,42.073677,42.432186
-0.31887558,-1.5444734,-2.7694495,-3.3816383,-3.9962637,-5.4926004,-6.8659177
95.663345,97.11514,98.56581,100.9849,103.38958,106.183266,109.04091
2.642783,4.466702,6.2918286,8.695426,11.111173,11.777775,12.355444
-23.168568,-25.121788,-27.075525,-27.426167,-27.776648,-28.429968,-29.002504
45.470367,45.62701,45.782684,43.15457,40.53907,39.665474,38.687065
3.0657096,0.9628787,-1.1397557,-2.3134713,-3.4931388,-0.9864507,1.5263724
39.0003,38.17429,37.348827,37.77953,38.225056,39.73196,41.31589
-36.35677,-36.032352,-35.70778,-35.50012,-35.274986,-35.484314,-35.498672
1.5941455,2.957198,4.319975,1.0405271,-2.2244065,-2.998461,-3.7738898
4.4661756,4.8919196,5.3166184,3.9059472,2.4807382,3.8411317,5.1016507
15.082512,16.248262,17.413279,17.06749,16.737785,15.498865,14.136592
16.716564,17.570389,18.42434,16.393404,14.351225,10.448081,6.636713
-2.667101,-2.8263245,-2.9850616,-2.3873444,-1.8034514,-2.0941238,-2.3789349
-18.412434,-20.302883,-22.193476,-23.318249,-24.433247,-23.917196,-23.427475
-51.746548,-52.41231,-53.07855,-53.367645,-53.646664,-53.812786,-54.12633
-56.317947,-56.126987,-55.937008,-53.843693,-51.735577,-51.42482,-51.2464
13.149375,12.65741,12.16601,10.685798,9.202629,8.779086,8.323723
-6.2290688,-6.505869,-6.782999,-4.9745464,-3.1537209,-2.322277,-1.6379871
-36.4349,-38.03486,-39.635303,-39.728848,-39.81244,-41.178307,-42.667736
-19.086382,-19.598091,-20.111757,-21.32023,-22.511183,-22.380136,-22.116385
-24.015793,-22.1151,-20.214136,-17.7972,-15.362873,-18.235716,-21.111597
-20.774153,-22.224758,-23.675364,-23.496017,-23.312128,-24.33685,-25.26112
-90.17428,-93.10441,-96.033226,-92.938225,-89.85322,-87.45791,-85.10825
-21.359306,-20.488174,-19.6167,-19.35331,-19.070694,-19.714848,-20.294847
116.18173,117.151825,118.12017,117.65068,117.172195,116.534065,115.75013
7.5786567,9.188272,10.797451,12.653021,14.517469,12.940714,11.215469
-0.358816,-1.7821344,-3.2048662,-3.8329802,-4.4623175,-2.6402416,-0.898692
8.786546,11.152259,13.516929,16.599817,19.673609,21.137463,22.504045
-2.7021105,-4.3125324,-5.923561,-6.549053,-7.16111,-7.4358044,-7.791359
8.148346,6.786747,5.4246492,4.4456196,3.4579847,3.028258,2.6940694
49.75585,50.22657,50.698124,49.896984,49.08616,51.116474,52.975204
-65.1155,-63.71464,-62.314392,-61.685295,-61.073997,-59.776592,-58.471436
-55.634274,-55.82458,-56.01588,-54.563663,-53.111706,-50.89371,-48.596855
-31.556623,-32.142742,-32.728973,-33.252735,-33.760094,-39.176968,-44.409565
-15.125634,-16.222385,-17.317894,-19.388792,-21.46536,-22.640167,-23.737806
30.471134,32.655716,34.83966,34.49373,34.137016,33.708572,33.283302
-2.494723,-3.0259964,-3.5569923,-5.084743,-6.630097,-6.313144,-5.93485
-40.023407,-39.614075,-39.204758,-39.59627,-39.995728,-39.295166,-38.55214
-7.5982385,-9.544212,-11.490637,-13.528926,-15.563403,-16.418505,-17.187252
-39.97625,-40.228912,-40.480816,-40.337353,-40.207283,-38.58001,-37.017677
10.453062,9.702177,8.95106,9.028407,9.115944,7.898655,6.7526703
-41.825108,-43.425995,-45.027523,-45.986866,-46.957542,-46.7266,-46.636547
46.76599,46.528015,46.289482,47.012947,47.728573,51.048134,54.502857
34.33812,34.272987,34.209095,33.195232,32.184746,30.939589,29.70954
23.305408,21.959005,20.613182,19.416983,18.221987,18.493698,18.893631
16.88873,17.397196,17.904818,18.262524,18.609118,20.904318,22.995674
-16.724092,-15.699532,-14.675037,-13.5444765,-12.414418,-9.675152,-6.9772825
-3.4292614,-2.8824742,-2.336261,0.70273083,3.7537296,3.7744262,3.6040027
26.036705,25.770998,25.506557,22.701622,19.897974,18.527817,17.248663
17.683308,16.869537,16.055397,17.8245,19.5838,19.928024,20.369131
0.2671022,1.9607043,3.65481,1.2802644,-1.1073761,-1.8174908,-2.54948
7.6307573,7.4757147,7.3221846,7.8996744,8.490724,8.937263,9.453607
-44.40122,-44.750225,-45.098118,-45.650204,-46.188595,-41.257603,-36.257183
2.5380814,1.9889672,1.4402878,-1.1442649,-3.7239196,-7.1190057,-10.702535
-17.211199,-15.9751625,-14.738845,-15.061041,-15.368516,-15.826949,-16.328224
34.395725,34.84483,35.294117,36.367138,37.44672,35.609837,33.71392
44.435963,43.030064,41.62313,40.114494,38.5947,39.599182,40.65325
-21.028635,-21.034983,-21.042475,-18.620462,-16.197966,-14.949087,-13.935854
78.74504,79.92784,81.1115,80.14553,79.19524,80.63825,82.00063
24.271667,26.387945,28.505043,30.544308,32.578896,37.90257,43.304607
-47.50829,-46.730343,-45.9526,-44.17553,-42.413815,-42.501038,-42.696945
-17.445238,-15.059067,-12.671894,-10.760292,-8.860431,-4.7886596,-0.7580009
-127.9063,-128.23672,-128.5652,-128.97324,-129.36772,-129.53763,-129.78674
-94.89946,-94.75387,-94.608025,-91.19849,-87.80012,-85.22569,-82.8118
117.1738,118.68412,120.19369,116.10398,112.00051,109.91799,107.928185
-9.107336,-9.957804,-10.809596,-10.873546,-10.925256,-10.048153,-9.074029
-31.257313,-32.86531,-34.471222,-37.468803,-40.46387,-41.93375,-43.294216
-40.376656,-41.103615,-41.830585,-42.593937,-43.36918,-44.06901,-44.84535
-61.810482,-62.384453,-62.95741,-60.56256,-58.182777,-52.773643,-47.56057
77.27776,78.84002,80.40101,81.09322,81.78725,84.31504,86.81432
-46.34363,-46.296043,-46.248844,-46.109653,-45.979553,-44.34335,-42.57105
-1.0590117,0.13303538,1.3236091,0.28002518,-0.7814401,-0.68497974,-0.5469869
34.32975,34.030087,33.73208,32.280766,30.820387,31.720415,32.50893
-0.32460806,-0.6633022,-1.002454,-1.6275985,-2.2565486,-1.4284556,-0.41881487
46.354176,46.159817,45.967007,47.703384,49.430927,50.882465,52.268955
-71.847374,-72.7016,-73.55543,-75.26038,-76.96804,-77.57342,-78.05609
50.86876,51.354897,51.841293,50.002014,48.157738,48.53068,48.77447
59.3096,58.98933,58.669106,56.19263,53.713787,55.350075,57.001476
25.32256,25.288584,25.253971,26.130156,26.995668,26.548532,26.050058
57.007305,59.030304,61.053257,61.443325,61.8467,61.37023,60.878914
3.7804286,4.9593344,6.1370325,7.652238,9.154645,12.164882,15.20477
86.2706,83.997154,81.722565,80.23334,78.745346,74.92268,71.23032
15.661321,14.213958,12.7666645,13.166631,13.5622225,13.844265,14.306614
24.656738,23.300827,21.94554,21.478075,21.0237,20.971788,20.792854
-20.134958,-20.62666,-21.118986,-21.197418,-21.271162,-19.910955,-18.399302
0.634379,0.6418067,0.6486522,-0.4639214,-1.5883616,-2.1397579,-2.7320583
-35.427765,-35.807384,-36.187187,-36.83081,-37.466507,-39.388687,-41.312428
-8.746923,-9.288998,-9.830809,-9.719444,-9.6084,-7.909304,-6.2020516
-4.807819,-5.4494376,-6.0918097,-9.489862,-12.880899,-13.030367,-13.303816
-13.540693,-15.560368,-17.580648,-17.522177,-17.476429,-17.201696,-17.040827
74.55331,76.1136,77.67387,79.44868,81.22992,82.02413,82.855934
85.679855,84.40546,83.13196,79.8404,76.56011,72.918335,69.36099
70.85212,72.04912,73.24656,73.84565,74.46151,74.32924,74.28028
-16.471895,-15.4210205,-14.369272,-11.87203,-9.378353,-10.438541,-11.42959
-5.367264,-5.66325,-5.9598837,-6.2514515,-6.529172,-5.952239,-5.4655952
44.871304,44.683464,44.494877,42.903427,41.30736,40.73139,40.107414
-53.848392,-54.07723,-54.303467,-53.267403,-52.245613,-53.45697,-54.7642
54.67748,55.285908,55.894447,55.25531,54.59925,52.662888,50.751583
-12.508748,-12.767758,-13.0258875,-16.0935,-19.160872,-19.586432,-19.936995
94.62803,96.0572,97.48655,100.90117,104.33379,105.530266,106.76499
-5.8802185,-5.8195324,-5.7589283,-5.954706,-6.131979,-8.318182,-10.432686
33.56634,33.703915,33.842175,33.573605,33.307636,32.651234,31.91078
31.398518,33.22442,35.049835,35.597202,36.157017,37.49614,38.797432
38.760853,40.45173,42.143837,43.819637,45.50016,46.29348,47.119617
-4.533271,-3.5515897,-2.5691783,-1.1597459,0.24588796,0.8933317,1.448478
16.935942,16.455238,15.974232,14.985977,13.993135,13.427296,12.964756
45.58725,45.061977,44.537544,46.045,47.564846,49.0631,50.477917
19.172941,17.75319,16.330515,16.268293,16.213346,14.030484,12.032414
34.850624,34.787888,34.72557,35.81046,36.9066,36.49178,36.081467
97.247025,97.97223,98.69694,96.448456,94.19208,90.99608,87.7764
-22.6046,-19.639109,-16.673069,-13.229069,-9.790148,-11.192486,-12.556138
18.245535,17.473932,16.701899,18.16844,19.616436,19.96711,20.26224
23.52347,23.17816,22.835655,20.483654,18.148039,17.342783,16.615673
30.344086,30.860231,31.376768,30.846096,30.326406,26.64823,22.864172
-17.358393,-19.706007,-22.054022,-23.520239,-24.981218,-25.909794,-26.653357
-11.319608,-10.418319,-9.517474,-9.901554,-10.293041,-14.008011,-17.607788
-5.0457582,-5.7522316,-6.460224,-9.834982,-13.211478,-11.921118,-10.540009
26.200811,25.74242,25.28337,26.401577,27.535168,29.491646,31.43201
-26.906664,-27.937023,-28.967411,-27.964256,-26.964413,-24.462353,-21.942879
13.702667,14.930471,16.159924,16.380089,16.599573,15.936956,15.312115
38.24348,39.9847,41.72602,41.772438,41.814972,39.766266,37.61097
59.778088,60.88827,62.000076,62.761253,63.504864,60.503788,57.53315
32.06678,32.65215,33.236507,36.089787,38.93488,39.51924,40.151096
-43.786587,-44.064503,-44.33981,-43.788097,-43.23828,-43.35066,-43.590633
-10.487806,-10.222651,-9.957701,-6.5703845,-3.1797836,-3.303898,-3.3399189
-30.179518,-31.292692,-32.40503,-33.96855,-35.53212,-31.738676,-27.917112
-18.130318,-19.218182,-20.306293,-20.837515,-21.359192,-21.344883,-21.143978
-116.3202,-116.09374,-115.86799,-113.07849,-110.27395,-108.95741,-107.72632
-10.220435,-9.2622,-8.302608,-6.8478637,-5.405378,-6.0830617,-6.6795683
21.683952,21.927702,22.171577,21.436977,20.68726,22.047686,23.413788
-21.774647,-21.514252,-21.253132,-18.518059,-15.769409,-13.25021,-10.872706
-6.2425265,-7.310202,-8.376854,-9.13298,-9.875998,-10.180532,-10.595589
26.18642,25.197691,24.208372,24.861198,25.526424,24.186125,22.92351
-33.679245,-34.550266,-35.42182,-34.05829,-32.68192,-30.8681,-29.084253
-2.4872062,-2.3713691,-2.2530706,-4.111896,-5.962214,-9.184654,-12.305522
-21.938221,-20.436935,-18.935823,-17.813782,-16.67678,-16.928198,-17.12301
-11.484168,-12.660119,-13.83681,-14.464093,-15.093942,-15.585004,-16.143194
-7.454538,-7.841705,-8.230798,-10.119845,-12.023219,-14.138482,-16.310053
8.5480385,8.714763,8.8817215,7.788019,6.696579,6.7739115,6.7679243
30.651497,29.069717,27.489437,27.655666,27.834719,23.945526,20.215202
34.871284,35.832386,36.792812,39.369007,41.929714,43.34203,44.601154
-101.73278,-102.639435,-103.54584,-101.59015,-99.63727,-99.770035,-99.79276
-99.3063,-96.60825,-93.91111,-92.92432,-91.93631,-90.11708,-88.286476
-1.9113107,1.0756359,4.0625033,7.356467,10.6618,8.868501,6.9442234
-42.335766,-42.074345,-41.810623,-41.661854,-41.5077,-38.01655,-34.652668
49.515396,50.35619,51.196476,51.181625,51.15191,49.945408,48.646336
26.349722,25.776651,25.20482,24.585482,23.965654,24.175322,24.208925
-13.702663,-14.68505,-15.666307,-13.286088,-10.904128,-7.942811,-4.9500084
-94.189835,-92.83096,-91.47282,-91.82115,-92.15744,-92.5839,-92.85033
26.406414,25.289597,24.171448,23.18568,22.20412,21.17349,20.027086
-53.891254,-53.6826,-53.473255,-52.773487,-52.08159,-53.97247,-55.68416
18.933167,18.215479,17.499294,15.178259,12.860987,10.408716,7.94332
-27.322687,-29.432863,-31.542372,-33.3787,-35.21511,-32.682262,-30.198925
47.62549,46.397854,45.1699,41.30964,37.45883,33.806324,30.257181
-10.797163,-9.481554,-8.166242,-4.4643517,-0.78015983,2.3715525,5.6053724
-11.824949,-12.1808605,-12.535231,-12.457241,-12.3755455,-13.387447,-14.445896
-18.021702,-19.878216,-21.734558,-22.175215,-22.620834,-22.124088,-21.555079
-38.772625,-39.914936,-41.057976,-42.473274,-43.898605,-45.778492,-47.640945
-79.06604,-80.058136,-81.05091,-81.53629,-82.019936,-80.63193,-79.16968
42.14141,41.61716,41.09449,39.928806,38.746044,37.712177,36.65482
-8.163302,-7.3947783,-6.625041,-5.920354,-5.2067947,-3.2735014,-1.3470289
73.95448,73.61346,73.27265,71.75156,70.24304,69.014496,67.679085
-101.24784,-101.8677,-102.48686,-99.916374,-97.33623,-95.89341,-94.528854
6.2608867,6.906736,7.550961,9.5382395,11.538615,12.654915,13.672052
-68.568,-68.3035,-68.03929,-66.9331,-65.82037,-64.748856,-63.810555
2.6416943,4.8019595,6.963077,9.659559,12.353433,14.287897,16.268118
23.446367,23.195625,22.945944,23.078077,23.196924,25.298374,27.244936
31.242302,30.501543,29.7599,30.977312,32.20019,33.348694,34.519558
53.369385,53.770603,54.172607,55.768745,57.352577,58.290653,59.32329
18.108084,18.029198,17.949934,18.931574,19.927118,21.599247,23.316742
-81.793076,-83.098694,-84.40457,-83.836,-83.2524,-83.37406,-83.462654
-26.121853,-24.361176,-22.601435,-22.279139,-21.970263,-23.374838,-24.632738
-1.032071,-2.4461534,-3.8620412,-5.5531206,-7.25799,-9.592842,-11.761815
1.3249348,2.749343,4.174039,4.1699295,4.169305,-0.46043885,-5.0403624
2.855155,1.7499436,0.6453122,1.0824803,1.5218643,5.3996124,9.342706
-59.890484,-60.045815,-60.199867,-58.99568,-57.784317,-57.54955,-57.31742
-35.71514,-34.7799,-33.843147,-32.76936,-31.713541,-31.373465,-30.959787
20.948076,19.434053,17.918518,14.879075,11.841985,13.649053,15.3322935
54.289528,52.146618,50.00191,48.426777,46.84377,48.209854,49.549854
-52.728016,-52.18077,-51.63289,-51.40192,-51.188362,-52.16574,-53.17569
46.06572,46.720875,47.37485,49.008423,50.636086,48.332047,46.07696
3.6638963,4.0832486,4.504289,7.066424,9.61595,9.847558,10.195304
35.85723,34.251076,32.644756,32.110115,31.559177,28.326603,25.058681
-56.262585,-56.389706,-56.51779,-58.307034,-60.107426,-61.09372,-62.10687
24.59835,23.971266,23.342094,23.388962,23.444933,20.855314,18.291245
-40.849335,-38.308247,-35.76796,-34.607563,-33.443672,-35.26467,-37.213917
-13.302438,-12.033484,-10.764551,-10.071401,-9.379951,-8.351584,-7.397901
-35.44328,-35.96629,-36.490566,-38.20152,-39.910694,-41.3419,-42.96181
105.4211,106.169685,106.91904,106.15073,105.39111,105.10125,104.8596
-96.0129,-96.798935,-97.584236,-97.43028,-97.28257,-96.432526,-95.462105
57.161453,58.42041,59.680305,60.703487,61.730675,60.556652,59.566017
-23.331139,-20.696074,-18.062027,-12.159133,-6.2594476,-5.3196826,-4.4621806
-13.647042,-12.762147,-11.878228,-8.297375,-4.71773,-3.9917235,-3.324597
-94.98194,-95.62199,-96.26303,-95.48587,-94.70917,-95.13444,-95.615166
-59.752792,-59.132008,-58.510536,-60.01802,-61.523983,-64.23107,-66.922035
-23.701254,-22.016562,-20.331419,-21.686262,-23.048275,-26.497766,-29.96614
28.783474,26.890654,24.995895,27.198195,29.412676,32.00024,34.534447
-42.612488,-43.58536,-44.559177,-45.146015,-45.735935,-44.294388,-42.949062
4.7322574,3.814379,2.895283,2.5598605,2.2272027,3.1414702,4.1560884
11.110928,10.762078,10.412507,11.712627,12.998318,13.35655,13.507224
61.92129,63.00872,64.097176,63.78532,63.478096,63.929672,64.41474
-39.686493,-41.773163,-43.86032,-45.58962,-47.336388,-48.117897,-49.032555
-1.3200808,-1.6317892,-1.941453,-2.593854,-3.239358,-4.1842318,-5.203496
-20.36042,-22.359287,-24.358812,-27.318367,-30.272991,-31.800455,-33.42435
31.53718,31.131992,30.727585,32.428043,34.142162,34.82889,35.58544
79.24628,79.626274,80.00703,78.526794,77.03154,75.771706,74.59989
2.4019578,3.0620248,3.7208583,5.425794,7.1168675,8.334836,9.665221
10.589448,11.528533,12.467363,12.516711,12.570422,9.867176,6.99078
-47.948044,-46.1396,-44.33153,-43.548687,-42.755188,-42.98018,-43.242416
-15.788865,-15.949437,-16.109566,-14.093947,-12.063268,-7.2404456,-2.327556
10.671847,10.426917,10.182646,11.232549,12.301291,11.720481,11.041685
23.317307,24.081612,24.847385,24.829975,24.821205,20.901722,17.082863
-2.2967408,-2.1825535,-2.067754,-2.9854767,-3.892997,-1.2107726,1.4045438
7.0687165,7.939991,8.811835,9.01162,9.194248,10.001357,10.767327
-37.282772,-38.679546,-40.07636,-40.217434,-40.34599,-40.011097,-39.576656
22.523462,22.022608,21.520632,20.501822,19.465254,18.40005,17.28139
-120.8629,-121.27737,-121.69201,-120.63427,-119.56389,-116.96703,-114.34208
-106.56919,-105.04066,-103.511665,-99.05733,-94.611626,-92.338104,-90.056366
23.147346,23.958992,24.76775,24.701847,24.628296,25.315966,26.015242
81.48867,83.62482,85.760284,88.05599,90.367035,90.167656,89.93927
-48.574585,-49.60664,-50.639935,-49.64125,-48.63621,-45.225037,-41.71405
19.984097,18.890337,17.795864,18.227003,18.65663,18.99392,19.377062
51.27706,52.239666,53.202972,53.174217,53.12754,51.696857,50.285217
-3.0999591,-1.7571309,-0.41547033,0.48998192,1.3904488,0.072709836,-1.1452925
19.890736,19.168224,18.447077,16.137907,13.829117,12.737971,11.715599
79.643715,80.68446,81.72502,81.29665,80.85697,78.596214,76.30305
-1.3060353,-1.6559992,-2.0055993,-2.7178407,-3.4255176,-6.0602584,-8.727824
-15.513253,-16.703474,-17.891161,-17.078703,-16.283752,-14.692752,-13.0029955
27.46721,29.047827,30.630512,34.15944,37.702362,38.26514,38.83445
-45.764965,-45.265675,-44.765636,-40.388218,-35.992893,-38.13727,-40.16986
-14.502515,-12.716088,-10.931054,-8.828616,-6.7174573,-8.268119,-9.774484
-44.941826,-45.25222,-45.562042,-43.208763,-40.874,-35.687534,-30.455526
-19.611044,-19.522102,-19.432592,-18.601803,-17.770765,-18.64777,-19.536535
-43.517582,-43.693806,-43.8702,-44.096222,-44.33009,-42.137615,-39.847656
-24.214804,-20.395544,-16.57365,-15.586489,-14.605654,-16.245216,-17.826355
13.833171,13.97176,14.109571,17.18749,20.271782,22.848402,25.497402
-38.909546,-38.393772,-37.87845,-39.002518,-40.11923,-41.226875,-42.227592
-12.926732,-12.977163,-13.027615,-12.763203,-12.493652,-12.514843,-12.664648
-8.002886,-6.9938445,-5.9844947,-5.028506,-4.0562425,-4.2254796,-4.4287076
20.662773,20.371817,20.081976,16.846434,13.615111,13.185663,12.789705
83.97051,84.969574,85.96852,85.117966,84.279045,83.10389,81.886894
15.150084,13.609784,12.070411,12.674975,13.27085,12.533124,11.676771
-5.761619,-4.983601,-4.2053456,-3.1917098,-2.168481,0.5340497,3.3252475
7.601923,10.363693,13.125267,15.669817,18.203356,18.55294,18.94476
-68.5368,-70.92581,-73.312996,-75.93684,-78.5554,-79.164055,-79.82116
-96.75711,-96.285995,-95.81581,-93.84692,-91.88324,-91.30215,-90.64175
-35.41521,-36.99879,-38.581593,-39.78336,-40.97975,-41.623066,-42.198215
-0.018989773,1.0379941,2.0934703,1.2548053,0.42984274,-2.321149,-5.1056166
-74.937645,-75.07184,-75.20618,-74.985306,-74.76997,-74.19008,-73.647736
31.766441,29.825489,27.884148,26.288614,24.689323,22.467716,20.368
-79.73911,-78.89266,-78.04378,-76.57438,-75.10282,-77.10088,-79.0661
-105.77333,-104.76688,-103.75967,-103.99195,-104.213875,-105.53645,-106.809395
63.018887,61.938725,60.857426,61.865185,62.87305,64.100975,65.46453
7.4260573,8.925158,10.423493,10.175667,9.915259,9.029238,8.241417
5.769106,6.920086,8.070928,9.756079,11.448914,13.079475,14.746862
-71.50576,-72.39792,-73.289665,-71.69277,-70.096405,-69.160126,-68.21885
-30.239975,-27.350098,-24.460087,-24.072083,-23.697067,-23.620981,-23.569798
-12.048331,-12.21094,-12.374186,-12.647266,-12.9150915,-10.434366,-7.976106
90.50985,89.24244,87.97433,85.06957,82.155205,82.29956,82.516975
-45.604244,-45.75822,-45.911407,-44.5528,-43.192028,-39.53732,-35.802074
13.201116,12.7011175,12.199548,12.638099,13.078849,10.591882,8.284251
16.087904,15.7711115,15.454098,14.558466,13.668931,14.637076,15.546593
-3.110118,-2.6671743,-2.2247915,-4.3527937,-6.4927797,-6.642873,-6.728408
11.272153,9.479672,7.6886683,6.465513,5.2587757,3.4858654,1.9008963
