2014 SVI Group Quarters Encoding,2015 SVI Group Quarters Encoding,2016 SVI Group Quarters Encoding,2017 SVI Group Quarters Encoding,2018 SVI Group Quarters Encoding,2019 SVI Group Quarters Encoding,2020 SVI Group Quarters Encoding
65.64105,65.95627,66.271675,66.553535,66.8354,67.19579,67.55559
27.639902,27.747301,27.854628,27.458092,27.061419,27.08195,27.104101
7.1564717,7.320105,7.484223,7.512255,7.541377,7.852927,8.166666
55.312782,55.319283,55.32735,54.70902,54.09026,53.89097,53.691586
-53.43503,-53.34071,-53.24619,-52.797985,-52.347576,-52.275524,-52.20347
1.2750143,0.3549179,-0.5671717,-0.7421986,-0.9178411,-0.62251365,-0.3275498
-18.427748,-18.008728,-17.589718,-17.828272,-18.067375,-18.276625,-18.4864
-60.90546,-61.6413,-62.378994,-61.992275,-61.60711,-61.853672,-62.101303
-43.282093,-43.588627,-43.89519,-43.20847,-42.52177,-42.30373,-42.086994
-1.4722395,-1.9253473,-2.379712,-2.114501,-1.8480768,-1.864541,-1.880002
1.8967898,1.171922,0.44738314,-0.0725315,-0.59340364,-1.3698375,-2.1445396
82.91334,82.91595,82.92022,81.6917,80.46323,80.08041,79.69872
40.83911,41.16326,41.48797,40.847622,40.207317,39.955563,39.705128
-18.48219,-18.305763,-18.130924,-17.552334,-16.97398,-16.88643,-16.79905
-12.266825,-11.983783,-11.699692,-11.300417,-10.899875,-10.70222,-10.504863
-49.11153,-49.541946,-49.973072,-49.80418,-49.635998,-49.67309,-49.71024
-21.260193,-20.923923,-20.587208,-20.580145,-20.573856,-20.59989,-20.624676
-86.71968,-87.05845,-87.39507,-86.38734,-85.38073,-85.31988,-85.26009
-43.035736,-44.003986,-44.97255,-45.019028,-45.06594,-45.455765,-45.846153
108.78686,109.321075,109.855415,109.23823,108.62037,108.95488,109.288475
36.58848,37.141766,37.693172,38.050045,38.406918,39.03781,39.670216
50.334583,50.85289,51.370647,50.51111,49.65192,49.515728,49.380383
-47.91894,-48.217896,-48.51657,-48.03306,-47.54774,-47.65075,-47.755795
19.661741,20.80069,21.939775,22.152472,22.365934,22.549892,22.732931
-72.463295,-72.16455,-71.86413,-71.21466,-70.566444,-71.09831,-71.63174
31.621674,31.731415,31.842997,31.834116,31.825731,31.905163,31.986055
2.5676675,2.85245,3.1375232,2.9014764,2.664597,2.5691047,2.4723163
60.812996,61.124107,61.434612,61.668194,61.901566,62.18961,62.47741
-1.5058758,-1.1205494,-0.73526126,-0.40983513,-0.08462837,0.43740532,0.9597346
19.873562,20.995378,22.116432,21.911936,21.708303,21.67394,21.639805
-108.39563,-109.13011,-109.86425,-108.50844,-107.152695,-106.63322,-106.114006
-19.597458,-19.4786,-19.35833,-19.227627,-19.097023,-19.024683,-18.952026
-53.03555,-53.392742,-53.75084,-53.290516,-52.8309,-52.68594,-52.541874
10.691468,10.572049,10.453018,10.2522,10.0516815,9.823373,9.594064
25.128979,24.807163,24.484978,23.790236,23.09516,22.467127,21.841734
-51.826202,-52.28111,-52.735638,-52.79958,-52.86362,-52.813545,-52.762653
4.4466214,4.9655824,5.4844728,5.7219043,5.959479,6.153888,6.349652
-41.699657,-41.418034,-41.13607,-40.34397,-39.551777,-39.618984,-39.68503
8.691185,8.271504,7.851437,7.5344505,7.2189083,7.137413,7.0564933
-129.83333,-130.45708,-131.08047,-129.98799,-128.89626,-128.53311,-128.17307
-80.38012,-80.85842,-81.33845,-80.414986,-79.49137,-79.23049,-78.97225
-106.920334,-107.84457,-108.76875,-107.49952,-106.22902,-105.83382,-105.43728
-48.81233,-49.542397,-50.274166,-50.102276,-49.927414,-49.767372,-49.60547
-68.33705,-68.90897,-69.480865,-68.77171,-68.063416,-67.89799,-67.73308
-38.32126,-38.473186,-38.62602,-38.200558,-37.777363,-37.26543,-36.75378
-32.93047,-32.525196,-32.1187,-32.013386,-31.90725,-32.311565,-32.717308
12.443704,12.5985,12.753022,12.719871,12.68543,12.452026,12.221356
11.173774,10.628036,10.083945,9.953626,9.823237,10.250669,10.6784315
-0.2256633,-0.3737985,-0.52406037,-0.6124011,-0.7025949,-0.83952343,-0.9754001
-51.641285,-51.779522,-51.917667,-51.53967,-51.16166,-51.10572,-51.050938
-79.66466,-80.27609,-80.88694,-79.88395,-78.8815,-78.564026,-78.24936
4.3101954,4.192887,4.075746,3.8121407,3.5494778,3.6162026,3.6828654
-62.62325,-62.86664,-63.108894,-62.55852,-62.00745,-61.945557,-61.88487
16.901245,16.099335,15.297978,14.544663,13.79142,13.50841,13.224872
2.083974,2.015563,1.9470633,2.3447971,2.742876,2.4855137,2.2304716
2.8406255,3.6607578,4.4807568,4.849633,5.217963,4.894381,4.569414
-11.312298,-11.801052,-12.290251,-11.754579,-11.218323,-11.488995,-11.759183
8.8061075,8.811681,8.816453,8.722584,8.628519,8.390163,8.151797
-0.5914975,-0.6493369,-0.70644766,-0.8523789,-0.99688536,-1.1529514,-1.3088571
7.586498,7.9784703,8.372154,8.650042,8.928122,9.01522,9.103154
6.796318,6.9458303,7.0970774,6.9180164,6.739444,6.7107887,6.682164
-41.61187,-41.88513,-42.159157,-41.918674,-41.67672,-41.544033,-41.41272
24.357378,24.455717,24.55356,24.162357,23.770586,23.27415,22.777458
73.39906,73.754616,74.10975,73.59429,73.07975,73.26113,73.44206
25.129644,25.414612,25.699566,25.694975,25.689503,25.503977,25.318863
13.162941,13.547105,13.930054,14.197428,14.464811,15.264353,16.062208
-0.7371069,-1.6094452,-2.4812105,-3.0569265,-3.6313078,-3.8836997,-4.1350904
-75.98557,-75.99566,-76.00694,-76.03286,-76.058334,-76.13028,-76.204506
110.005196,110.40074,110.79674,110.092674,109.38901,109.40268,109.41877
-43.43066,-43.62396,-43.81679,-43.60571,-43.39508,-43.379517,-43.364895
-21.42579,-21.988705,-22.551167,-22.933743,-23.315552,-23.368618,-23.421911
66.064384,66.718445,67.373116,66.72474,66.07592,65.83971,65.603
8.233652,7.9419675,7.6498237,7.2523484,6.8555455,6.9765916,7.0973
-4.765782,-4.659831,-4.5549874,-3.9142494,-3.2740483,-3.469407,-3.6661687
-52.14464,-51.743374,-51.34165,-50.66715,-49.99364,-50.276962,-50.561256
72.6469,73.84028,75.0325,74.58696,74.14305,73.83683,73.53006
53.159245,53.50806,53.856266,53.238384,52.619946,52.595768,52.572643
63.94132,64.03284,64.12375,63.64999,63.176872,63.451073,63.72688
-1.9494249,-1.8496677,-1.7509404,-0.99672145,-0.24298972,-0.30603808,-0.37026042
13.211839,13.514776,13.816055,13.4735565,13.131075,13.3065815,13.480876
11.191271,11.108315,11.024529,10.96343,10.900665,11.362082,11.823055
-31.152565,-31.04507,-30.9381,-30.287418,-29.636688,-28.95791,-28.281101
3.7075212,3.125395,2.5426257,2.361656,2.1797574,2.5118148,2.8452995
-87.002594,-87.22073,-87.4402,-86.20537,-84.97108,-84.3406,-83.71387
11.554296,12.465084,13.375723,13.328333,13.280443,13.181141,13.081131
70.29444,71.0514,71.80868,71.56887,71.32841,70.93272,70.53733
-43.381187,-43.787018,-44.192665,-44.136864,-44.08165,-44.081295,-44.08062
68.384636,68.32447,68.265434,67.749985,67.23253,67.497925,67.76527
-32.947514,-33.299297,-33.652477,-33.19391,-32.73618,-32.295788,-31.858194
-58.79176,-59.147915,-59.5026,-58.974712,-58.44492,-58.23644,-58.028942
27.365719,28.122545,28.87932,28.734137,28.58771,28.050016,27.512093
-9.7208605,-9.687457,-9.653595,-9.579195,-9.505113,-9.852698,-10.200961
53.7386,54.359306,54.98158,54.415016,53.848362,54.088123,54.32937
42.58537,42.99502,43.404007,42.975285,42.54858,42.11062,41.67276
62.36433,63.50768,64.651726,64.59665,64.5402,64.75411,64.96829
-82.786835,-83.04131,-83.29614,-82.44214,-81.58819,-82.00104,-82.4138
-31.609926,-32.517956,-33.426502,-33.076702,-32.725796,-32.51675,-32.307148
16.089111,16.009949,15.932048,15.591483,15.251089,14.841789,14.433195
46.229813,46.302975,46.373676,46.282475,46.1916,46.17068,46.14841
-27.718414,-28.226175,-28.734173,-28.904703,-29.07482,-29.345306,-29.614965
99.259796,99.4447,99.62782,98.937355,98.24544,97.98349,97.723495
62.05679,61.517326,60.97771,60.947926,60.917057,61.399105,61.88339
-22.830153,-23.123203,-23.415966,-22.733112,-22.049023,-21.53379,-21.020058
-15.456319,-16.263464,-17.071503,-16.871727,-16.672308,-16.612543,-16.553844
15.069895,14.785945,14.5023365,13.777611,13.052327,12.910486,12.76857
6.740331,6.4949627,6.2487535,5.8475165,5.447517,5.890651,6.3326797
-22.505655,-22.909431,-23.313774,-22.961216,-22.609104,-22.771759,-22.935791
-10.054602,-9.707427,-9.361164,-9.203094,-9.045534,-9.427336,-9.809685
10.340997,10.539006,10.737998,10.961127,11.184142,11.534083,11.883651
-26.061558,-25.518576,-24.977015,-24.905615,-24.834303,-25.471375,-26.109694
39.026436,39.262623,39.499916,38.92407,38.349377,38.212185,38.074715
8.740597,9.064411,9.388933,9.572661,9.756879,10.01143,10.265779
49.206997,49.338608,49.46994,49.19561,48.921345,49.335945,49.75152
36.761192,37.125134,37.48852,37.729748,37.970985,37.945404,37.920536
6.441402,6.5742426,6.707291,6.362908,6.0179753,5.8907166,5.7614436
-57.35961,-57.044918,-56.730877,-56.50088,-56.27142,-56.749683,-57.229218
59.12216,59.00273,58.88425,58.76852,58.652843,58.752434,58.85081
50.82768,51.724472,52.61927,52.26532,51.909584,51.779423,51.65192
-26.94799,-27.34524,-27.74177,-27.792843,-27.843863,-28.048689,-28.255037
-50.1674,-50.49122,-50.814404,-51.06077,-51.306324,-51.285954,-51.26581
18.60193,18.74698,18.892464,19.2975,19.701288,19.631119,19.560795
-30.87151,-31.832157,-32.79388,-32.581432,-32.367416,-32.497387,-32.6244
-22.408253,-22.497076,-22.587238,-22.301636,-22.015928,-22.282484,-22.549437
-4.872127,-4.915403,-4.958739,-4.1708045,-3.3811798,-2.914536,-2.4479327
-11.494682,-11.220762,-10.947526,-10.296512,-9.647829,-9.579817,-9.511576
7.229372,7.8785744,8.529063,8.902686,9.275383,9.556888,9.839797
6.10985,6.0361824,5.9613147,6.0573363,6.1536636,6.060447,5.968184
-30.14161,-30.414917,-30.689089,-29.49044,-28.291956,-28.07618,-27.860249
-40.816345,-41.1596,-41.5028,-41.29136,-41.07912,-41.200127,-41.321934
-32.93071,-33.31845,-33.708378,-33.37126,-33.034546,-32.536415,-32.038757
51.985386,51.930477,51.874874,51.883484,51.892414,51.967308,52.04382
-38.596992,-38.688526,-38.780594,-38.360195,-37.939095,-37.718777,-37.4992
-0.9093211,-0.90798026,-0.90646964,-0.96265346,-1.0174669,-1.2243513,-1.4295067
-44.942917,-45.73518,-46.526695,-46.53597,-46.543884,-46.660843,-46.77797
-21.083761,-21.191988,-21.302097,-20.913887,-20.526451,-20.439743,-20.352192
70.74869,71.47492,72.199,71.87675,71.55303,71.35876,71.16271
-96.89263,-96.9288,-96.96521,-96.2163,-95.46792,-95.36579,-95.26574
-52.388546,-53.03335,-53.677963,-53.3264,-52.975475,-53.111073,-53.24721
14.608019,14.199144,13.790443,14.076924,14.364453,14.947504,15.529404
-10.549315,-10.2337,-9.916247,-10.125172,-10.333607,-10.533894,-10.73683
-15.714324,-16.236544,-16.759113,-16.532555,-16.305635,-16.518742,-16.731663
69.16838,69.41613,69.663536,68.99307,68.3218,68.38498,68.45024
-17.897463,-18.169098,-18.440594,-18.30916,-18.178675,-18.410517,-18.643711
-55.47809,-55.96924,-56.46056,-55.57364,-54.68826,-54.669304,-54.65406
-32.288696,-32.334843,-32.383495,-32.217133,-32.050392,-31.599367,-31.14963
13.994438,14.110357,14.225824,14.397906,14.569736,15.4388075,16.30778
11.787791,11.776246,11.763357,11.025894,10.288478,10.055209,9.8200445
-25.842777,-26.024334,-26.207058,-26.292795,-26.379728,-26.66801,-26.95383
-49.683407,-50.71462,-51.747112,-51.350445,-50.953693,-51.00268,-51.05281
13.506894,12.8893385,12.272737,12.082882,11.89377,11.941069,11.987042
14.107565,14.348408,14.588033,15.2264805,15.863987,16.0084,16.15428
43.321,42.852924,42.384308,42.02826,41.67281,41.990818,42.30923
-22.655258,-23.163437,-23.671946,-23.3605,-23.050053,-22.68945,-22.330143
-9.395337,-8.997278,-8.599928,-8.207874,-7.813381,-8.244436,-8.676468
-52.06049,-52.55354,-53.046707,-52.443436,-51.840633,-51.842766,-51.84572
19.981182,20.331762,20.68068,20.858831,21.03733,21.078087,21.119083
-34.886166,-34.862553,-34.84148,-34.03344,-33.22415,-33.125263,-33.025944
-33.784676,-34.065468,-34.34725,-34.279015,-34.210407,-34.061337,-33.912666
58.030205,58.69597,59.361073,58.718895,58.076042,58.36308,58.651726
62.34755,62.591816,62.835182,62.342365,61.84968,62.439453,63.02945
70.16045,69.940704,69.721245,69.197174,68.67299,69.146255,69.61923
71.48734,71.70138,71.915596,70.998146,70.07932,70.21348,70.347466
74.90822,74.9229,74.93718,74.37422,73.81264,73.39159,72.97033
-21.462591,-21.52879,-21.5951,-21.873634,-22.151165,-22.11971,-22.088436
63.736004,64.377495,65.02049,64.39724,63.77305,63.1765,62.58016
40.18314,40.288754,40.39566,39.963966,39.53149,39.95133,40.37004
3.625993,3.6402256,3.6533139,3.7632,3.8718464,3.837415,3.8014348
-34.25493,-33.790356,-33.32554,-32.54716,-31.769373,-31.529934,-31.28882
40.23483,40.611015,40.98711,40.542202,40.09643,40.01198,39.930176
-65.66069,-66.44018,-67.22019,-67.34154,-67.463165,-67.14636,-66.8308
7.957093,8.518273,9.079636,8.74763,8.41504,8.68945,8.962874
-35.189255,-35.19674,-35.204823,-34.994858,-34.784405,-34.424862,-34.065315
64.0339,64.096054,64.15829,63.553738,62.94903,62.946808,62.946003
-65.382385,-65.54178,-65.70207,-65.424,-65.145,-65.738815,-66.33319
-24.224318,-24.855639,-25.488688,-25.71562,-25.943508,-26.686514,-27.429447
-125.81425,-126.364784,-126.914406,-125.61005,-124.30616,-124.51164,-124.71715
25.312616,25.495256,25.678656,25.618895,25.557024,26.254961,26.952814
3.4262502,3.7407243,4.0556927,3.9683435,3.8811624,3.5398633,3.197645
-30.576977,-31.093533,-31.610104,-30.780136,-29.950308,-29.64195,-29.332787
25.211206,25.762745,26.31379,26.44629,26.577217,27.05377,27.529617
6.443892,5.5967736,4.748837,4.027333,3.3036714,3.251328,3.199532
-9.402492,-10.241876,-11.082725,-11.752596,-12.423145,-13.031692,-13.640449
97.42588,97.82625,98.22518,97.205666,96.185425,95.67492,95.1654
37.581635,38.380505,39.179474,38.940487,38.702328,38.456112,38.211155
34.06618,34.320255,34.575806,34.036404,33.496418,33.580902,33.664787
6.379969,6.391891,6.404861,5.9304957,5.4556117,5.5234723,5.5908437
-9.15971,-9.639867,-10.120971,-10.017262,-9.912854,-9.338802,-8.764036
-66.20788,-66.05967,-65.912094,-64.77544,-63.639763,-63.36482,-63.092197
48.81582,49.20654,49.59878,49.317455,49.036686,48.963047,48.891434
28.35725,27.892233,27.428528,26.884453,26.341188,27.020985,27.702087
-49.007812,-48.95255,-48.89542,-47.862682,-46.827362,-46.56459,-46.302586
-15.25556,-15.5996685,-15.942137,-16.030943,-16.120548,-16.077223,-16.03245
-25.582626,-25.39246,-25.202631,-24.940056,-24.678429,-24.841343,-25.002666
25.954588,26.014107,26.074163,25.801579,25.529907,25.590916,25.653347
-62.852634,-63.45612,-64.05942,-63.14541,-62.23102,-61.48641,-60.740665
77.912735,78.725525,79.537994,79.05293,78.56726,79.06059,79.55374
24.058336,24.115582,24.170923,23.762543,23.356003,23.361496,23.368242
-11.082108,-11.2183485,-11.354703,-11.465517,-11.576225,-11.595936,-11.614218
-50.953762,-52.025707,-53.097847,-52.51366,-51.932156,-51.693806,-51.453808
-53.17699,-53.45442,-53.73121,-53.327175,-52.9226,-53.045242,-53.168285
38.634552,37.877045,37.11696,36.314922,35.511497,35.63981,35.76941
-33.85626,-34.509716,-35.162823,-34.221592,-33.281197,-32.885372,-32.489693
25.398567,25.375637,25.352934,24.786377,24.219732,23.957258,23.696644
63.002945,63.71612,64.429276,64.23063,64.03179,64.03057,64.026924
10.512844,11.254091,11.9941845,12.454199,12.914064,13.101702,13.289233
7.2887034,7.491069,7.6938004,8.130968,8.568768,8.87129,9.173374
76.456314,76.80589,77.15611,76.64847,76.14232,76.0045,75.86819
7.0054417,6.522331,6.040471,5.477195,4.915265,4.349436,3.784456
6.086173,5.8552294,5.622773,5.430232,5.2369413,5.42542,5.613126
-21.727448,-21.527464,-21.32748,-20.93455,-20.542997,-20.27728,-20.01257
49.36804,49.650425,49.932796,49.10173,48.27078,47.917515,47.5636
3.0293267,3.8410008,4.652638,4.19511,3.736193,3.386617,3.0364869
-50.51915,-50.84695,-51.17582,-50.77118,-50.36573,-50.00444,-49.644505
22.239315,21.622936,21.00783,20.395939,19.783937,19.587404,19.393223
-52.49446,-52.749428,-53.005398,-52.110268,-51.216797,-50.86414,-50.512062
65.47692,65.71498,65.95391,65.82175,65.69007,66.132866,66.57391
-37.75935,-37.66967,-37.579372,-37.019043,-36.458668,-36.291077,-36.123886
-16.338446,-16.351347,-16.36422,-16.033297,-15.700486,-15.825171,-15.947325
120.17812,121.12281,122.06805,121.55964,121.04958,121.18926,121.33054
-59.678658,-59.562183,-59.445633,-58.42447,-57.404278,-57.119003,-56.834385
-32.722813,-32.786434,-32.850662,-32.39895,-31.947994,-32.215004,-32.481983
-102.148544,-103.524826,-104.90175,-104.34807,-103.79504,-103.54736,-103.30064
-25.21722,-25.670982,-26.125858,-25.853388,-25.580334,-25.40483,-25.230667
25.317673,26.229988,27.141718,27.49674,27.851086,27.616318,27.382812
-41.56405,-41.81017,-42.056904,-41.146038,-40.235806,-39.75668,-39.27744
1.83633,1.1608645,0.4852653,0.60270554,0.7201715,1.0793463,1.4392391
4.7258215,5.277255,5.828413,5.866866,5.905411,5.680249,5.4521575
45.52608,45.60124,45.676716,45.217777,44.75844,44.90611,45.052536
67.60988,68.31459,69.021065,69.07668,69.13109,69.112976,69.09381
40.810627,40.87299,40.934155,40.61569,40.29607,40.139202,39.9811
-37.3522,-37.660244,-37.96844,-37.960453,-37.952526,-37.579082,-37.20743
-4.28272,-4.5304165,-4.7801294,-4.951485,-5.1237087,-4.905129,-4.68633
-7.2105355,-6.829015,-6.4465947,-5.9736075,-5.501774,-5.0398965,-4.578919
-34.03537,-34.566216,-35.099083,-35.580036,-36.060043,-36.535355,-37.01113
-19.282923,-19.683548,-20.084846,-20.293642,-20.504194,-20.546295,-20.588556
-20.519114,-19.923193,-19.3258,-19.572933,-19.819235,-20.115923,-20.411642
-48.128044,-48.64901,-49.172432,-48.391407,-47.611744,-47.450626,-47.289867
32.5271,32.802906,33.078682,32.641586,32.203194,32.545433,32.88938
6.3881845,6.501484,6.613865,6.1316776,5.6520367,5.6804905,5.7095337
4.9448676,5.4658704,5.9873986,6.4600186,6.9320607,7.2691617,7.605704
-4.4848022,-4.4543495,-4.4241295,-4.332176,-4.2416115,-4.110771,-3.9799824
21.236973,21.169392,21.102013,20.542818,19.983175,19.967392,19.951466
10.316851,9.797717,9.277431,9.395189,9.511803,9.452583,9.391909
70.22126,70.623055,71.02543,70.90204,70.779274,70.98423,71.189476
-34.34079,-34.30411,-34.267452,-33.75331,-33.237896,-33.609905,-33.9816
-61.5162,-62.58226,-63.647366,-63.177784,-62.707306,-62.80364,-62.898643
51.445576,52.190456,52.933163,52.359802,51.786274,51.870754,51.954754
-15.137291,-15.055112,-14.973542,-14.751809,-14.531035,-14.721694,-14.91266
-17.94897,-17.51212,-17.073208,-17.00592,-16.93832,-16.267773,-15.598135
-47.95128,-48.527855,-49.104904,-49.27681,-49.450115,-49.238045,-49.025043
-8.116394,-7.9557786,-7.796086,-7.9237566,-8.051203,-7.8730893,-7.694164
76.65116,76.75571,76.860985,75.74221,74.62263,74.073,73.52553
78.0342,79.049484,80.065956,79.66861,79.27156,79.61466,79.95882
-43.139805,-44.37651,-45.610485,-45.531013,-45.4492,-45.688072,-45.92674
-21.279264,-21.44336,-21.605791,-21.243713,-20.883339,-20.889103,-20.894958
-67.83897,-68.65643,-69.473915,-69.1333,-68.79273,-69.12603,-69.4593
10.1620245,10.099499,10.038109,10.377199,10.7182865,10.713586,10.70848
25.743681,26.350384,26.957058,27.27719,27.595446,28.091553,28.58665
14.815095,14.691651,14.567496,14.566981,14.56516,14.488502,14.412082
56.782436,56.537,56.29169,55.648167,55.004833,54.997883,54.992214
-6.395146,-6.008055,-5.621943,-5.283486,-4.9438024,-4.764128,-4.5832505
37.554493,37.977154,38.40058,38.09142,37.782375,37.79313,37.80327
1.2381648,1.0831317,0.92765033,0.79523265,0.6634692,0.6376246,0.6113528
-27.312443,-27.603502,-27.896282,-27.610735,-27.325447,-27.460964,-27.597609
61.133728,61.501884,61.87024,61.581833,61.29414,61.371223,61.449265
-28.068394,-28.321009,-28.574524,-28.46274,-28.350374,-28.198019,-28.0462
4.251586,3.670501,3.0889058,3.4391265,3.7900684,3.6713479,3.55229
14.990864,14.854213,14.718597,14.778813,14.839293,14.701277,14.562871
29.904524,30.320728,30.738024,30.147715,29.55757,29.698856,29.840147
-7.6161537,-7.3920584,-7.168975,-7.0420036,-6.9167185,-6.8140945,-6.7091475
-6.2645273,-6.5641003,-6.863337,-7.4536276,-8.042702,-8.052057,-8.06048
-36.011314,-36.530872,-37.051174,-36.954453,-36.856426,-36.391563,-35.927876
-0.26187494,-0.01831605,0.22609161,0.6110432,0.99403787,1.5590308,2.121754
51.803406,52.437424,53.070724,53.22146,53.37004,53.808716,54.24955
122.00755,122.124054,122.24129,121.36316,120.485596,120.15422,119.82349
11.511943,12.503375,13.49379,13.531464,13.569955,13.757628,13.945858
68.222466,68.89343,69.565056,69.25934,68.95306,68.97114,68.98909
10.56703,10.037957,9.510177,9.416686,9.321962,9.236917,9.152462
-52.91685,-53.21782,-53.518677,-53.38705,-53.25538,-53.451427,-53.645866
3.1016293,3.2699275,3.440411,3.3740292,3.3077326,2.5747316,1.8411942
17.694403,18.556602,19.418285,19.282005,19.145144,18.864113,18.583923
22.703522,22.801908,22.900654,22.68084,22.461132,22.048038,21.635262
72.59455,73.07825,73.5625,72.515076,71.46549,71.38238,71.29888
77.98176,78.63905,79.29791,79.12937,78.96047,79.53782,80.113716
89.828224,90.15699,90.48508,89.30031,88.11477,87.56434,87.01429
-1.9000281,-1.6750239,-1.4490103,-0.989014,-0.5287007,-0.26364216,-6.538816e-06
69.76169,70.75845,71.75507,71.21095,70.66628,70.67924,70.69514
-1.651415,-1.8754088,-2.097496,-2.2061038,-2.3137379,-2.1864004,-2.0597625
-7.435232,-6.811799,-6.187082,-5.5158014,-4.8454843,-4.785083,-4.724982
41.22419,41.368046,41.51388,40.70693,39.900917,39.391575,38.88234
-6.975573,-6.375752,-5.776323,-5.1410775,-4.505393,-4.709209,-4.9148574
-21.20377,-20.961905,-20.71969,-20.188267,-19.656998,-19.25018,-18.842152
-21.882023,-22.173164,-22.464941,-22.203693,-21.943348,-21.875538,-21.806976
-2.3962414,-2.82035,-3.2433646,-3.4798262,-3.7158854,-3.7209399,-3.726085
-23.670618,-24.22252,-24.775412,-24.3847,-23.993944,-23.68526,-23.376398
20.088549,20.157703,20.227045,20.25538,20.283533,20.480804,20.678898
-0.20672818,-0.53606623,-0.86699504,-1.3746245,-1.881119,-2.4820387,-3.0853083
31.169231,30.83377,30.497913,30.05609,29.61355,29.40903,29.20655
7.9808865,8.693404,9.405685,9.725416,10.043509,10.150967,10.258757
-11.649572,-12.098318,-12.547171,-12.655883,-12.765644,-12.955011,-13.145361
33.535618,33.454956,33.375206,33.02633,32.67966,32.279488,31.878592
-5.5561857,-5.9447107,-6.3334684,-6.1524286,-5.9703455,-6.078925,-6.187495
85.46514,85.54977,85.63446,84.69729,83.76023,83.67103,83.58269
58.08606,58.54182,58.99761,58.543705,58.090073,58.143147,58.196804
56.270782,56.223915,56.178066,55.643238,55.108147,54.735954,54.364746
61.67751,60.837383,59.99683,59.283337,58.569046,58.539116,58.510437
-69.06883,-70.084335,-71.099655,-70.77642,-70.45428,-70.35625,-70.25841
48.902454,48.798748,48.694073,47.924202,47.154263,47.442932,47.734066
-5.478912,-5.296931,-5.116119,-4.433883,-3.7533376,-3.3676546,-2.980271
78.03662,78.7012,79.36457,79.27622,79.18949,79.09985,79.01249
30.09942,29.579565,29.059023,28.935452,28.811674,29.071228,29.330692
-9.281564,-9.279345,-9.278531,-9.778406,-10.281412,-10.285738,-10.291685
34.026524,34.12701,34.228413,33.41351,32.59883,32.530437,32.462093
49.25718,49.221336,49.18697,48.837154,48.48859,48.532497,48.57887
-51.732704,-51.471912,-51.21054,-50.406567,-49.602104,-49.590668,-49.580017
-2.4957607,-2.6362154,-2.7760313,-2.375497,-1.9742352,-1.924461,-1.8765646
-41.835228,-42.506935,-43.17947,-42.80612,-42.433197,-42.60198,-42.773212
6.5525174,7.1049175,7.658399,7.82441,7.9920588,8.105532,8.218978
7.5880795,8.129403,8.670875,8.834239,8.996008,8.341565,7.6851387
-2.6743948,-2.6917083,-2.7089198,-2.7700956,-2.8292902,-2.9640253,-3.095895
-108.342766,-108.34346,-108.34346,-107.142784,-105.94147,-105.70513,-105.47067
38.888298,39.489925,40.092,40.322277,40.55046,41.024372,41.496464
-62.0969,-62.07764,-62.059826,-61.94491,-61.82903,-62.356792,-62.883907
-47.534935,-47.627045,-47.7192,-47.435047,-47.151985,-47.069077,-46.988754
-10.920493,-11.745398,-12.570611,-13.294018,-14.017672,-14.542761,-15.068224
17.972801,17.677439,17.382475,16.509993,15.63801,15.901897,16.164658
75.6485,76.482574,77.3166,76.57918,75.84164,75.73738,75.63511
31.999311,32.412502,32.82643,32.979343,33.13238,33.15927,33.186092
34.838768,35.92771,37.015797,36.365936,35.71642,35.613445,35.510174
56.024147,56.29945,56.575,56.174244,55.773273,55.428295,55.082382
-32.14728,-32.134468,-32.12128,-31.777916,-31.433874,-31.539223,-31.6451
92.963455,93.90196,94.83965,94.40245,93.96343,94.29361,94.6239
2.2857888,1.5716422,0.85735637,0.33864623,-0.1790902,-0.22865742,-0.27880543
-63.22382,-63.564785,-63.90479,-62.958977,-62.01054,-61.730274,-61.450977
-19.614702,-20.163908,-20.712864,-20.6064,-20.500729,-20.026129,-19.552502
65.8802,66.10932,66.33858,65.8587,65.37917,65.167404,64.95747
14.488815,14.175706,13.862167,13.657485,13.452428,13.223167,12.99348
86.09445,85.82377,85.55268,84.932076,84.31195,84.51278,84.71284
-32.030754,-31.196678,-30.362656,-29.96299,-29.564304,-29.37284,-29.181578
37.25009,37.440193,37.63024,37.81626,38.00211,37.928192,37.853554
-15.619237,-15.916872,-16.216936,-16.101618,-15.986526,-15.91084,-15.834614
10.197572,9.942026,9.687399,9.266577,8.845979,8.714052,8.582302
47.6553,48.03973,48.423275,48.25809,48.092926,47.944378,47.7981
60.470585,60.615013,60.759384,60.53081,60.302265,59.86929,59.436363
-5.7902527,-6.1777105,-6.5649643,-6.0110784,-5.458391,-5.344852,-5.232718
-72.39987,-72.90246,-73.40571,-73.112564,-72.821014,-73.01013,-73.1995
-38.928913,-38.98779,-39.04867,-38.89286,-38.735752,-38.761353,-38.789284
31.465498,31.75985,32.054356,31.653728,31.253529,31.296707,31.340633
-27.213524,-27.57323,-27.932953,-28.039307,-28.147749,-28.174004,-28.201048
66.14883,66.82692,67.50465,66.72114,65.93701,66.038994,66.14283
-23.925512,-24.227942,-24.53195,-24.446505,-24.361506,-24.236162,-24.111055
-30.313585,-30.195759,-30.079468,-29.832602,-29.586023,-29.751999,-29.917091
-41.26619,-42.157722,-43.050987,-42.495586,-41.94043,-41.754463,-41.56843
14.871773,15.427787,15.984325,16.732601,17.47983,17.986584,18.490093
94.07168,94.65184,95.231445,94.93262,94.632706,94.93997,95.248474
62.46761,62.345383,62.22303,62.072655,61.922173,62.364338,62.804405
-18.722364,-19.08521,-19.448019,-19.380365,-19.313612,-19.332174,-19.35195
-68.746124,-69.54661,-70.34832,-69.662224,-68.97577,-68.98254,-68.987816
-23.127014,-23.502666,-23.879168,-23.576536,-23.273502,-23.473795,-23.675428
2.0813093,2.0864582,2.0910988,1.9955645,1.8994112,1.6725435,1.4458237
15.572254,15.797158,16.021126,16.166965,16.312002,16.35576,16.39804
-111.358246,-111.70044,-112.045296,-111.34758,-110.65115,-110.53941,-110.43058
13.463852,13.409021,13.353968,12.889875,12.426264,12.66243,12.89953
53.799633,54.17309,54.546284,54.63229,54.718464,54.953922,55.188305
15.922501,15.431957,14.940908,14.38103,13.82155,13.649261,13.478271
15.346013,15.552298,15.759879,15.4348755,15.108474,14.986472,14.863121
-11.547613,-11.458628,-11.371611,-11.7771845,-12.183804,-12.144104,-12.102356
-73.21692,-73.37353,-73.52969,-72.442245,-71.354355,-71.226814,-71.100845
11.678221,12.285801,12.893301,12.704506,12.514568,12.702065,12.88829
71.182365,71.12728,71.0739,70.35769,69.64131,69.69281,69.7464
0.37970656,0.58792037,0.7971508,0.716531,0.6344959,0.9718239,1.3082076
3.3354478,3.0984607,2.8606477,2.975122,3.0892782,3.0387912,2.9875946
-24.001896,-24.57555,-25.148632,-25.350975,-25.55119,-25.557043,-25.562174
8.243721,8.151577,8.060815,7.3398743,6.618835,6.2376533,5.8575487
-57.49218,-57.644333,-57.796764,-57.694942,-57.592804,-57.126118,-56.658398
-61.502502,-61.12542,-60.749462,-59.974884,-59.198868,-59.614697,-60.03028
-4.4399123,-4.0304136,-3.6208365,-3.5137365,-3.4075806,-3.3713439,-3.3331254
66.13939,66.68142,67.22383,67.19343,67.16343,67.13397,67.10454
-12.684649,-12.565675,-12.447797,-11.813561,-11.179505,-11.301057,-11.423152
36.344868,35.985302,35.624413,35.282818,34.941177,35.047962,35.155098
12.291097,12.358806,12.426736,12.47708,12.527398,12.334098,12.139972
-10.687141,-10.648977,-10.612448,-10.215436,-9.817914,-9.522156,-9.224825
-49.750843,-50.048447,-50.34605,-50.09813,-49.848854,-49.45082,-49.054913
42.292747,42.0405,41.78742,41.95995,42.13256,42.078056,42.024555
20.589615,20.371256,20.152388,19.735922,19.320591,19.101725,18.882555
16.834822,16.528887,16.223833,15.477275,14.729792,14.198645,13.670799
43.20726,43.15596,43.105225,43.04211,42.978123,43.049583,43.120926
-1.5930221,-1.4314468,-1.2694175,-1.0096824,-0.75050235,-0.48513868,-0.22112349
-61.126057,-61.353283,-61.58095,-60.71867,-59.857372,-59.62906,-59.401203
2.2131486,1.8753647,1.5367254,0.92678297,0.31625307,0.48204553,0.64899385
28.376095,28.383545,28.389973,27.999401,27.607092,27.153603,26.70134
13.522647,13.451746,13.379606,13.289994,13.201129,13.23581,13.271773
59.296295,59.06792,58.841522,57.921192,57.000343,56.994884,56.989555
-41.852665,-43.045544,-44.23865,-44.52281,-44.807804,-44.98547,-45.163044
9.7549715,10.013003,10.273628,9.870242,9.467757,9.378932,9.291434
102.83308,103.195656,103.55979,102.94451,102.328964,102.47602,102.62382
42.509346,43.045624,43.582546,43.067993,42.554394,42.620975,42.68816
-2.5019424,-2.5595543,-2.6164486,-2.444955,-2.2724893,-2.0130694,-1.7554119
8.293383,8.006748,7.719652,7.9975348,8.276013,8.209836,8.143542
-79.21703,-79.63845,-80.0605,-79.60232,-79.14268,-79.20637,-79.271545
1.0450486,0.84338224,0.64215887,0.55685604,0.47324884,0.39537036,0.31912792
37.174797,37.971306,38.769592,38.573875,38.37723,38.60486,38.83032
-3.7824235,-4.172213,-4.5602965,-4.974801,-5.3889723,-5.2593255,-5.1313877
-41.076084,-40.441036,-39.806885,-39.000084,-38.19297,-38.486908,-38.78295
-1.8301839,-2.2446012,-2.660026,-3.0206485,-3.3825474,-3.1286035,-2.8741722
73.264175,73.22912,73.19352,72.42754,71.66174,71.98049,72.29838
73.10375,72.83511,72.56679,71.68736,70.8089,70.24037,69.67379
61.91794,61.931156,61.944557,61.324467,60.70445,60.69089,60.679585
-4.705796,-4.596296,-4.4861836,-4.593021,-4.7002482,-4.5931163,-4.4877257
7.6500263,8.275366,8.899729,8.868142,8.836119,8.669495,8.503992
90.2929,90.842705,91.3925,90.71292,90.034706,90.14005,90.24726
-46.751656,-47.275093,-47.797977,-47.594093,-47.391533,-47.23941,-47.088326
-19.987312,-20.644606,-21.302515,-21.119322,-20.936205,-20.826035,-20.717596
41.632717,42.051346,42.469837,42.392487,42.31557,42.50671,42.697445
1.6169809,1.8468302,2.0773826,2.1278942,2.1782827,2.228264,2.2779126
21.993988,21.8647,21.735315,21.11656,20.498436,20.574198,20.649576
33.370888,33.53711,33.704735,33.120296,32.53404,32.50944,32.483635
43.780422,44.421158,45.06055,44.820034,44.577583,44.436825,44.295197
34.64218,34.607468,34.572258,34.63202,34.6939,34.678223,34.66102
-63.48468,-63.45025,-63.41545,-63.15107,-62.888824,-62.952225,-63.01648
-2.7600174,-3.1298761,-3.5016403,-2.9891663,-2.4774656,-1.7855997,-1.0943909
6.978793,8.187525,9.397757,9.917363,10.435943,10.700587,10.9648485
17.00329,17.170237,17.3376,17.30022,17.26292,17.302883,17.342201
-88.91787,-89.3365,-89.75521,-88.765015,-87.77431,-88.04338,-88.31404
-34.406673,-35.134247,-35.862896,-36.230747,-36.60015,-37.124077,-37.648243
87.604996,87.47805,87.34856,86.592834,85.837456,85.30868,84.779205
81.82258,82.178215,82.53381,81.453896,80.373184,80.2053,80.03751
-0.3611393,-0.54703045,-0.73362255,-0.14535141,0.44193935,0.3725853,0.30072212
46.129658,46.314514,46.499912,45.796417,45.093994,44.96174,44.828293
10.974691,10.829333,10.682986,11.248218,11.811705,12.25369,12.698254
20.09538,20.358637,20.619556,20.114614,19.609509,19.066477,18.522993
-19.783442,-19.971087,-20.159895,-20.242472,-20.326601,-20.922806,-21.51862
-100.48767,-100.14869,-99.810455,-99.05431,-98.29808,-98.3242,-98.35249
8.567165,8.52826,8.489007,8.725304,8.961641,9.115579,9.268517
-21.585056,-22.330053,-23.074707,-23.01714,-22.958712,-23.237118,-23.51616
-111.24366,-111.88451,-112.52611,-111.257095,-109.9888,-109.828255,-109.66708
-68.190765,-68.729546,-69.26838,-68.72848,-68.18828,-68.10878,-68.030716
32.346954,32.937943,33.52787,33.545803,33.56427,34.029236,34.49455
-71.97045,-72.336754,-72.70277,-72.41423,-72.12713,-72.70429,-73.28442
19.054905,20.011505,20.967768,21.478815,21.988972,22.256983,22.523697
70.3362,70.24751,70.16019,69.62443,69.08739,68.66852,68.24814
-2.4399545,-1.553347,-0.66708744,-0.54247844,-0.41798958,-0.09512077,0.2272078
-41.65939,-41.891956,-42.126186,-42.15674,-42.18749,-42.413494,-42.64088
15.235292,14.470424,13.705421,13.013197,12.321806,12.110583,11.901539
-4.7182536,-4.356842,-3.9944615,-3.1314526,-2.2686634,-2.3064213,-2.344821
34.3319,33.946083,33.559933,33.01303,32.46733,32.621513,32.777615
-76.48053,-76.55668,-76.633736,-75.57048,-74.50781,-74.03447,-73.56053
15.119939,15.903604,16.686409,17.122622,17.55791,17.819685,18.079762
-33.051273,-33.884083,-34.717934,-34.92058,-35.123955,-35.22312,-35.321766
-33.459522,-34.107384,-34.75469,-34.70042,-34.64671,-34.27484,-33.90397
-68.63415,-68.24846,-67.86265,-66.741425,-65.62031,-65.55254,-65.48528
47.507904,47.647102,47.786358,47.141865,46.496815,46.691566,46.88513
-51.502056,-51.723167,-51.94411,-51.617805,-51.290573,-51.713005,-52.13548
80.03255,80.54487,81.05899,80.38679,79.71493,79.33822,78.96145
16.41776,16.899797,17.381495,17.731598,18.07988,18.474205,18.868677
50.12731,50.700798,51.274235,50.647484,50.02029,49.83817,49.656837
46.024506,46.571186,47.11778,46.66433,46.210693,46.445305,46.680428
-23.26921,-22.791208,-22.312504,-22.310154,-22.305836,-22.476881,-22.647144
48.049694,48.224255,48.39876,47.912777,47.427647,47.41029,47.393932
-61.661858,-62.304386,-62.949543,-62.48125,-62.013897,-62.14854,-62.2835
-30.868958,-31.409794,-31.95163,-32.071144,-32.191452,-32.095543,-32.0013
28.969315,29.318325,29.66792,29.133446,28.598806,28.415142,28.231838
-14.419219,-14.3824625,-14.343182,-14.25989,-14.17475,-14.492865,-14.809815
82.35234,82.65462,82.9568,82.14331,81.328445,80.734604,80.14432
3.1619627,2.8726523,2.5828183,1.8045706,1.0273432,0.57300216,0.12023291
4.3289695,4.2148733,4.1022935,4.329977,4.5571575,4.6640143,4.769019
-1.2601845,-0.8481729,-0.4363935,-0.06443381,0.30709434,0.36503816,0.42100883
67.53742,67.527885,67.51923,66.82855,66.13548,65.789116,65.44375
6.3478794,6.1389484,5.9293995,6.057535,6.1853447,6.1667957,6.1466866
-34.806396,-35.22341,-35.64048,-35.220768,-34.801964,-34.492577,-34.18525
90.592064,90.970634,91.349915,90.483284,89.616035,89.008194,88.4023
-10.812141,-10.595825,-10.379555,-10.166045,-9.952932,-9.706715,-9.461874
45.474316,45.34954,45.223812,44.572765,43.921055,44.008083,44.094463
37.683826,37.37753,37.071007,36.28676,35.50353,35.240746,34.978893
-18.020788,-18.82819,-19.63592,-19.671072,-19.704494,-19.768944,-19.833284
19.75158,19.696001,19.641233,19.360382,19.079632,19.070799,19.06196
36.28915,36.319912,36.350346,36.0729,35.79589,35.726875,35.657253
-67.49327,-67.23351,-66.97331,-66.27593,-65.576904,-65.62009,-65.665825
41.832333,41.482483,41.13295,40.884087,40.633762,39.8201,39.005524
-6.447559,-6.662606,-6.875381,-6.5991874,-6.322024,-6.499328,-6.6759973
-9.051522,-8.750199,-8.449554,-8.341479,-8.234754,-8.265641,-8.297297
-6.041529,-6.820317,-7.598224,-8.077012,-8.556851,-8.537563,-8.518511
3.9171824,4.630933,5.3438463,5.9342585,6.525199,6.58472,6.6441708
13.6002445,13.104104,12.608819,12.313121,12.016366,12.235603,12.457572
-23.933506,-23.853567,-23.776152,-22.61102,-21.44366,-20.985857,-20.526918
12.106793,11.656096,11.203807,11.348265,11.493953,11.858191,12.223312
-13.43339,-13.286482,-13.1391535,-13.324497,-13.51063,-13.605043,-13.699802
9.578265,10.216298,10.856485,10.9394455,11.022184,10.9582,10.89728
-71.173775,-71.86246,-72.55229,-71.931885,-71.311516,-71.246544,-71.18173
-9.826298,-9.975995,-10.126459,-10.456534,-10.78637,-10.692821,-10.600158
9.744037,9.8668585,9.990665,9.772476,9.554095,9.501042,9.447418
-12.348666,-12.491771,-12.634841,-12.956466,-13.278413,-13.163089,-13.0492525
-45.28091,-44.900948,-44.519756,-44.031693,-43.5448,-43.605545,-43.666256
39.97729,40.45017,40.922916,40.12201,39.322174,39.048843,38.775505
95.61251,96.238884,96.86568,96.08001,95.295494,95.18596,95.07642
-65.01185,-65.64885,-66.28551,-65.65696,-65.02668,-64.924995,-64.82376
-33.1137,-33.90357,-34.695213,-34.716236,-34.735466,-34.460823,-34.18582
-73.76113,-74.565926,-75.37179,-75.21673,-75.06222,-75.19531,-75.32965
4.377074,4.5899982,4.8007193,4.4100194,4.0168986,3.9527013,3.8879583
-46.553074,-46.77822,-47.002556,-46.24427,-45.485092,-45.491425,-45.497448
5.2853055,5.7121825,6.1395965,6.1316876,6.1255593,6.1821275,6.238005
-52.307438,-51.625973,-50.94372,-50.282623,-49.62112,-49.68891,-49.75899
-41.975883,-42.38704,-42.797165,-42.061214,-41.323746,-41.237827,-41.152164
-52.410236,-52.99406,-53.5781,-53.447083,-53.3146,-53.562717,-53.80938
-39.539158,-39.22648,-38.914932,-38.422325,-37.93031,-38.335617,-38.742157
-20.707859,-20.005463,-19.30283,-19.06513,-18.827702,-18.73403,-18.640999
8.389002,8.238147,8.0873785,7.7941885,7.5004854,7.420647,7.341981
65.19774,65.87262,66.54838,66.31058,66.07249,66.21563,66.35928
20.435595,20.870014,21.302158,21.081005,20.858786,20.735357,20.61298
63.00507,63.581543,64.15743,63.522717,62.888165,62.63814,62.388065
92.42346,92.60051,92.77775,92.31217,91.846016,91.203316,90.55923
67.805275,68.20341,68.603455,68.18093,67.75861,67.5201,67.28368
-55.8979,-56.368366,-56.839027,-56.31108,-55.783176,-55.69253,-55.601543
-29.039549,-29.051682,-29.063848,-28.640383,-28.216988,-28.228514,-28.241062
-3.3764415,-2.644134,-1.9100622,-1.4784378,-1.0467237,-0.96320575,-0.8785357
-46.40376,-46.2188,-46.031742,-44.57276,-43.11148,-42.55061,-41.99134
66.81789,67.430305,68.04374,67.48606,66.92794,67.2286,67.527954
-42.00391,-41.48869,-40.97211,-40.420513,-39.869625,-39.1938,-38.518
-35.002342,-35.30742,-35.61225,-35.26504,-34.917137,-35.176594,-35.436867
0.6903192,0.6182295,0.5467583,0.8768827,1.206514,1.277495,1.3489281
-4.6944766,-4.344768,-3.994377,-3.1116712,-2.228689,-1.9821774,-1.7353016
-4.8901396,-5.2408686,-5.592188,-5.7840624,-5.974513,-6.139127,-6.305978
26.82679,26.34305,25.8607,25.08587,24.311367,24.253304,24.195364
56.31588,57.31828,58.320312,57.848576,57.37776,57.33934,57.301258
-61.629677,-61.184494,-60.739887,-59.782597,-58.824875,-58.532017,-58.239437
-35.584396,-35.813156,-36.040638,-35.418465,-34.79846,-34.870567,-34.94229
-117.653015,-118.48264,-119.31341,-118.39126,-117.46959,-117.345314,-117.221954
16.538094,17.016674,17.494894,17.654713,17.815012,17.753296,17.691881
-0.66539866,-0.89546686,-1.1234351,-1.2680713,-1.4119865,-1.5264465,-1.6395465
-20.970057,-20.830677,-20.691093,-20.186901,-19.682987,-19.778217,-19.870007
1.459354,1.7587181,2.0565429,1.9223562,1.7860199,2.0978456,2.408856
-1.1411419,-1.2206025,-1.3005486,-1.4245598,-1.5474701,-1.2924209,-1.0379896
-4.5104403,-4.7021036,-4.896013,-4.923091,-4.9499984,-5.2689548,-5.588944
-29.410074,-29.23121,-29.053188,-28.739689,-28.426533,-28.048761,-27.669859
-46.578484,-47.230186,-47.881443,-48.177433,-48.474342,-48.81872,-49.164913
42.43629,42.359093,42.280605,41.86374,41.447063,41.08636,40.72768
-79.709496,-80.91012,-82.110115,-81.60013,-81.08998,-81.51768,-81.94555
-104.42985,-105.205376,-105.98017,-105.5745,-105.16781,-105.64185,-106.116486
1.4100007,1.7122267,2.0132446,2.8900747,3.7667217,3.5840511,3.4004593
23.402315,23.744762,24.086384,24.334826,24.584894,24.50167,24.418293
33.552425,33.918877,34.284527,33.965305,33.645218,33.479275,33.314342
26.617302,25.786854,24.957611,24.103033,23.248201,22.663754,22.080452
7.76772,7.683913,7.6006393,6.76635,5.931586,5.7088223,5.486812
-58.995895,-59.736183,-60.4747,-59.68208,-58.889732,-58.94185,-58.994858
77.50658,77.02131,76.53674,75.76982,75.00271,75.12296,75.24503
-66.935974,-66.98927,-67.043015,-66.213394,-65.38409,-65.152466,-64.91959
-54.776863,-55.20357,-55.63082,-55.329426,-55.02766,-54.975124,-54.921764
28.796148,28.713133,28.62963,28.39892,28.16856,27.746027,27.323353
-26.817022,-27.111973,-27.405977,-27.246023,-27.085207,-27.563501,-28.043837
-47.682194,-48.130394,-48.577488,-48.031036,-47.485027,-47.23072,-46.978436
-45.903263,-45.750736,-45.59778,-45.08926,-44.579662,-44.794582,-45.009068
34.434082,33.954983,33.477997,33.334835,33.192646,33.14966,33.10718
24.00147,23.66587,23.330242,23.169518,23.008892,23.032204,23.056885
-36.409103,-37.177418,-37.94447,-37.516422,-37.08814,-37.30126,-37.511925
3.4210653,3.904611,4.3878145,4.6248713,4.861971,4.46281,4.061629
44.041313,44.04802,44.05477,43.66517,43.275097,43.5184,43.762615
-6.2946854,-5.6128864,-4.9307585,-4.837946,-4.7444,-4.3575916,-3.971636
7.653899,8.124281,8.596119,7.993209,7.3907504,7.535814,7.681607
6.664967,6.774863,6.8843274,7.481172,8.076623,8.192031,8.3057995
78.525894,78.471466,78.41603,78.00139,77.58754,77.138664,76.68948
1.4705528,0.8126539,0.15391767,-0.1480385,-0.45024168,-0.19842017,0.052898765
123.835266,123.602486,123.368614,122.38465,121.401436,121.17914,120.95902
38.855278,39.199455,39.54225,39.439575,39.335938,39.511986,39.68696
-18.025066,-17.722368,-17.418922,-17.662704,-17.904385,-18.087267,-18.271091
22.736763,23.172188,23.606903,23.444973,23.281225,23.008724,22.735218
-50.759586,-51.17228,-51.585876,-50.81112,-50.03696,-49.697876,-49.359325
22.66252,22.774298,22.886143,23.128986,23.371645,23.885231,24.400328
-4.7126327,-4.2864738,-3.859474,-4.017431,-4.1734366,-4.5811534,-4.9873996
12.459552,12.13533,11.810761,11.078931,10.346605,9.94755,9.549537
-19.956852,-20.060396,-20.163593,-20.317535,-20.472034,-20.141918,-19.811579
48.845497,48.481464,48.11911,47.359165,46.59971,46.190956,45.78195
-22.061058,-22.31573,-22.56978,-22.595247,-22.620533,-22.764618,-22.910254
50.57959,51.35308,52.125977,52.37848,52.62864,52.622356,52.61425
-1.1089576,-1.1215023,-1.134972,-1.0504287,-0.96382844,-1.1101354,-1.2559904
-31.131557,-31.827562,-32.522125,-32.481697,-32.441822,-32.772392,-33.10364
7.478471,7.759982,8.040858,8.180083,8.318585,8.138189,7.9563265
-26.990387,-27.446812,-27.900944,-27.563759,-27.224693,-27.050354,-26.874199
-8.072614,-7.677552,-7.2816424,-7.002609,-6.7241473,-7.0251546,-7.3250213
58.591423,59.31506,60.039604,59.4022,58.76491,58.768963,58.773228
-89.545494,-90.3587,-91.17375,-89.841034,-88.50779,-88.00581,-87.50629
-8.356712,-8.246832,-8.134775,-8.307941,-8.482122,-8.5439205,-8.605827
-40.562065,-40.270447,-39.978783,-39.32486,-38.67037,-38.7205,-38.771915
47.81141,48.061707,48.311123,48.053402,47.795986,47.562412,47.327972
31.444832,31.42248,31.400194,31.326208,31.2512,31.025019,30.800947
15.842396,16.41024,16.977495,16.85402,16.731644,16.679834,16.6273
33.39416,33.133034,32.872086,32.323505,31.773745,31.57211,31.37166
13.147999,12.401857,11.656047,11.539039,11.422938,11.237903,11.056089
102.2178,102.7041,103.1906,102.18404,101.17862,100.93588,100.696106
-61.118954,-60.723026,-60.328217,-59.362534,-58.396046,-58.371284,-58.346268
-71.893234,-71.94454,-71.99792,-71.18811,-70.378525,-70.11356,-69.850075
58.03642,57.8522,57.668766,56.77965,55.889225,55.328457,54.767925
-20.967567,-21.715939,-22.464539,-22.472263,-22.479696,-22.519001,-22.557907
97.322845,97.170074,97.017975,96.43561,95.85403,95.47514,95.09823
37.113827,36.863277,36.61274,36.119843,35.62649,35.349213,35.070087
-22.822926,-22.678568,-22.533392,-22.113903,-21.695261,-21.492111,-21.29051
128.9434,129.9135,130.88448,129.60365,128.32481,128.2243,128.12514
-76.8623,-77.29407,-77.725624,-77.02682,-76.328354,-75.84937,-75.37119
41.363297,41.502228,41.642673,41.10526,40.566742,40.492794,40.419266
63.07595,63.35782,63.64016,63.39958,63.159836,63.336136,63.513443
43.223507,43.722355,44.221172,44.139843,44.058105,43.750328,43.44258
-9.524653,-9.959431,-10.393886,-10.47725,-10.559937,-10.682013,-10.805519
-35.01576,-35.57515,-36.133896,-36.105816,-36.07848,-36.256615,-36.436348
-11.882914,-11.856954,-11.829504,-11.260219,-10.69022,-10.858357,-11.025645
3.9859462,4.023208,4.0601115,4.1630397,4.2660937,4.24287,4.2194476
45.196587,44.63636,44.076607,43.365326,42.654545,42.778587,42.90256
43.31574,44.684067,46.05317,46.191517,46.328636,46.68342,47.036587
-26.659607,-27.590794,-28.524115,-28.919733,-29.314775,-29.493347,-29.670082
9.465423,9.537989,9.610516,9.568917,9.5277195,9.540959,9.555867
13.602251,13.576528,13.551729,13.010572,12.470411,12.391593,12.313597
-7.9396887,-8.502446,-9.063056,-9.176117,-9.288774,-9.175273,-9.060779
10.529948,10.612497,10.695188,10.754094,10.813468,10.995372,11.178412
-32.84289,-33.10798,-33.37262,-33.04136,-32.709114,-32.672356,-32.63554
-70.56406,-71.068054,-71.57354,-70.9281,-70.28151,-69.99546,-69.71036
1.5498912,1.5676095,1.5858486,1.3523042,1.1175973,0.77708507,0.43737963
-62.49997,-62.601334,-62.703613,-61.742584,-60.780487,-60.722893,-60.66682
-24.643839,-24.745123,-24.84544,-24.692205,-24.537508,-24.817427,-25.096949
-8.473839,-8.194519,-7.9147506,-8.15904,-8.403435,-8.731958,-9.059996
28.155943,28.60572,29.057352,28.353523,27.648617,27.77855,27.908983
15.524813,15.062048,14.5991955,14.547788,14.49647,14.601963,14.70765
-21.098719,-20.249903,-19.401745,-18.66434,-17.92721,-17.56275,-17.198477
54.27424,55.183685,56.09379,56.019554,55.9461,55.986988,56.029476
86.99186,87.54401,88.094864,87.98705,87.879745,88.1716,88.46403
21.781172,21.598253,21.416344,21.18271,20.951654,20.419071,19.886889
8.536403,8.497538,8.457691,8.8341055,9.21051,9.171654,9.132131
-48.90437,-49.235733,-49.566837,-48.95528,-48.3437,-48.609184,-48.87526
3.6856549,3.7757838,3.8665154,3.8199923,3.7733347,4.068366,4.3642855
-22.357527,-23.033037,-23.708735,-23.695345,-23.681898,-24.312836,-24.941675
4.9986067,5.495219,5.9924355,6.2550783,6.5180616,5.4405684,4.3625355
5.193842,5.371484,5.5491457,5.9813185,6.4127626,6.861639,7.310322
7.2243056,7.8478084,8.472368,8.479779,8.486765,8.302929,8.119931
-78.21334,-78.54098,-78.86856,-77.7697,-76.67219,-76.35821,-76.04586
9.732982,10.157921,10.581771,10.822973,11.063266,11.733857,12.404879
54.22763,54.412422,54.598244,54.17449,53.752388,53.37093,52.990883
21.862478,21.960932,22.060509,22.079031,22.098242,22.285955,22.472837
-30.08288,-30.233484,-30.38479,-29.955742,-29.523855,-29.049345,-28.572226
11.516645,11.952744,12.388462,11.86171,11.334959,11.610937,11.887651
27.619886,27.956976,28.293896,27.849709,27.404417,26.779255,26.15539
-3.802149,-3.877681,-3.9514651,-3.7560296,-3.5621104,-3.4141543,-3.2663178
-31.277464,-31.285131,-31.290573,-30.750763,-30.211937,-30.440413,-30.668264
26.798527,27.238745,27.679459,27.945478,28.21145,28.426685,28.641186
21.717821,21.234077,20.750778,20.364159,19.977036,20.126598,20.27569
-2.6053908,-2.3469565,-2.087561,-2.2915194,-2.4950335,-2.2655146,-2.0360167
-37.35236,-38.04975,-38.74738,-38.669254,-38.58984,-38.773975,-38.957657
24.175621,24.094992,24.013885,23.2938,22.574371,22.447792,22.320555
-27.289,-27.262945,-27.238024,-27.092354,-26.945864,-26.396612,-25.847668
14.1308,14.522007,14.91361,14.6551075,14.398158,13.66318,12.927584
1.733894,1.7432925,1.7530028,1.9089218,2.0658526,2.345759,2.6261878
-39.024387,-39.032978,-39.038944,-38.265114,-37.489693,-37.340164,-37.190006
3.0463934,3.3609762,3.6763916,3.7883139,3.900138,4.2435646,4.5885143
52.699467,53.01219,53.3241,53.10165,52.877724,52.667908,52.45812
-38.25084,-38.44066,-38.63085,-38.28445,-37.937943,-37.726364,-37.51619
-24.649733,-24.270983,-23.892218,-23.471758,-23.049252,-22.49005,-21.932438
-13.823995,-14.110916,-14.399037,-14.509813,-14.620347,-14.573985,-14.528552
-28.9696,-28.252523,-27.5343,-27.703468,-27.870691,-28.555136,-29.238998
-0.51930666,-0.14995527,0.21815443,0.39502668,0.5703912,0.5670142,0.5632119
-20.02851,-20.03925,-20.050972,-20.470556,-20.890612,-20.82843,-20.767076
-126.46139,-126.443634,-126.42599,-124.55656,-122.68728,-122.49719,-122.310616
-72.11963,-72.19137,-72.26185,-72.0702,-71.8779,-71.65479,-71.43433
-1.3682641,-1.6286205,-1.8899835,-1.851879,-1.8147086,-2.233816,-2.6511405
46.902885,47.26433,47.626663,47.247154,46.86832,46.645218,46.42271
61.08272,60.8257,60.56781,60.194168,59.821033,59.948986,60.077957
-17.182907,-16.781336,-16.379618,-16.341429,-16.302176,-16.190554,-16.08067
18.988403,19.363842,19.740437,19.631683,19.52182,19.85916,20.19537
28.495485,28.03511,27.574362,28.34135,29.109978,29.438433,29.766115
1.0843213,1.4025166,1.7201359,1.9272702,2.1321461,2.2044156,2.2761738
-39.01483,-39.742302,-40.4685,-40.381203,-40.294384,-39.881214,-39.468445
-44.655758,-44.399788,-44.145798,-43.051315,-41.95716,-41.85398,-41.75314
-22.682896,-22.284882,-21.887709,-21.435413,-20.98362,-21.299944,-21.615627
-3.5133286,-3.2376442,-2.9615917,-2.525154,-2.087183,-2.230692,-2.3755665
25.153687,24.981445,24.809803,24.36574,23.920614,23.527163,23.134157
-27.81344,-28.399967,-28.987312,-29.244417,-29.500483,-30.006136,-30.513208
35.523678,35.67506,35.82771,35.68704,35.545288,35.078175,34.611675
-19.636173,-19.393694,-19.152338,-18.45856,-17.765547,-17.209053,-16.652536
3.1679606,3.1895375,3.208816,3.8826823,4.558307,4.659056,4.7605014
44.117195,44.84621,45.573963,45.053528,44.533188,44.933174,45.332024
-8.8314705,-8.24214,-7.6521487,-7.540912,-7.4285693,-7.58979,-7.75085
-110.006805,-110.47385,-110.941154,-110.04346,-109.14511,-109.673935,-110.20325
5.4768586,5.305262,5.1329236,4.415673,3.6984184,3.264466,2.8324306
94.978966,95.36807,95.756714,94.61633,93.47573,93.438126,93.40334
38.950695,39.153297,39.356075,38.854733,38.352623,38.57502,38.795914
-48.119816,-48.916855,-49.71441,-49.249607,-48.781982,-49.040974,-49.297478
27.97902,28.091719,28.205303,27.618124,27.030443,26.903582,26.77783
-28.464962,-28.533669,-28.602236,-28.462831,-28.322767,-28.127235,-27.930763
43.078835,43.32322,43.566353,44.19362,44.82192,45.521122,46.21984
21.604712,21.225409,20.846361,20.046324,19.246128,19.049585,18.856596
-81.10898,-81.24265,-81.376205,-80.09566,-78.813995,-78.95163,-79.08961
100.95417,101.40909,101.86499,101.21746,100.570724,100.589935,100.611404
-120.947495,-120.844055,-120.74028,-119.35258,-117.963875,-117.773705,-117.58386
-5.2152386,-5.555832,-5.897403,-6.223591,-6.5511966,-6.498553,-6.4463778
-10.088908,-9.936095,-9.784707,-9.759889,-9.73529,-9.991784,-10.250286
13.082751,13.112678,13.143077,13.294498,13.445212,13.854292,14.260505
-30.837717,-30.729345,-30.620008,-30.805403,-30.991142,-31.266415,-31.542866
71.65161,72.15158,72.65083,72.1987,71.74781,71.7526,71.757965
-34.127644,-33.758106,-33.390926,-32.111145,-30.830017,-30.366589,-29.90485
-130.92914,-131.7232,-132.51646,-131.82837,-131.13907,-130.88501,-130.63083
-64.369995,-64.89388,-65.418396,-64.61613,-63.813484,-64.14652,-64.48001
-6.0819783,-5.705414,-5.328579,-5.0490856,-4.7690725,-4.7242517,-4.6790533
29.21885,29.625515,30.032076,29.756666,29.480366,29.579685,29.679491
12.449819,12.570183,12.691039,12.7373295,12.783475,12.838729,12.894652
-13.25789,-13.035091,-12.811415,-12.12508,-11.438175,-11.115488,-10.795349
13.046351,13.550919,14.056891,14.353807,14.651722,14.935477,15.217571
-62.985462,-63.32358,-63.66331,-63.10391,-62.5452,-62.49438,-62.443443
39.6517,39.627895,39.60584,39.379696,39.15425,38.886097,38.619278
34.471138,34.858868,35.247368,35.198147,35.148598,34.839977,34.529568
70.84836,70.90084,70.95373,70.172806,69.39138,69.171364,68.952484
-39.60976,-39.820328,-40.031643,-40.013412,-39.99554,-39.788586,-39.58292
-44.483665,-44.26517,-44.047253,-43.48425,-42.92113,-43.155697,-43.389927
-59.642796,-59.83043,-60.019253,-59.072063,-58.12471,-58.09319,-58.0591
60.56136,61.373623,62.185493,60.629395,59.07301,58.939243,58.806507
-37.006073,-36.669483,-36.332058,-36.0321,-35.73257,-35.626606,-35.522583
-49.0878,-49.077194,-49.067642,-48.90573,-48.743004,-48.75293,-48.761528
-119.6572,-120.48257,-121.3091,-120.82499,-120.34284,-120.77175,-121.20022
51.01692,51.606266,52.196617,52.09534,51.994873,51.738632,51.48205
-35.39212,-35.385113,-35.376556,-35.07666,-34.77523,-34.9208,-35.065556
-46.782787,-46.44116,-46.10002,-44.483433,-42.86761,-41.894413,-40.922108
49.08027,48.755165,48.42862,48.135174,47.841026,47.68463,47.530045
13.103602,13.816614,14.52894,14.850846,15.174209,15.381023,15.587581
-26.375292,-26.547897,-26.718714,-26.269316,-25.820389,-25.797392,-25.772741
-17.18648,-17.175058,-17.165636,-16.824331,-16.483213,-16.373343,-16.262686
59.289787,59.408817,59.529236,58.642124,57.75684,57.66951,57.58188
-3.416974,-3.7046866,-3.9916887,-4.225938,-4.460994,-4.9642935,-5.469274
-7.290799,-7.274971,-7.26023,-7.4931316,-7.725811,-8.063418,-8.398702
14.540189,13.862847,13.186937,12.68738,12.187435,11.805193,11.420132
-10.356648,-10.444337,-10.532299,-10.492102,-10.450437,-10.616269,-10.78199
-0.6196017,-0.72944593,-0.8423033,-1.0622644,-1.283154,-1.8103523,-2.3368683
6.6812997,6.8731694,7.0647454,6.693043,6.322102,6.6273675,6.932135
6.0606546,5.463024,4.86596,4.3520775,3.8372407,4.1258216,4.4160824
76.92754,77.82143,78.71606,77.90101,77.086586,77.09512,77.10267
-12.786318,-13.570396,-14.353407,-14.227306,-14.100479,-14.279339,-14.4575
-91.77045,-92.18332,-92.59591,-92.02896,-91.461716,-91.93256,-92.40531
-7.8813357,-7.7036796,-7.525414,-7.295053,-7.0660815,-6.5136237,-5.962664
-5.964479,-5.636373,-5.307613,-5.368606,-5.4299884,-5.3431716,-5.2573543
18.316504,18.490023,18.662539,18.59685,18.530308,18.547985,18.567236
24.56223,24.707188,24.849342,24.569483,24.28987,24.025356,23.759914
-10.476714,-10.313219,-10.149516,-9.153706,-8.158749,-7.7706666,-7.382441
-15.72806,-15.707542,-15.687394,-15.13783,-14.586863,-14.32389,-14.061192
-43.942505,-44.40928,-44.875908,-45.111107,-45.347065,-45.277576,-45.20775
38.99924,38.00632,37.01287,36.217007,35.42118,35.512505,35.60506
86.388954,86.6596,86.93114,85.86444,84.79786,84.55293,84.30749
52.399952,52.296326,52.193344,51.841537,51.489662,51.38556,51.283077
32.044956,31.658552,31.273174,30.881115,30.490004,30.79472,31.100744
-11.706223,-11.5926,-11.479949,-11.025169,-10.5711355,-10.610542,-10.649865
-8.570191,-8.190069,-7.812157,-7.328022,-6.843011,-6.490333,-6.139608
2.0078223,1.1942304,0.3819717,0.3021501,0.22226176,0.7167095,1.2115883
-12.181309,-11.631555,-11.083672,-10.243303,-9.4039755,-9.01537,-8.627358
-78.12544,-78.48157,-78.83891,-78.54229,-78.24643,-78.07006,-77.89373
-21.161716,-21.176193,-21.189327,-20.892008,-20.593454,-20.459145,-20.32457
-0.29487383,-0.030244472,0.23496854,0.59639776,0.9588932,0.8365463,0.71327436
13.382776,13.401222,13.418993,13.1176815,12.816884,12.7745075,12.730808
-3.7970514,-3.683695,-3.5695584,-4.0575776,-4.545233,-5.081124,-5.6167607
-0.56402445,-0.6628499,-0.7632556,-0.96792173,-1.1721473,-1.0755706,-0.97863054
-77.43089,-77.78782,-78.14534,-76.871155,-75.59703,-75.405174,-75.212746
22.474524,22.148956,21.823006,21.324,20.824999,20.385376,19.945168
40.777447,40.365574,39.953976,39.462856,38.97178,38.886013,38.801723
-10.666013,-10.693575,-10.722203,-10.55745,-10.392847,-10.341727,-10.289125
8.802392,8.642078,8.481931,8.438287,8.393416,8.791962,9.191239
-49.541733,-49.713127,-49.884315,-49.286156,-48.68775,-48.798466,-48.908665
4.90593,4.585008,4.2645974,3.4844966,2.7053752,2.8583922,3.012236
-5.4769325,-5.951619,-6.4274282,-6.3233747,-6.2190027,-6.214776,-6.2092524
-19.048546,-19.264435,-19.478373,-19.71972,-19.9619,-20.227926,-20.494549
-44.507694,-44.655838,-44.802074,-44.286373,-43.77106,-44.023804,-44.2798
25.249708,25.21946,25.189804,24.713253,24.235783,24.155064,24.075068
61.974255,62.33385,62.69315,62.45755,62.22175,62.160126,62.099068
-70.43994,-70.81499,-71.18842,-70.94662,-70.70384,-70.66177,-70.62216
2.7149193,3.1532366,3.5918653,3.1431425,2.6933205,2.9485247,3.20488
0.3060068,0.6298069,0.95193326,0.63505304,0.31808174,0.45093668,0.5831045
-100.02395,-100.572014,-101.120895,-100.000404,-98.88082,-99.02884,-99.17625
-41.021038,-41.673763,-42.326305,-42.435642,-42.5453,-43.087822,-43.63218
34.271294,34.165085,34.059647,34.00983,33.959846,33.686035,33.41214
14.721486,15.278302,15.835819,15.538787,15.242018,15.172092,15.103074
-28.238174,-27.547714,-26.856636,-26.091057,-25.324825,-25.515339,-25.70604
-24.025175,-24.312466,-24.59871,-24.769157,-24.940332,-25.150955,-25.361216
-34.11293,-34.14785,-34.185303,-33.659298,-33.133934,-32.723377,-32.315136
32.251385,32.69515,33.13884,33.22031,33.303497,33.31937,33.33478
-7.547965,-7.6039667,-7.6587896,-7.914094,-8.169347,-8.058905,-7.9504137
-81.907745,-81.97608,-82.0458,-81.172295,-80.29868,-80.08575,-79.87514
6.1937504,6.0293283,5.866542,6.10122,6.338277,6.71676,7.0947256
-61.805374,-62.04443,-62.283195,-62.04291,-61.80174,-62.09044,-62.379265
0.9570901,1.5304453,2.1020367,2.4250472,2.7473385,2.876448,3.0040567
87.75583,88.07848,88.39989,87.67095,86.940636,87.26094,87.582306
3.7491398,3.9606538,4.1728625,4.24413,4.315961,5.246748,6.178664
83.64808,84.22384,84.80101,84.464226,84.12704,83.8467,83.567665
-36.47145,-36.140587,-35.811108,-35.429356,-35.048466,-34.640766,-34.234566
-56.689884,-57.025135,-57.360947,-57.279747,-57.197155,-57.462788,-57.729237
20.917883,21.03561,21.15352,20.947115,20.740606,20.521782,20.304157
-70.34648,-71.69858,-73.05022,-72.57761,-72.10505,-72.07118,-72.03846
-14.94715,-14.982999,-15.019821,-15.237202,-15.452928,-15.238717,-15.023869
-51.787178,-51.516125,-51.244263,-50.88365,-50.523605,-50.562435,-50.60119
12.598484,12.971449,13.344254,13.534652,13.724256,13.429882,13.135159
-67.15074,-67.1561,-67.16046,-66.44018,-65.71827,-65.065384,-64.41168
32.26437,32.621094,32.97777,32.813633,32.64966,32.925697,33.19996
42.563755,42.568115,42.573112,42.262035,41.95157,41.61198,41.27035
-48.46768,-48.413643,-48.36155,-48.446198,-48.530357,-48.77384,-49.019108
-10.925086,-10.58316,-10.241385,-10.429844,-10.618032,-10.676907,-10.734751
48.77221,49.276062,49.77952,49.693977,49.608463,49.45498,49.29964
2.8386621,2.989335,3.1393652,3.4864855,3.8327723,4.0131598,4.1932535
-4.311992,-4.3128767,-4.3129015,-4.202143,-4.0921164,-4.2317257,-4.372035
39.668655,40.12017,40.570744,40.016426,39.460808,39.124596,38.788292
-50.495415,-51.50049,-52.50498,-52.291115,-52.076714,-52.126656,-52.176765
43.802547,44.447083,45.09174,44.864094,44.636513,44.857006,45.07655
-37.68016,-37.442398,-37.20457,-36.60485,-36.003876,-36.518673,-37.035313
-3.7725735,-3.1966553,-2.619794,-2.0526237,-1.4831485,-1.4471291,-1.4118937
50.224438,50.473434,50.72257,50.81753,50.913403,50.989555,51.06532
30.997921,30.937893,30.876749,30.702065,30.526997,31.03499,31.54683
-101.05955,-100.74,-100.42068,-99.50013,-98.57856,-98.5183,-98.46104
2.4100688,2.5080192,2.6052153,2.7955363,2.9855812,3.1017272,3.217374
31.278393,31.629494,31.979471,32.413982,32.84975,33.15251,33.45479
-73.78193,-74.446785,-75.111534,-74.86071,-74.61012,-74.43153,-74.25255
-14.103318,-13.90123,-13.700799,-13.177555,-12.655242,-12.132698,-11.612753
78.76697,79.094444,79.42189,78.32693,77.23278,77.13851,77.042816
-35.391533,-34.395676,-33.400887,-32.38327,-31.366697,-30.71287,-30.060831
18.130981,18.306007,18.480305,18.506182,18.532324,18.271496,18.011309
-38.399498,-38.259964,-38.119827,-37.52099,-36.921135,-36.625237,-36.330086
14.662176,14.538179,14.413511,14.823375,15.233576,15.474288,15.714384
74.360435,74.941284,75.522835,74.57401,73.62582,73.37944,73.13227
-90.39958,-90.02608,-89.6508,-88.894966,-88.13803,-88.10493,-88.07424
46.10918,46.377342,46.647133,46.127106,45.606598,45.28179,44.95583
5.6121864,5.4628105,5.3161316,4.9724493,4.62982,4.608965,4.58547
54.97897,55.269352,55.56074,54.505302,53.450474,53.097965,52.746525
0.4642795,0.14630254,-0.17229478,0.07989248,0.333742,0.33305535,0.33249125
1.2974522,1.5301797,1.7620938,1.7395508,1.7160175,1.2158864,0.71570706
13.718687,13.521327,13.324678,13.382442,13.441127,13.646559,13.853424
-72.19157,-72.93686,-73.682915,-72.4958,-71.308464,-71.30362,-71.301384
27.639366,27.850737,28.063135,27.602423,27.141737,27.137348,27.132818
-71.09477,-71.21749,-71.340904,-70.440094,-69.53951,-69.49691,-69.45516
28.104033,28.275171,28.446024,27.793772,27.141098,26.638742,26.137484
-46.613876,-47.221294,-47.82876,-47.86278,-47.896767,-48.060455,-48.22259
34.041027,34.036327,34.033836,34.102753,34.17069,34.191082,34.21075
-89.956116,-90.48477,-91.01416,-90.29199,-89.57014,-89.41246,-89.25551
-32.181744,-32.525063,-32.869335,-32.5287,-32.18714,-32.492737,-32.799335
72.60792,72.673874,72.73995,72.13494,71.52818,71.594,71.66038
20.180698,21.20493,22.229877,22.532366,22.834826,23.108116,23.38134
-19.28769,-19.407913,-19.527752,-19.497053,-19.468588,-19.68836,-19.907717
-67.28475,-68.24594,-69.20686,-68.62822,-68.049774,-68.29675,-68.54525
20.212465,20.073658,19.934944,19.98572,20.036283,20.690016,21.344904
31.266222,31.254864,31.243416,31.115166,30.988178,31.020506,31.052145
-16.238525,-16.509409,-16.778957,-16.552855,-16.327183,-16.438616,-16.552217
-36.436592,-36.65049,-36.864605,-37.00506,-37.146847,-37.122124,-37.098053
12.617059,12.890763,13.166112,13.344794,13.524055,13.966184,14.408301
1.2729745,1.3630624,1.4532552,0.8737263,0.2940411,0.055773206,-0.18049961
53.82992,53.58044,53.332016,52.93142,52.531868,51.98436,51.436306
-30.612833,-30.737267,-30.862225,-30.155355,-29.449001,-29.321228,-29.193312
-31.676575,-31.6078,-31.539251,-31.39056,-31.241821,-31.316017,-31.39152
-68.50678,-68.41705,-68.32854,-67.18467,-66.03899,-66.07662,-66.114075
24.995464,25.643354,26.290216,26.56975,26.849487,26.855097,26.862543
-22.515324,-22.88609,-23.257923,-23.00908,-22.761116,-22.89,-23.018833
66.411644,66.791176,67.17129,66.02496,64.87913,64.93423,64.98849
-57.778343,-58.32615,-58.874004,-59.026382,-59.17686,-59.648098,-60.12088
18.657326,18.546795,18.437754,19.019012,19.599949,19.832897,20.066391
-52.348637,-52.36794,-52.387077,-51.649723,-50.911423,-50.80855,-50.707394
-9.690016,-9.594473,-9.496961,-9.570771,-9.644335,-9.82651,-10.008414
-1.4074007,-1.4845101,-1.5626208,-1.8898674,-2.2179968,-2.189028,-2.158984
57.30723,58.366627,59.42545,59.426517,59.427258,59.412186,59.397038
-11.873913,-11.407871,-10.941654,-10.737556,-10.533678,-10.293621,-10.052166
0.6450769,0.18383038,-0.276595,-0.6661128,-1.0563506,-1.2980746,-1.5390805
66.56196,67.19515,67.8275,67.57683,67.32655,67.17714,67.02931
6.872026,6.7788506,6.685028,6.3168592,5.94901,5.628043,5.30725
3.7333999,3.633883,3.5356164,2.6521935,1.7680831,1.2636266,0.75865984
39.75038,39.94361,40.137833,39.65536,39.17423,39.14601,39.116795
-2.8729956,-2.9973366,-3.1207964,-3.69321,-4.2649646,-4.9075217,-5.5511184
-71.1812,-71.676544,-72.17304,-71.31745,-70.46236,-70.69761,-70.93424
40.64246,40.871624,41.102184,41.20376,41.305805,41.87604,42.445107
60.169514,60.253574,60.33609,60.033493,59.72957,60.39936,61.07091
-66.263596,-67.0644,-67.86533,-67.14688,-66.4289,-66.92684,-67.42629
-24.551252,-25.258783,-25.965292,-26.40163,-26.836813,-27.298386,-27.760292
-31.827818,-31.988327,-32.148056,-31.648182,-31.14809,-31.072495,-30.995825
3.6406684,3.474547,3.3075733,3.593442,3.8823004,3.6520538,3.4230342
11.444178,10.608914,9.774563,9.258118,8.742349,8.855916,8.969579
-66.492836,-67.15661,-67.82095,-67.33071,-66.84038,-66.99199,-67.144684
-13.3902855,-12.77726,-12.1651745,-11.6532135,-11.142381,-10.866318,-10.591248
79.447426,78.95079,78.454445,77.18639,75.91796,75.92501,75.93221
-33.00647,-33.28402,-33.562374,-33.35753,-33.150867,-33.123684,-33.09409
67.14063,67.188156,67.23566,65.892334,64.548805,64.18053,63.8137
42.751865,43.299065,43.847195,43.057312,42.26872,42.06455,41.86194
12.387142,11.804428,11.222139,10.71697,10.213913,10.1625805,10.111498
-12.105781,-12.296475,-12.48798,-12.322025,-12.157195,-12.478219,-12.80027
8.113888,7.6194086,7.124502,7.495028,7.867258,7.8990135,7.9327173
1.5936546,1.3064413,1.0196667,0.63644224,0.2529774,0.29475787,0.33617023
-27.05754,-27.121971,-27.18721,-27.112114,-27.037512,-27.344059,-27.650469
40.44615,40.679012,40.913742,40.927013,40.940243,40.549465,40.159542
13.375836,13.083471,12.79127,12.303377,11.815091,11.451292,11.0907955
28.815926,28.748882,28.680702,29.189724,29.697868,29.489378,29.27975
14.852707,14.874021,14.892385,15.607066,16.321735,17.31523,18.308212
68.192856,69.39619,70.59911,69.87212,69.14428,69.406815,69.67068
-0.2704356,-0.32325628,-0.37640265,-0.65764403,-0.9400146,-1.2285683,-1.5166671
-45.96654,-45.71678,-45.468433,-44.948757,-44.428303,-44.36936,-44.312336
59.769436,60.136215,60.502693,59.94477,59.386875,59.33105,59.274593
37.576878,37.51239,37.446896,36.74117,36.03602,35.692047,35.34781
-72.36781,-73.194336,-74.02087,-73.14636,-72.27253,-72.06348,-71.8546
76.11659,75.1472,74.17938,72.6743,71.16833,70.81937,70.46988
-3.2081697,-3.176522,-3.1445196,-3.1378706,-3.1323497,-3.035981,-2.9381788
-111.43603,-111.539246,-111.64396,-111.05253,-110.46124,-110.56194,-110.66233
-11.628614,-11.875586,-12.120863,-12.19762,-12.2747555,-12.254654,-12.234148
-74.26529,-74.96363,-75.66284,-75.21121,-74.75956,-74.61789,-74.47864
-40.119728,-40.209248,-40.29945,-40.14408,-39.987946,-39.862717,-39.738575
-6.2887836,-6.193691,-6.099006,-6.36449,-6.630895,-6.630798,-6.630241
3.048048,2.9381485,2.8285713,2.225172,1.6217829,1.646156,1.6718861
0.9476422,0.39598688,-0.15646091,0.22522911,0.6072086,0.6992425,0.78954065
-17.348368,-18.039064,-18.731333,-18.415478,-18.098646,-17.918438,-17.73843
-15.7211,-16.46266,-17.204102,-17.830124,-18.454576,-19.314657,-20.17457
50.371567,50.813374,51.256866,50.78503,50.31286,50.236378,50.16072
-13.823106,-13.499461,-13.17574,-12.569385,-11.963679,-12.038077,-12.114745
-51.919518,-51.54523,-51.173042,-50.778175,-50.38101,-50.88098,-51.38115
-28.814047,-29.464424,-30.114012,-29.983534,-29.851423,-29.612497,-29.37373
-4.134983,-3.755795,-3.3770618,-3.1493464,-2.9221663,-3.3516383,-3.782185
-25.103392,-25.218634,-25.335155,-24.91266,-24.490322,-24.304508,-24.116396
79.96145,80.30235,80.64309,80.12971,79.61615,78.99384,78.37395
-72.86628,-72.79616,-72.725845,-72.19181,-71.658844,-71.47109,-71.28515
-30.960083,-30.90316,-30.84667,-30.88239,-30.91777,-30.841507,-30.76665
33.961246,33.290924,32.62113,32.39147,32.162624,32.05171,31.941872
36.31614,35.75954,35.2036,34.369564,33.535633,33.24299,32.951626
-71.30272,-71.05642,-70.8081,-69.61332,-68.41983,-67.98301,-67.5479
-34.364807,-34.55385,-34.742447,-34.243557,-33.744705,-33.857826,-33.97434
3.5105464,3.6126688,3.7148492,3.8379514,3.9604785,3.6875885,3.4147403
130.71556,131.16565,131.61462,129.85468,128.09512,127.926575,127.757675
-26.42696,-26.640882,-26.853575,-26.823868,-26.793049,-26.708708,-26.623896
53.580563,53.967857,54.354954,53.74293,53.130653,53.217815,53.306923
1.8326418,1.6684811,1.502806,1.2871878,1.0715153,1.1644671,1.2588618
-44.552082,-45.25807,-45.96261,-45.506336,-45.051285,-45.694054,-46.338295
36.859264,36.447643,36.035233,35.483032,34.929737,34.7755,34.6226
-41.181927,-41.159122,-41.13491,-40.708565,-40.28205,-40.431713,-40.581287
13.462305,13.365942,13.269398,13.068272,12.867401,12.304951,11.743031
-145.07895,-145.10678,-145.13576,-143.66333,-142.19067,-142.04999,-141.91232
-33.152023,-32.473873,-31.796873,-30.8488,-29.900242,-29.251837,-28.604404
25.651655,25.5905,25.529135,25.265543,25.001055,25.01283,25.026731
4.5642653,4.314084,4.0631227,4.135249,4.2079496,3.9682815,3.7291133
-8.044632,-8.0419445,-8.040468,-7.8574758,-7.674092,-7.9662066,-8.259278
-9.588089,-9.326969,-9.063583,-8.831417,-8.598079,-8.787049,-8.977371
33.024643,32.67118,32.318,31.680788,31.04182,30.95998,30.881033
27.5707,27.51012,27.452013,26.813215,26.173346,26.270472,26.370562
25.87953,26.485298,27.091005,27.551472,28.012527,27.86892,27.724373
96.24608,96.90856,97.57152,96.687485,95.80475,95.77639,95.748924
1.5393797,1.6151137,1.6912394,1.6732131,1.6539432,1.4542091,1.2555768
-19.588633,-20.083668,-20.578873,-20.46699,-20.35505,-20.383888,-20.410336
-4.494402,-3.9902525,-3.4853477,-3.2551007,-3.0258365,-2.9458833,-2.8665543
-32.2182,-31.983477,-31.749378,-31.342573,-30.933928,-30.380783,-29.828438
-80.36788,-81.063324,-81.75982,-80.9907,-80.22291,-80.11095,-79.999794
-34.710266,-34.94274,-35.175476,-34.7797,-34.384377,-34.368362,-34.352028
-4.002562,-4.5896897,-5.1752143,-6.0354037,-6.8943353,-7.215077,-7.534571
-59.46082,-59.92095,-60.379993,-60.038845,-59.698433,-59.530704,-59.36512
-33.785805,-33.58045,-33.3751,-33.838963,-34.302975,-34.45486,-34.60752
11.075944,10.943052,10.810658,10.5686865,10.326357,10.355449,10.38456
-30.027851,-29.793224,-29.557774,-28.971992,-28.385235,-28.070183,-27.754597
31.49808,32.035183,32.572155,32.24239,31.91191,31.355896,30.79989
-56.912197,-57.32179,-57.73173,-57.53162,-57.33278,-57.32179,-57.309032
-3.0158162,-3.0932603,-3.1711917,-3.066382,-2.9610724,-2.9293704,-2.8982768
19.952372,19.823574,19.694967,19.626755,19.556757,19.277689,18.99791
65.14791,65.306854,65.467224,65.313576,65.15874,65.18567,65.21273
-0.18333855,-0.49915925,-0.81405294,-0.5120348,-0.20940724,0.0027280785,0.21381244
-27.540627,-26.933668,-26.326761,-25.631525,-24.936037,-24.60895,-24.282887
5.786656,6.2256093,6.6644273,6.904515,7.1446166,7.447163,7.7501645
-64.33414,-64.71499,-65.09637,-64.31051,-63.522118,-63.72103,-63.92151
58.615906,59.171925,59.728607,59.277985,58.825607,58.951927,59.078213
-78.36921,-78.50443,-78.63804,-78.511314,-78.38464,-78.36227,-78.339905
1.8658614,2.140966,2.4157386,2.8525643,3.2895007,3.4900002,3.6894717
69.90769,70.61749,71.32853,70.888275,70.448265,70.37756,70.308914
-51.060116,-51.51477,-51.970387,-51.800922,-51.631367,-51.730873,-51.830704
28.061892,28.140242,28.217825,28.16809,28.118238,27.81711,27.518295
-79.057014,-79.012276,-78.96744,-78.55566,-78.14344,-78.62151,-79.100586
28.60682,28.522045,28.43744,28.701603,28.966803,29.038416,29.109962
44.92156,45.190907,45.45879,45.26887,45.079002,45.015255,44.954464
-69.16906,-69.85883,-70.55,-70.17774,-69.80553,-69.887024,-69.968094
37.658794,37.979008,38.29837,38.213196,38.129784,38.24352,38.358685
1.9928696,2.2341998,2.4755828,2.9382937,3.4019012,3.884443,4.3670325
-93.63712,-94.10117,-94.56868,-93.783676,-92.99924,-92.92763,-92.85739
-10.232876,-9.470936,-8.709953,-8.641761,-8.574789,-8.902141,-9.228165
47.596027,48.31474,49.035507,48.44069,47.84799,47.361053,46.873905
66.36871,66.34472,66.3231,65.7099,65.09826,64.99226,64.88723
4.813613,4.5642185,4.3145247,3.6029701,2.8904638,3.1982584,3.5064602
-18.45963,-17.37299,-16.285667,-16.004318,-15.723145,-15.965023,-16.208601
-9.997286,-9.594769,-9.19275,-8.873216,-8.553333,-8.017809,-7.4859524
-14.310339,-14.169916,-14.029524,-13.395272,-12.761008,-12.273738,-11.7875185
43.04862,42.84842,42.64959,42.083004,41.51665,41.6741,41.83403
-58.27132,-58.647278,-59.023872,-59.017586,-59.010437,-59.084747,-59.16082
50.852512,51.009995,51.16666,51.170662,51.17409,51.37357,51.57304
78.31787,78.95964,79.60292,78.52514,77.44546,77.05931,76.673904
-54.651188,-54.838104,-55.025288,-54.76141,-54.498116,-54.772167,-55.049255
6.319956,6.8438554,7.367508,7.8702426,8.3732195,8.130078,7.8860774
55.548138,56.39659,57.24584,56.739334,56.231693,56.558193,56.88783
29.245071,30.106195,30.966738,30.993467,31.01971,31.127096,31.23534
-73.815834,-74.52742,-75.238556,-74.76732,-74.29641,-74.10229,-73.9106
-74.5038,-74.84227,-75.180725,-74.37602,-73.57137,-73.46117,-73.35115
-26.336977,-26.49151,-26.647234,-26.269861,-25.890076,-25.78607,-25.682787
54.16689,54.603954,55.042637,54.71858,54.394234,53.924236,53.454967
-2.5841177,-2.203634,-1.8246266,-1.3749634,-0.9251954,-0.5619466,-0.20033996
66.40738,66.24111,66.07442,66.137375,66.20126,65.973564,65.74489
2.39277,2.0525334,1.7109587,1.1690514,0.62582046,0.65608627,0.6869653
-11.942913,-12.456692,-12.968937,-13.6002445,-14.231731,-14.7173195,-15.201672
-28.889694,-29.277878,-29.665464,-29.582527,-29.498903,-29.44112,-29.383755
43.50346,44.261803,45.01896,45.014893,45.01111,44.67896,44.34897
7.8667026,8.285014,8.702912,8.753079,8.803939,8.7363615,8.667672
34.959183,35.30598,35.652245,35.57585,35.499557,35.339394,35.17949
-3.367601,-3.5366468,-3.7060456,-3.3919811,-3.0771916,-2.9334376,-2.7897315
33.86572,34.13728,34.40965,34.753147,35.09559,35.242985,35.39001
24.990337,25.30721,25.623579,25.764215,25.903488,26.313702,26.722858
-21.782312,-22.03397,-22.286167,-21.868822,-21.45202,-20.968863,-20.4877
-19.179354,-18.905909,-18.631824,-18.124638,-17.617355,-17.412403,-17.20964
-65.26461,-65.45678,-65.64951,-64.974335,-64.298775,-64.37063,-64.44348
26.446127,26.433142,26.420197,26.293564,26.166737,26.160513,26.157206
-25.05698,-25.081448,-25.103872,-24.932255,-24.759594,-24.948023,-25.135954
