2014 SVI Aged 65 or Older Encoding,2015 SVI Aged 65 or Older Encoding,2016 SVI Aged 65 or Older Encoding,2017 SVI Aged 65 or Older Encoding,2018 SVI Aged 65 or Older Encoding,2019 SVI Aged 65 or Older Encoding,2020 SVI Aged 65 or Older Encoding
-6.958027,-6.7904053,-6.6238174,-6.457794,-6.289956,-6.588457,-6.886568
-71.66527,-71.658,-71.65007,-71.909164,-72.16602,-72.38391,-72.60187
32.5858,32.19451,31.802029,31.18111,30.55968,30.921045,31.281227
-52.99692,-53.12676,-53.25728,-53.508266,-53.759235,-53.38657,-53.015324
46.206448,46.137104,46.066044,45.572353,45.078815,45.593266,46.107784
1.6810654,1.6910361,1.700775,2.027884,2.3553445,1.9919692,1.6294655
49.65968,49.70209,49.74366,49.17494,48.605,48.865307,49.125362
-25.240534,-25.335178,-25.429125,-24.416975,-23.403267,-23.012033,-22.620626
9.331831,9.04922,8.767281,7.9877086,7.2083774,6.7086883,6.2078567
-28.26646,-27.940945,-27.613665,-28.192617,-28.77148,-28.805365,-28.8405
39.46447,39.372215,39.279232,39.100124,38.921364,38.944427,38.96846
-4.2538586,-4.63867,-5.0229588,-4.707115,-4.3905735,-3.755579,-3.1199932
26.163385,26.474167,26.783634,27.155865,27.528597,27.245808,26.962353
-9.603968,-9.343744,-9.086231,-8.826584,-8.566315,-8.805522,-9.044247
-40.82161,-40.72765,-40.63388,-40.2993,-39.964096,-39.960377,-39.95705
54.61718,54.852375,55.08786,55.08289,55.078075,54.3676,53.65737
46.70586,46.998005,47.28941,47.30731,47.32516,47.264923,47.20384
-38.96074,-38.42768,-37.893806,-37.574265,-37.255955,-37.26064,-37.26598
28.52625,28.77603,29.027166,29.0592,29.090338,29.115995,29.140911
-6.9823036,-6.933875,-6.885128,-6.6235056,-6.362134,-6.2771053,-6.1936703
44.11017,44.581306,45.050186,44.81797,44.58764,44.595,44.602875
42.49525,42.823814,43.15257,42.52305,41.894096,41.561478,41.227257
2.9884322,3.0788555,3.1693122,3.2163923,3.2627926,3.9547153,4.646946
89.29076,88.5866,87.882515,87.357,86.83086,86.41343,85.99573
40.286892,40.13251,39.977818,39.199657,38.420887,38.060123,37.69992
67.98403,67.94736,67.91126,67.56354,67.21638,67.62355,68.0307
-61.690468,-61.914104,-62.137867,-61.8892,-61.64086,-61.78418,-61.927734
110.207214,109.72889,109.25087,109.46896,109.686966,109.32876,108.97079
-5.523262,-5.7874355,-6.0520515,-5.6503353,-5.249138,-5.4296875,-5.6094465
12.708173,12.295169,11.881661,11.099923,10.319633,9.30411,8.285835
8.738772,8.349167,7.958576,7.882907,7.8081446,7.6309237,7.454246
-11.102881,-11.304818,-11.507446,-11.544495,-11.582266,-11.462238,-11.343431
18.53258,18.775219,19.019184,18.72685,18.433558,18.357393,18.2806
-17.03606,-17.28426,-17.531723,-17.729,-17.926537,-17.157055,-16.387974
-52.296303,-52.234344,-52.171818,-51.49099,-50.808846,-50.887268,-50.96639
7.9256845,7.98879,8.053571,8.135233,8.216648,8.387325,8.556799
12.012231,12.693488,13.375207,13.88667,14.397317,14.520504,14.642781
-49.381847,-49.50482,-49.62914,-49.27242,-48.916348,-49.181393,-49.446865
-37.340885,-37.461582,-37.581852,-36.79758,-36.01353,-35.925617,-35.837215
42.999836,42.81592,42.631428,42.438717,42.244656,41.758923,41.27286
-74.16215,-73.763916,-73.36489,-73.47968,-73.59493,-73.85655,-74.11762
-37.68751,-37.374058,-37.06158,-36.84501,-36.629425,-36.504986,-36.38197
2.8254344,3.0365684,3.246834,2.9094732,2.5734222,2.5244162,2.4753726
10.758924,10.837136,10.914718,11.611132,12.308582,12.528456,12.748771
57.639256,57.465637,57.290607,57.40362,57.5172,57.292473,57.06852
15.253082,15.007269,14.759802,15.090124,15.420622,15.458429,15.496349
-75.9145,-75.71589,-75.516975,-75.00112,-74.48725,-73.857445,-73.23002
12.446975,12.717269,12.986936,13.2465105,13.506283,13.739128,13.973149
29.197742,29.580034,29.961563,30.374166,30.78619,30.533136,30.28009
-74.10587,-74.54071,-74.97421,-75.089485,-75.20605,-74.78846,-74.3722
-62.33974,-62.93627,-63.531593,-63.126213,-62.72062,-63.199814,-63.681053
23.031956,22.83112,22.630074,23.319077,24.008755,23.478893,22.949251
74.255905,74.037285,73.81897,73.70632,73.59613,73.57783,73.557526
8.447929,8.469714,8.491045,8.2756605,8.059931,8.168018,8.277346
70.257195,70.06669,69.87643,70.05078,70.22642,70.042755,69.85953
-85.794174,-85.401,-85.00726,-84.39853,-83.789444,-83.890495,-83.99132
29.317045,29.20305,29.08908,28.81921,28.548948,27.883766,27.218481
15.096218,15.235936,15.375927,15.584648,15.793414,15.764246,15.734164
28.42754,27.802576,27.176466,26.927427,26.677065,27.376528,28.075287
68.434425,68.63154,68.82932,69.458626,70.08949,70.860954,71.6314
-12.406624,-13.033011,-13.659817,-14.206998,-14.7549715,-15.472398,-16.190142
-20.404156,-20.397465,-20.39162,-21.301247,-22.209677,-22.04216,-21.874825
-47.658783,-47.926815,-48.194653,-48.210426,-48.22544,-48.026703,-47.82841
-39.339386,-39.578304,-39.81697,-40.408184,-41.00088,-40.878754,-40.758297
17.038568,16.867855,16.697199,16.518234,16.339334,16.214876,16.088923
42.545567,42.613266,42.679405,42.456276,42.233814,42.109642,41.985588
-61.607857,-61.74453,-61.880318,-61.121025,-60.36236,-59.843887,-59.32405
19.767862,19.65271,19.536036,19.48115,19.42771,19.52204,19.615822
-83.52427,-82.88209,-82.23885,-82.27326,-82.3079,-82.33454,-82.36158
-24.612087,-24.5058,-24.399858,-23.670158,-22.94054,-21.95262,-20.965021
2.246279,1.7935965,1.3413279,1.7096236,2.0768378,2.1170313,2.1587508
37.796806,37.501175,37.205082,36.43033,35.657333,36.09408,36.530315
0.26032448,0.7282233,1.1964083,1.554636,1.9142036,2.3886576,2.862997
16.741587,16.925695,17.109846,16.72604,16.342657,16.220633,16.098457
-14.170413,-14.118882,-14.068494,-14.447919,-14.828494,-14.576427,-14.323882
55.296547,55.071247,54.845425,54.390316,53.93602,53.719025,53.501614
38.578674,38.65489,38.731033,38.155037,37.580467,37.829453,38.078766
-33.226467,-33.10642,-32.986446,-33.722332,-34.45735,-34.680008,-34.903446
-69.08922,-68.83546,-68.58087,-67.90584,-67.230965,-67.2777,-67.32438
27.243053,27.345633,27.44767,27.130535,26.813065,26.785532,26.758377
-2.5168996,-2.2834258,-2.0494409,-1.7382169,-1.4272847,-1.0250401,-0.62246084
-29.649954,-29.978924,-30.308525,-30.586174,-30.86409,-30.574177,-30.284237
82.54286,82.86481,83.18778,82.99585,82.80532,82.20853,81.612915
45.746933,45.298344,44.849285,44.77703,44.70549,44.612522,44.519222
20.613523,20.657991,20.702135,20.606209,20.510864,20.90655,21.302683
-87.67973,-88.24916,-88.81704,-89.28099,-89.74543,-89.783615,-89.823616
-27.607565,-28.375528,-29.143433,-29.392532,-29.642273,-29.583763,-29.525814
-65.88317,-65.88259,-65.88092,-65.3059,-64.72979,-63.936478,-63.144627
-135.50406,-135.33601,-135.1675,-135.0613,-134.95601,-135.04509,-135.13432
-2.7779899,-3.107024,-3.4344676,-3.348451,-3.263104,-2.9713802,-2.681865
-91.99765,-92.04604,-92.09318,-92.23758,-92.38278,-92.272026,-92.16246
48.66459,49.100918,49.537094,49.19343,48.850964,49.201202,49.551323
-10.26461,-10.399933,-10.535404,-10.655814,-10.7765465,-11.119917,-11.463547
-54.00163,-53.715397,-53.427994,-53.064167,-52.70223,-52.803078,-52.903217
16.180502,15.96534,15.752072,16.108631,16.464485,16.318375,16.171732
-50.30958,-49.988297,-49.66524,-49.92236,-50.181904,-50.563118,-50.942886
-15.87773,-15.978602,-16.081177,-15.651066,-15.221132,-15.249885,-15.277875
-11.415422,-11.501648,-11.589043,-12.1377125,-12.686495,-12.985582,-13.286013
-15.989917,-16.057856,-16.126223,-16.281042,-16.437366,-15.449797,-14.461945
6.4122405,6.196729,5.9788184,5.451672,4.923161,5.194726,5.4660797
-46.486305,-46.3205,-46.152462,-45.30688,-44.462715,-43.857048,-43.250248
4.3279185,4.22035,4.112203,3.8720653,3.6323137,3.255297,2.8784397
-45.337116,-44.49673,-43.656433,-42.833927,-42.011967,-41.737804,-41.46406
-13.823,-14.0050745,-14.186296,-14.842815,-15.498153,-15.366669,-15.236078
29.193817,29.206566,29.220062,29.52238,29.824865,28.857803,27.891582
-42.230873,-42.277225,-42.323223,-42.06895,-41.815453,-41.226746,-40.636654
86.640144,86.39185,86.14594,87.077644,88.009834,88.31952,88.62907
25.609661,25.329153,25.048523,24.967186,24.886398,25.353508,25.820831
13.984145,13.828635,13.672734,13.954297,14.237786,13.597175,12.95671
20.774578,20.709364,20.644459,20.700047,20.755249,21.145601,21.53667
6.1507206,5.7350283,5.319583,4.868827,4.418108,4.373186,4.328124
-50.508396,-50.097805,-49.689205,-49.344944,-49.00145,-48.57653,-48.15112
1.8954968,1.8794923,1.8639445,1.9110589,1.9577956,1.8247523,1.6922164
-14.499313,-14.473585,-14.447041,-14.014953,-13.584438,-13.403823,-13.222343
-38.63228,-38.694157,-38.754864,-38.754704,-38.755547,-39.621765,-40.48909
-53.855038,-53.78518,-53.71583,-53.444847,-53.173176,-52.58265,-51.99116
-39.363567,-39.21504,-39.065144,-38.587048,-38.10918,-38.281727,-38.456066
-6.9762917,-7.416181,-7.856414,-8.361346,-8.865328,-9.07251,-9.280153
91.02662,90.76043,90.49277,90.10871,89.723785,90.160866,90.59651
-29.527136,-29.89219,-30.257158,-30.764952,-31.272568,-31.412508,-31.553003
-29.038767,-28.788685,-28.537766,-28.784317,-29.03009,-29.578602,-30.127254
-27.212994,-26.832846,-26.454176,-26.48026,-26.506582,-26.106768,-25.705938
45.869205,45.926952,45.985775,45.531372,45.07496,45.254673,45.43462
76.60699,76.796234,76.98571,76.79413,76.6007,76.27569,75.95176
-36.91062,-36.703953,-36.497208,-36.266357,-36.034832,-36.315033,-36.594997
-2.1842186,-2.184353,-2.1855938,-2.1412842,-2.0969174,-1.8810416,-1.6635772
52.655815,52.695717,52.73577,52.27058,51.806656,51.39804,50.990868
-33.09941,-33.0116,-32.92314,-32.612476,-32.301426,-32.703182,-33.10473
54.352,54.289104,54.22642,54.76547,55.305763,55.48026,55.653656
-52.39158,-53.094666,-53.796383,-53.519264,-53.240784,-53.95455,-54.668236
-107.83273,-107.80342,-107.773254,-107.70223,-107.63218,-107.6901,-107.74801
-3.222449,-3.4264839,-3.6298625,-3.6219099,-3.6119869,-2.9804943,-2.3493898
44.995876,45.090122,45.185116,45.59861,46.01236,46.576313,47.139763
4.339454,4.2000084,4.0616684,5.5078797,6.954049,7.548334,8.143104
-68.8009,-68.74849,-68.69618,-68.11005,-67.5224,-67.52746,-67.53235
7.0760446,6.890599,6.704869,6.6676297,6.6295238,6.351893,6.075113
7.5721326,7.4929833,7.411764,7.100833,6.791279,6.210859,5.6317015
-32.62127,-33.042633,-33.46299,-33.996876,-34.532314,-34.12872,-33.72608
-23.375875,-23.226038,-23.077301,-23.083235,-23.0907,-22.433187,-21.775436
-6.2871156,-6.4357133,-6.585092,-6.34162,-6.0975833,-6.106583,-6.1153502
-33.416946,-33.607426,-33.79732,-33.2806,-32.76353,-32.82573,-32.887547
28.408041,28.091974,27.775211,27.239616,26.702808,25.890676,25.078913
-57.116783,-56.614944,-56.113396,-55.79999,-55.488575,-54.855003,-54.22292
88.55148,88.496025,88.44123,88.29182,88.144356,88.4417,88.73928
-61.233208,-61.498222,-61.76301,-61.5126,-61.260475,-60.957256,-60.653664
38.77285,38.086555,37.400066,37.548717,37.698868,37.778725,37.858036
-1.3235526,-1.2220726,-1.1230454,-0.64811176,-0.1717815,-0.2241189,-0.27563307
13.753625,14.2987175,14.842918,15.447259,16.052517,17.058607,18.064657
27.22574,27.496288,27.767084,27.542755,27.318514,27.404184,27.490057
-1.2844363,-1.4344231,-1.5839254,-1.7356268,-1.8877417,-2.0883465,-2.2893744
-8.5860815,-8.577512,-8.568434,-8.530634,-8.492825,-8.50098,-8.5101185
-23.127914,-23.062634,-22.99686,-22.90939,-22.823515,-22.466335,-22.111305
-33.605377,-33.959343,-34.31274,-34.79131,-35.269016,-35.71503,-36.160816
-15.19541,-15.09849,-15.001421,-15.269115,-15.538319,-15.575104,-15.611619
37.660713,37.7184,37.774532,37.449203,37.124588,37.397903,37.671494
-12.220209,-12.779721,-13.339377,-14.026941,-14.7164545,-14.718043,-14.718402
47.43093,47.197,46.9627,46.76734,46.57122,46.49461,46.41835
2.2906437,2.644761,2.9992542,3.1084328,3.2162266,3.8932085,4.5689545
1.2212925,1.7364521,2.2520657,2.164713,2.0785542,1.5667114,1.054573
-51.464436,-51.112034,-50.759026,-50.947376,-51.13529,-51.05222,-50.969936
18.901278,18.511917,18.12166,17.483976,16.84659,17.260202,17.672962
60.67609,60.75554,60.836117,60.084354,59.33243,59.040512,58.75073
-4.0845346,-4.6677427,-5.2507553,-5.0977488,-4.945369,-4.5252132,-4.1056976
-7.2452846,-6.9886255,-6.7334886,-7.3058615,-7.8780513,-7.7202005,-7.5621834
-6.424043,-5.977553,-5.532493,-5.403485,-5.2752748,-5.030933,-4.786016
48.435696,48.10377,47.76966,47.685547,47.60272,47.27106,46.93907
-6.859423,-6.342426,-5.8249955,-5.810533,-5.7969565,-6.10132,-6.406119
10.917032,10.6921625,10.467351,10.525866,10.583204,10.57052,10.55876
-14.288734,-13.960739,-13.631529,-13.091788,-12.552479,-12.397153,-12.241174
40.404636,40.02956,39.654392,39.39861,39.14301,37.985226,36.827988
22.598978,22.71933,22.83874,23.527311,24.21524,24.261326,24.308798
20.23976,20.02914,19.816223,19.545885,19.274643,18.904203,18.534618
-41.519367,-41.101536,-40.68428,-40.680523,-40.677437,-41.33001,-41.98181
-50.5276,-50.17899,-49.830185,-49.517666,-49.204296,-48.70039,-48.19509
-22.17939,-22.710207,-23.241362,-23.58935,-23.937586,-24.238773,-24.539236
-79.64076,-79.553604,-79.466194,-78.79899,-78.1341,-77.801674,-77.47104
45.584015,45.53864,45.49294,45.69499,45.895176,45.380714,44.865753
16.12766,16.294186,16.459297,16.638628,16.81974,16.581997,16.345634
-22.629969,-22.967943,-23.306236,-23.732561,-24.158487,-24.077303,-23.995773
-75.885895,-76.121994,-76.357414,-75.60707,-74.857735,-74.60621,-74.35587
-3.1143088,-3.3357577,-3.5579839,-4.3537946,-5.1490793,-5.29186,-5.4342923
51.886063,51.81385,51.742462,51.444283,51.14656,50.803307,50.460064
33.45241,33.615505,33.778294,33.643055,33.508694,33.73483,33.962494
10.829602,11.064288,11.298304,11.481361,11.663755,11.687816,11.7113495
31.761776,31.586613,31.411627,31.304605,31.197378,31.012775,30.827919
-7.2785277,-7.3220725,-7.3659234,-7.0014358,-6.637785,-5.777059,-4.9146233
-2.465675,-2.831528,-3.199031,-4.1694064,-5.1408896,-5.253781,-5.365669
95.059395,95.01796,94.97701,94.95756,94.93863,95.08294,95.22677
-8.954294,-9.005856,-9.057644,-8.904563,-8.752541,-8.719713,-8.687326
133.00226,132.93845,132.87416,132.3126,131.75056,131.05249,130.3538
-25.69972,-25.167229,-24.633902,-24.78199,-24.929344,-24.855545,-24.781351
-44.076733,-44.023678,-43.97154,-43.253178,-42.536716,-42.4147,-42.29396
-53.45409,-54.28105,-55.106495,-55.630444,-56.154827,-56.725983,-57.298363
-59.233887,-58.909504,-58.583946,-58.168465,-57.753624,-57.795746,-57.83777
0.8161352,1.0033319,1.1904905,1.8419206,2.4943597,2.7095487,2.9240816
-62.73574,-62.66075,-62.58345,-62.20754,-61.833252,-62.415596,-62.998245
13.928946,13.88545,13.840393,12.548444,11.256106,10.973177,10.691002
7.2064457,6.796482,6.386509,7.1566906,7.927492,8.305574,8.683971
8.489263,7.854553,7.218569,7.2619514,7.3069096,7.097804,6.8897076
25.361511,25.55784,25.755976,25.659367,25.564545,25.707785,25.85129
-4.524293,-5.172007,-5.818787,-5.56228,-5.305729,-5.2258096,-5.144287
-64.4906,-64.732544,-64.975204,-64.35475,-63.73495,-63.757668,-63.781742
-55.972805,-55.682976,-55.39357,-54.82799,-54.26169,-54.199257,-54.134823
37.030327,37.28435,37.5382,37.128914,36.71829,36.156185,35.591373
-47.825287,-48.431232,-49.038567,-49.17352,-49.308983,-49.243248,-49.178444
-32.196667,-32.367718,-32.53883,-32.90344,-33.268833,-33.11668,-32.962498
3.9671268,3.8086395,3.652093,4.2805853,4.90948,5.13898,5.3686767
-6.2641783,-5.591918,-4.917755,-4.2977624,-3.6792307,-3.0769958,-2.4726143
-51.09459,-51.155037,-51.215057,-51.32164,-51.427555,-51.561916,-51.694622
25.872477,25.325504,24.778687,24.437338,24.096622,23.791893,23.488289
-61.71326,-61.233723,-60.75581,-60.40589,-60.055634,-59.769623,-59.483868
11.629861,11.004396,10.379919,10.706668,11.034602,11.5499325,12.065822
38.997604,38.91521,38.833954,38.671516,38.509117,38.278614,38.04589
-6.5249743,-6.398211,-6.2739315,-5.625525,-4.978436,-4.855782,-4.7314954
-58.339546,-58.56607,-58.792107,-58.350246,-57.908802,-57.790646,-57.67369
10.998718,10.562285,10.123369,9.6091175,9.095259,8.725325,8.355347
-59.86302,-59.882153,-59.902256,-59.958927,-60.016598,-60.422504,-60.82992
-45.353855,-45.481483,-45.60891,-44.942432,-44.27568,-44.407257,-44.536633
-42.961563,-43.056595,-43.151733,-43.53689,-43.9215,-43.94874,-43.97472
-0.115649514,0.3145749,0.7453229,0.7793214,0.8123509,0.27341813,-0.26564914
67.61434,67.54191,67.46902,67.76591,68.063484,67.87144,67.67965
-29.22915,-29.24479,-29.260397,-29.215096,-29.170538,-28.792772,-28.415648
-95.91929,-95.53572,-95.152794,-95.17637,-95.199776,-95.06135,-94.92458
5.0602074,4.8259325,4.5923777,4.0826387,3.571757,3.7204468,3.8683708
19.53883,19.027767,18.517069,18.441133,18.365313,18.600124,18.835485
104.26607,104.19274,104.119995,103.93727,103.755905,104.23776,104.72067
57.19362,56.33685,55.47896,55.12662,54.77445,54.010593,53.24555
-11.60393,-11.690657,-11.777638,-11.736755,-11.694808,-11.721257,-11.748717
-14.678909,-14.781174,-14.881869,-15.123798,-15.36607,-15.116147,-14.866642
-16.380022,-16.013666,-15.647031,-15.2211485,-14.795241,-14.5933695,-14.391325
-58.97702,-58.901794,-58.82711,-58.03991,-57.25438,-56.44092,-55.627495
-17.562677,-17.59336,-17.623907,-18.526993,-19.43094,-20.179312,-20.927328
-17.554426,-17.009874,-16.464617,-16.375763,-16.286894,-16.108664,-15.929245
-13.887581,-14.173,-14.457087,-14.200436,-13.9442215,-13.959916,-13.975897
83.62239,83.40582,83.18945,82.760315,82.33064,82.4238,82.514694
1.0686136,1.1255308,1.1842276,1.8628546,2.5411994,2.9855754,3.4306667
36.313698,36.266243,36.21856,35.9919,35.765656,35.804977,35.844254
-26.857483,-26.901,-26.9443,-27.621319,-28.298395,-28.020575,-27.742315
-44.01753,-43.86305,-43.70966,-43.675396,-43.64271,-43.15003,-42.65646
61.057167,61.181213,61.305225,61.110672,60.917538,60.57039,60.22346
36.228886,36.02259,35.816284,36.042786,36.269165,35.78314,35.298008
-3.3215618,-2.6436787,-1.9663258,-1.0029755,-0.038780153,0.2291432,0.49780852
-8.45222,-8.603975,-8.75587,-9.590915,-10.426549,-9.814009,-9.199849
-42.791706,-42.61606,-42.44259,-42.01313,-41.583904,-41.50142,-41.419003
17.331333,17.08487,16.838722,17.145256,17.451752,17.292051,17.13257
-72.09264,-72.83404,-73.57551,-73.78559,-73.99623,-73.74456,-73.49532
22.02811,21.628792,21.229633,21.318096,21.407219,20.931757,20.457066
-25.997797,-25.64039,-25.284367,-25.265635,-25.246096,-25.425089,-25.603096
-60.868256,-60.61786,-60.367924,-60.718964,-61.06935,-60.974632,-60.87787
83.534485,83.185814,82.83805,82.593414,82.34927,82.694595,83.03972
29.38997,29.499208,29.607744,29.653383,29.699612,30.178358,30.657362
-57.281483,-57.312077,-57.342155,-56.35327,-55.36616,-54.720493,-54.074345
2.031062,1.642618,1.2541864,1.940026,2.627344,2.3469894,2.0646102
-43.175888,-42.63118,-42.085213,-41.980522,-41.878235,-41.5896,-41.300213
-93.77547,-94.18246,-94.589516,-95.631004,-96.675095,-96.28869,-95.902
7.729433,7.9672184,8.205234,8.178349,8.151502,9.051041,9.951451
-18.942862,-18.531158,-18.11938,-18.265812,-18.413294,-19.165724,-19.919022
47.151947,47.38987,47.627403,47.969517,48.31102,48.869995,49.42811
-38.39786,-38.65022,-38.903652,-39.28191,-39.659935,-39.80936,-39.96107
-9.383423,-8.860316,-8.338148,-7.557311,-6.7779217,-6.5787444,-6.3796444
-17.002026,-16.99908,-16.9953,-17.338299,-17.681952,-17.718613,-17.754526
37.579716,37.403248,37.22868,37.898663,38.57002,38.077682,37.58592
-22.715717,-23.143461,-23.569885,-23.855501,-24.142447,-23.658524,-23.172997
46.618412,46.401974,46.18567,46.432228,46.678295,46.17142,45.665897
39.24397,39.08653,38.929417,38.668873,38.408466,38.15538,37.904995
-24.261631,-23.92816,-23.59575,-23.413725,-23.23343,-22.489153,-21.744537
-64.28708,-64.334496,-64.3818,-64.28858,-64.19512,-64.37623,-64.55699
-6.983375,-7.17524,-7.3675814,-7.020636,-6.6740174,-6.533361,-6.3930626
-26.002165,-25.83895,-25.676653,-25.629473,-25.582853,-25.604721,-25.62615
-8.547538,-8.843551,-9.140395,-8.521544,-7.9015584,-8.361213,-8.820334
1.096643,1.5229297,1.9489074,2.0214381,2.0941806,2.118629,2.143825
-1.846898,-1.8989381,-1.9503897,-1.8930758,-1.8355149,-1.9545621,-2.073927
38.772743,38.585403,38.39727,37.563866,36.730618,36.270973,35.811474
107.56683,107.7228,107.87982,107.63456,107.38995,106.751366,106.11394
25.117022,24.9652,24.812578,24.394415,23.97695,23.70758,23.43915
21.73331,21.906914,22.079182,22.166492,22.253532,22.423126,22.592892
96.84794,96.76712,96.68492,96.85142,97.01859,96.79184,96.56586
-42.879543,-42.7617,-42.64246,-41.996056,-41.349487,-41.634186,-41.918613
-7.690801,-7.826753,-7.962915,-8.607363,-9.252354,-9.807882,-10.365002
-7.2101235,-7.299088,-7.3883886,-7.0640445,-6.7402797,-6.7903104,-6.8407745
21.686188,21.85183,22.018068,22.37949,22.741179,22.885927,23.031431
-5.7909226,-5.4463077,-5.1012397,-5.6768785,-6.251267,-6.22407,-6.1981378
72.49028,72.37017,72.248276,72.19101,72.1312,72.374535,72.61778
-25.681099,-26.231724,-26.781523,-26.540138,-26.298252,-26.543268,-26.788036
71.59497,71.94697,72.29785,71.850746,71.40448,70.92661,70.44791
-30.537325,-30.447721,-30.358694,-30.58128,-30.805323,-30.298569,-29.792366
53.15322,53.666798,54.17988,54.258324,54.336655,54.195942,54.056396
-41.666256,-41.79019,-41.915478,-41.932728,-41.950466,-41.86693,-41.782825
8.600534,8.49083,8.380964,8.460771,8.541468,8.210293,7.878904
-49.34636,-49.49071,-49.63581,-49.500107,-49.3655,-48.333336,-47.300568
22.287752,21.99586,21.70311,20.164705,18.62736,18.176754,17.726803
7.857553,7.7514777,7.646931,8.029493,8.412541,8.326113,8.237331
-69.0773,-69.295364,-69.51379,-70.38324,-71.25221,-71.328606,-71.40424
38.287117,37.954525,37.620747,36.873898,36.126568,36.302395,36.477386
13.15163,13.265439,13.378321,13.929673,14.481472,14.869694,15.255439
-65.53154,-65.74523,-65.95831,-66.49871,-67.040535,-66.74699,-66.45399
-44.23704,-43.918697,-43.60201,-43.13123,-42.660984,-42.259075,-41.85751
33.753395,33.647186,33.54194,33.377518,33.213005,33.171753,33.129578
27.36567,27.31737,27.267885,27.072262,26.878172,27.199732,27.522839
76.96128,76.94735,76.931694,76.40444,75.87762,75.6616,75.44387
-3.3096855,-3.143441,-2.9761722,-2.590039,-2.204892,-2.3642433,-2.5238807
-24.204855,-23.824018,-23.44415,-23.075918,-22.707293,-22.617323,-22.526628
55.773052,55.561466,55.34963,55.394337,55.439735,55.577854,55.716415
-41.069836,-41.077747,-41.085007,-41.550636,-42.017082,-42.284134,-42.55168
-27.658209,-27.165546,-26.672262,-26.619673,-26.565443,-26.401073,-26.237576
-38.53165,-37.982105,-37.43377,-37.131596,-36.83109,-36.370388,-35.90931
2.4198186,2.4377286,2.45594,2.7513692,3.0463483,3.1841314,3.3229158
-56.395355,-56.653168,-56.911537,-56.48661,-56.06201,-55.92608,-55.79076
-56.477245,-56.1826,-55.886894,-55.332657,-54.779343,-54.209576,-53.64121
-46.84926,-46.478584,-46.108643,-45.909378,-45.711617,-45.918976,-46.126354
-70.579994,-70.35425,-70.12841,-69.073235,-68.01964,-68.15993,-68.3018
-26.870167,-27.02188,-27.173653,-27.224245,-27.273819,-26.68718,-26.099373
18.20898,17.870075,17.532589,17.342745,17.15082,17.193806,17.237413
19.414574,19.450098,19.486044,19.209526,18.933764,18.737274,18.539448
-17.89906,-17.409632,-16.920029,-16.77863,-16.636759,-16.57436,-16.511663
9.274392,9.477642,9.680917,9.021422,8.361516,8.14001,7.9184375
-22.420362,-22.483004,-22.546608,-22.884306,-23.221548,-23.445257,-23.668093
43.46737,42.837357,42.207897,41.876923,41.545475,41.255505,40.96627
1.0131621,1.3908048,1.7690377,2.038855,2.3080745,2.3902068,2.4724755
-90.75698,-90.363,-89.96879,-89.83535,-89.70359,-90.03293,-90.363014
-11.872385,-11.650307,-11.428794,-11.586445,-11.743902,-11.869409,-11.994456
-32.808887,-32.885273,-32.960907,-32.235176,-31.51042,-31.413277,-31.315773
10.881885,10.570048,10.256921,9.89421,9.532672,9.63338,9.733247
42.71076,42.31472,41.918556,41.310783,40.705475,40.41014,40.11631
-67.74259,-67.79841,-67.854866,-67.353714,-66.85423,-66.35526,-65.85567
2.3595731,3.082361,3.805082,3.7129953,3.620485,3.4409788,3.2622678
83.25356,82.97901,82.704,82.32478,81.94696,81.62787,81.30985
25.400318,25.842861,26.28444,26.839172,27.394188,27.472103,27.548939
63.683075,63.538445,63.394627,63.69642,63.997864,63.370483,62.742638
28.352974,28.608086,28.861643,28.422222,27.982885,28.015335,28.048824
28.81547,28.987696,29.159655,28.956806,28.753902,28.263025,27.772547
-9.419848,-9.497109,-9.574879,-9.376534,-9.179009,-9.323304,-9.468648
-13.104293,-12.91616,-12.729795,-12.952873,-13.176499,-13.421869,-13.668231
50.893192,51.0007,51.106888,51.618557,52.132114,52.03285,51.93494
70.35675,70.44292,70.530205,71.15147,71.7733,71.96697,72.16206
-55.954803,-55.88045,-55.806217,-56.086334,-56.366837,-56.110985,-55.85542
4.2581224,4.201495,4.1442194,3.6027615,3.061638,3.3442013,3.6256735
-14.156422,-13.739901,-13.324713,-13.275194,-13.227903,-13.073536,-12.917964
-36.947544,-36.748314,-36.547153,-35.797802,-35.047413,-34.634876,-34.22408
-17.367474,-17.537306,-17.70839,-17.820236,-17.933,-17.59976,-17.265476
-72.89545,-72.72873,-72.56163,-72.676796,-72.79343,-72.34071,-71.88776
-50.97984,-50.956387,-50.93321,-51.12221,-51.311893,-50.95867,-50.605938
-105.009544,-105.05896,-105.108406,-104.76626,-104.42562,-104.411644,-104.39974
25.036348,24.638361,24.240759,23.884363,23.529778,23.131315,22.732801
-5.001025,-4.618182,-4.234004,-3.8486547,-3.4628725,-3.3019724,-3.1401033
76.744484,76.82781,76.91002,77.207756,77.505844,78.1766,78.848274
-31.57277,-31.693712,-31.81404,-31.97756,-32.14033,-32.207024,-32.274635
-10.133899,-10.545836,-10.956183,-10.6033745,-10.248143,-10.313102,-10.377738
5.78957,5.797451,5.805237,6.7119255,7.6182194,7.7488976,7.8792095
27.469814,27.316027,27.160578,27.3933,27.627369,27.976313,28.326967
-61.13058,-61.374275,-61.616844,-62.437935,-63.258823,-63.254135,-63.25068
-57.156033,-56.55381,-55.952034,-55.416073,-54.88105,-54.30564,-53.72988
-27.202156,-27.089642,-26.977367,-26.265402,-25.55439,-25.369585,-25.183632
-12.317066,-12.691293,-13.0655985,-13.227032,-13.387903,-13.822201,-14.257598
5.3266435,5.652861,5.9820247,5.643698,5.305204,5.059795,4.8153
1.146024,1.9179013,2.6894124,2.6283696,2.5681813,2.1634247,1.7583439
33.459137,32.149345,30.839926,30.62424,30.408415,30.33928,30.269764
-23.640099,-23.21927,-22.79972,-22.909426,-23.019094,-23.081211,-23.14459
-13.440773,-13.905379,-14.37061,-14.378036,-14.38685,-14.492124,-14.597014
54.604412,54.535538,54.46726,54.551838,54.63664,54.341396,54.046307
8.594536,8.471453,8.346395,8.207561,8.068299,8.555399,9.041969
-15.787275,-15.783592,-15.780062,-16.534792,-17.289854,-17.07707,-16.865873
-72.75839,-72.71238,-72.66635,-72.41413,-72.16322,-72.49678,-72.83079
24.099434,23.950472,23.799774,24.124508,24.4526,24.776653,25.099838
-2.2156377,-2.3252006,-2.4345326,-2.6588035,-2.8838334,-3.1081004,-3.3328452
70.18761,70.100975,70.01643,70.78127,71.5478,72.204895,72.86046
-24.531607,-24.155977,-23.780201,-23.15753,-22.536201,-22.756582,-22.976803
5.2536435,5.1102414,4.9666142,5.0514555,5.135671,5.6087456,6.0841694
24.130922,23.771997,23.412924,23.65859,23.904299,24.21949,24.534477
-6.584484,-6.3830748,-6.1823893,-5.894985,-5.608431,-5.680401,-5.752104
7.119696,7.5351033,7.9501367,7.72317,7.496736,7.405827,7.3138795
47.8878,47.332924,46.77784,46.78205,46.78869,46.857605,46.92697
17.837889,17.941858,18.04625,18.436674,18.827976,18.384575,17.943079
129.42386,130.05055,130.67882,130.87576,131.07281,131.10722,131.1417
3.7820768,3.211982,2.6419888,2.6147387,2.5889919,1.6278634,0.6655473
-59.869926,-60.385834,-60.901276,-61.26342,-61.624344,-62.077766,-62.53244
35.6411,35.708317,35.77568,35.014896,34.255005,34.096916,33.93739
48.66792,49.03139,49.394268,50.29475,51.1956,51.689518,52.183353
-7.432879,-7.4220653,-7.410893,-7.062743,-6.713736,-6.840585,-6.966935
2.7124407,2.8052504,2.8970883,4.353272,5.8121986,5.982692,6.154312
79.5396,79.5745,79.607765,79.95765,80.30784,80.42694,80.54816
-2.0606856,-2.3142276,-2.566793,-2.2008643,-1.8355929,-1.4788138,-1.1230618
9.503299,9.825041,10.147353,10.012946,9.8802805,9.546319,9.212742
19.529194,19.414425,19.300304,19.410267,19.52235,19.375523,19.22734
35.772713,35.84893,35.926315,35.075226,34.22341,33.74858,33.275494
-19.299538,-19.056297,-18.813772,-19.36096,-19.908293,-20.187517,-20.4673
-2.057973,-1.8758745,-1.6938486,-2.2217646,-2.7514029,-2.7694159,-2.7884455
-25.601896,-25.709229,-25.81359,-26.019793,-26.22585,-26.473114,-26.721409
-5.6172457,-5.1759925,-4.7349477,-4.1549244,-3.5752733,-3.6413455,-3.70782
38.214737,38.02032,37.82454,37.586617,37.349274,37.714924,38.08021
43.287655,43.064564,42.841858,42.68447,42.52531,42.371223,42.215862
3.1895473,2.9718387,2.7524936,2.6060703,2.4603336,2.8282497,3.1961086
49.306835,49.418564,49.52844,49.720604,49.911095,50.21085,50.51124
-2.972673,-2.9065642,-2.8414817,-2.5305533,-2.2190337,-1.455831,-0.692861
39.056442,39.259354,39.463287,38.97661,38.489304,38.034264,37.57778
-17.856222,-17.787197,-17.718945,-17.447777,-17.176205,-17.068344,-16.96086
19.8048,19.978361,20.1513,20.493021,20.837036,20.112864,19.389505
14.041599,14.304859,14.567251,14.688029,14.808438,14.424772,14.039669
-0.20312196,0.2005226,0.6038086,1.2512667,1.9001458,2.3418448,2.7830765
-6.714175,-6.7927895,-6.8688097,-6.9341497,-7.0007286,-7.234376,-7.4680405
-8.5167465,-8.646181,-8.775383,-9.119812,-9.463512,-9.734244,-10.005761
-121.281456,-120.96925,-120.65553,-120.71305,-120.772224,-120.094894,-119.416405
47.96983,47.855507,47.741226,47.60454,47.467518,47.89938,48.330647
11.915798,12.373131,12.829666,13.142296,13.454182,13.699009,13.944534
-40.30033,-40.17291,-40.045696,-40.690243,-41.336792,-41.757435,-42.177578
0.23520225,-0.11112218,-0.45702654,-0.82719094,-1.1983752,-1.4217124,-1.6440349
52.88882,52.578568,52.267876,51.860695,51.45401,50.737587,50.022484
-27.882944,-27.613867,-27.345692,-27.388979,-27.43411,-26.876184,-26.317995
-35.427555,-34.50344,-33.578236,-32.95405,-32.33054,-32.218857,-32.10891
-53.82512,-54.06142,-54.299217,-53.897423,-53.496044,-53.35731,-53.220127
-15.944782,-15.962673,-15.98259,-15.862336,-15.741197,-15.256451,-14.771669
-54.46893,-54.97355,-55.477726,-55.38565,-55.294277,-54.559,-53.823677
-67.284706,-66.91745,-66.55021,-65.02295,-63.496338,-62.906322,-62.31424
-63.972828,-63.860065,-63.748077,-62.98843,-62.22942,-62.135826,-62.042263
-25.751053,-25.590412,-25.429085,-25.914883,-26.400759,-26.795166,-27.190773
12.985424,13.049387,13.112856,13.592493,14.072896,14.408135,14.742743
-53.89069,-53.87338,-53.85655,-53.679134,-53.50165,-54.25799,-55.015057
2.362293,2.5252874,2.6875532,2.777706,2.8683069,3.2570913,3.6466386
-53.809254,-53.554893,-53.30155,-52.364532,-51.428574,-51.076557,-50.724586
-26.816248,-26.97463,-27.132748,-26.595842,-26.05987,-26.403746,-26.748396
32.724045,33.505608,34.286224,34.906727,35.528053,35.96986,36.41118
2.8059402,2.59277,2.3784328,2.9845243,3.591806,3.94128,4.291599
-23.898197,-24.12737,-24.355536,-24.131256,-23.907711,-24.015862,-24.124992
45.742264,45.23696,44.731125,44.04686,43.361652,43.319088,43.27911
13.515547,13.949973,14.384265,14.007987,13.633433,13.930352,14.225758
20.223087,20.169327,20.114117,20.486298,20.859867,21.28042,21.70115
107.29225,107.060165,106.82999,106.01785,105.20596,104.54711,103.888245
-23.332476,-23.354794,-23.375465,-23.096487,-22.817701,-22.702707,-22.588438
-12.45835,-12.432939,-12.40781,-12.329343,-12.250646,-11.748106,-11.244546
92.13225,91.88155,91.63039,91.75744,91.885124,91.82158,91.75877
37.600765,37.44462,37.285786,36.58104,35.87623,35.601055,35.325394
13.451119,13.212369,12.974196,13.515606,14.057497,14.710834,15.363759
28.868025,28.554836,28.241959,28.318138,28.395182,28.659842,28.924814
9.270964,9.025692,8.780666,8.750195,8.718647,9.353596,9.987125
-24.793795,-24.848051,-24.901009,-24.202045,-23.502905,-22.755114,-22.006506
104.434654,104.43755,104.43993,103.737434,103.03637,102.795975,102.5566
19.923206,19.721495,19.519781,19.313848,19.107716,18.637192,18.16743
-25.891764,-25.813652,-25.736696,-25.267881,-24.798862,-24.765543,-24.73153
-2.8866503,-2.92441,-2.9621723,-2.7514484,-2.5408876,-2.8560917,-3.1705391
-45.341934,-45.53779,-45.732277,-45.615772,-45.499413,-45.631805,-45.763176
41.308144,41.879406,42.45141,42.544395,42.638214,42.69716,42.756496
8.17407,7.861547,7.550295,6.960145,6.3695664,5.609547,4.850203
57.921707,58.49728,59.07335,59.18256,59.29196,59.418434,59.546154
-15.320761,-14.972813,-14.624357,-14.5893955,-14.554257,-14.489893,-14.427178
19.76356,19.802418,19.842041,20.253298,20.664377,19.868555,19.073116
-62.77266,-63.279827,-63.787186,-63.808624,-63.83033,-63.830322,-63.82896
11.314718,10.988693,10.660317,10.674279,10.686908,11.342787,11.999581
23.677656,23.129435,22.58219,21.48922,20.395662,19.928728,19.46189
39.898457,39.789722,39.681713,39.579746,39.478848,39.343075,39.205647
-61.38336,-60.941643,-60.497955,-60.407867,-60.317978,-60.164387,-60.011665
-57.48992,-57.2368,-56.984673,-56.851727,-56.72022,-56.234844,-55.74992
28.874683,28.466682,28.057898,27.710384,27.362879,27.196007,27.03102
-8.796899,-7.975494,-7.1538243,-6.581411,-6.0087295,-5.1058803,-4.2032857
11.614297,11.514166,11.415014,11.042054,10.670027,10.384724,10.099382
-86.447876,-86.66411,-86.87974,-86.96493,-87.05196,-86.85095,-86.64963
18.562454,18.82108,19.080355,19.866291,20.6516,20.96473,21.27813
-14.5773735,-14.566404,-14.553736,-14.804957,-15.057194,-15.122857,-15.188974
75.73638,76.298744,76.859024,77.11892,77.37882,77.18622,76.99433
-48.63635,-48.546852,-48.456673,-47.911224,-47.366486,-46.906433,-46.44774
16.118279,16.052032,15.985278,15.151066,14.31845,13.93674,13.554909
29.483856,29.882593,30.280434,30.300964,30.322397,30.927792,31.532888
0.45644438,0.15877259,-0.13906229,0.80446875,1.7489225,2.2045658,2.6604736
-14.812306,-15.135609,-15.457797,-14.720664,-13.981673,-14.254548,-14.528103
80.13891,80.25429,80.37209,80.94614,81.521126,81.166046,80.81173
27.590641,27.732267,27.873766,28.140783,28.40873,28.782623,29.156008
-76.7409,-75.764915,-74.7889,-73.53119,-72.273094,-71.24404,-70.21363
13.859248,13.986609,14.112699,13.935327,13.757332,13.885095,14.012429
-66.47119,-65.80024,-65.12768,-64.57433,-64.02311,-63.146637,-62.269928
-19.79684,-19.842445,-19.889698,-19.821516,-19.75351,-19.785688,-19.81967
33.14049,32.556995,31.972504,31.315239,30.659657,30.60248,30.546494
3.2610998,3.434064,3.6064095,3.118703,2.6309814,2.1869884,1.7420617
6.840345,6.6511106,6.4621634,6.6451263,6.8284125,7.266974,7.7055335
12.86864,12.828544,12.788895,12.750584,12.71324,12.898561,13.08366
-38.225784,-38.250977,-38.274666,-37.627995,-36.98141,-36.537296,-36.09383
-53.05184,-53.469326,-53.885868,-54.2676,-54.650055,-55.42632,-56.201847
-44.51625,-44.75213,-44.987144,-44.764072,-44.542145,-44.15306,-43.764904
-32.237045,-32.092846,-31.949015,-32.233746,-32.520607,-32.300194,-32.080086
22.2965,22.957865,23.618845,24.08693,24.55718,24.215591,23.873867
-58.057796,-58.50291,-58.947674,-58.984047,-59.02221,-59.39226,-59.763485
71.6003,71.67436,71.747635,71.68689,71.62761,70.87846,70.12863
-2.602339,-2.1345723,-1.6677562,-0.74149626,0.18388541,0.23810656,0.29166204
-36.176495,-35.864025,-35.552864,-35.035168,-34.51813,-34.947624,-35.3756
16.093754,15.471147,14.848461,15.2781725,15.708367,16.05487,16.400879
-55.063858,-55.262943,-55.463245,-55.844524,-56.22549,-56.06132,-55.897476
10.2305565,10.618021,11.00599,11.240828,11.475716,11.524708,11.573828
11.100701,10.962551,10.824349,11.739026,12.655431,12.67269,12.6895275
8.677307,8.266489,7.8563538,8.349567,8.842234,8.966219,9.090776
24.000706,23.793606,23.58755,23.664503,23.741505,23.639652,23.53987
-73.04638,-72.8916,-72.736206,-72.02998,-71.32415,-71.81263,-72.300735
73.37596,73.00046,72.62491,72.399376,72.17346,71.79191,71.41142
16.978556,16.86276,16.746275,16.34425,15.944372,15.412388,14.88018
5.868194,6.049029,6.2292542,6.088467,5.9479136,5.989102,6.0317388
-76.361595,-76.542625,-76.723274,-77.43908,-78.157394,-78.34638,-78.53454
29.651468,28.879457,28.107649,28.365467,28.621912,27.917196,27.210413
44.158173,44.53252,44.9078,45.74366,46.581146,46.7866,46.99035
40.319603,40.27935,40.239136,41.141724,42.046017,42.29954,42.553196
5.4497094,5.5207934,5.5921855,6.467199,7.3430934,6.860473,6.3769546
33.13803,32.804424,32.470543,32.962803,33.453968,33.71579,33.977978
80.00509,79.745,79.48558,79.07313,78.6598,78.22668,77.79181
5.209683,5.434857,5.658322,5.2466893,4.834946,4.42191,4.009022
14.784645,14.883555,14.983347,15.055575,15.127297,15.768705,16.408678
46.114655,46.39942,46.683693,46.76425,46.84536,46.49366,46.141685
21.384024,21.761225,22.136364,21.290983,20.446579,21.290106,22.13523
-1.1065513,-1.6097823,-2.11317,-2.778022,-3.4430954,-3.8889077,-4.335452
28.72995,29.074963,29.41979,29.334158,29.247728,29.50293,29.757702
-1.978596,-2.3002093,-2.6217844,-3.3257258,-4.0289655,-4.2023244,-4.376839
-127.5511,-127.45443,-127.35591,-127.30452,-127.2549,-126.90732,-126.559326
15.643461,15.45145,15.259423,15.012076,14.762846,14.50027,14.239576
1.7236122,1.6766189,1.6284326,1.2364086,0.8449329,0.7869915,0.73024595
62.368256,62.55505,62.742184,63.09821,63.454132,63.670525,63.88663
-68.645676,-68.40029,-68.15507,-67.76036,-67.36619,-67.155624,-66.946495
10.71383,10.731879,10.751193,9.8278265,8.902086,8.993386,9.083529
119.34993,119.18471,119.01816,119.09427,119.170815,119.66672,120.16359
87.26234,86.886154,86.50901,86.32526,86.14242,86.00358,85.86534
-93.42521,-92.81346,-92.20088,-92.11073,-92.02139,-91.85652,-91.6927
85.03396,85.171074,85.30805,84.11483,82.92227,82.299644,81.67788
-26.594276,-26.67094,-26.747143,-26.00739,-25.26756,-25.44688,-25.625679
-1.0986772,-1.301825,-1.5058427,-1.5467286,-1.5873418,-1.241921,-0.89699227
-19.629704,-18.989428,-18.348997,-17.695745,-17.04228,-16.613337,-16.184628
1.1045743,0.88890785,0.67269796,1.2152547,1.7577492,1.920401,2.0805998
4.2185903,4.1516747,4.0848355,4.3418717,4.5997663,4.152134,3.707284
-58.045547,-58.039513,-58.035233,-57.419033,-56.80314,-56.464676,-56.12737
-26.639008,-26.696062,-26.752907,-26.970118,-27.190126,-27.341213,-27.493631
7.9360323,7.891181,7.845845,7.244811,6.6436024,6.896038,7.1491594
74.79524,74.7715,74.74741,74.676865,74.607056,74.59466,74.58291
-34.747013,-34.923767,-35.10121,-35.77668,-36.452713,-36.786785,-37.120796
59.430927,59.572777,59.71497,59.623306,59.533493,59.141804,58.751274
-35.231804,-35.40471,-35.57541,-34.81429,-34.053703,-33.90332,-33.75374
10.951531,11.309266,11.665966,11.904186,12.142463,11.933533,11.723087
-4.7932186,-4.882761,-4.9722195,-4.8901615,-4.809067,-5.205988,-5.6017
-15.425438,-15.169604,-14.914507,-14.962217,-15.008133,-14.845409,-14.683516
-14.172153,-14.1736965,-14.175213,-14.139783,-14.102598,-13.980118,-13.858988
-41.31086,-41.458317,-41.605457,-42.308865,-43.013035,-43.0143,-43.01601
-5.71977,-5.7717767,-5.8249307,-5.4646344,-5.1051145,-4.951756,-4.7979074
-89.06695,-88.846085,-88.62642,-88.49277,-88.359314,-87.67085,-86.98196
-23.2452,-23.156614,-23.067968,-24.171255,-25.27535,-25.446577,-25.617157
-12.044745,-11.9800415,-11.914853,-12.182418,-12.4505,-12.001393,-11.551696
-22.132013,-22.176851,-22.22033,-22.978905,-23.73972,-24.336386,-24.93529
70.40639,70.179825,69.95384,70.37959,70.80644,70.856255,70.90755
6.687596,6.567187,6.4449296,6.319741,6.194407,6.224217,6.2538266
11.67596,11.256364,10.836451,10.796884,10.758664,10.628189,10.496805
-8.017504,-8.172065,-8.326715,-7.9106297,-7.4954677,-7.8634953,-8.231764
-12.999231,-12.887751,-12.775691,-12.4815645,-12.187344,-11.711972,-11.236979
-33.237614,-33.144035,-33.05016,-33.215584,-33.381474,-33.4918,-33.602894
-77.64381,-77.96743,-78.29088,-77.42855,-76.565674,-76.80805,-77.04972
-10.474579,-10.8363,-11.197465,-11.2157755,-11.235566,-11.589659,-11.94509
12.271828,12.175376,12.078714,12.281066,12.481998,12.228057,11.9738865
-15.153889,-15.391572,-15.630733,-15.168405,-14.706926,-14.288648,-13.873079
-37.760796,-38.02643,-38.293533,-38.442467,-38.590572,-38.682846,-38.774704
0.69523877,0.76284,0.8309464,0.61478513,0.40041706,-0.44031075,-1.2805636
-43.41946,-43.39661,-43.373226,-43.647003,-43.92159,-43.939617,-43.95715
-61.02549,-61.124115,-61.222805,-61.116398,-61.010212,-60.848938,-60.686947
-15.725468,-15.825732,-15.925668,-16.646343,-17.367657,-17.319592,-17.272118
31.760384,32.17768,32.59414,32.590088,32.58511,32.194862,31.804008
-46.6005,-46.743332,-46.88529,-46.46135,-46.037693,-46.026733,-46.016815
4.5281157,4.8619347,5.1970778,5.4126596,5.6287646,6.059367,6.491184
-69.04003,-68.76789,-68.49525,-67.9875,-67.48029,-67.55183,-67.621925
-54.426178,-54.376545,-54.325138,-54.21525,-54.10695,-53.569965,-53.033615
32.074806,32.12399,32.173073,32.12453,32.076256,32.312275,32.54753
39.95253,39.622025,39.289642,38.326313,37.362614,36.88012,36.39727
4.487188,4.412891,4.3382297,4.3233175,4.3075485,3.7833598,3.2606573
30.953503,31.227858,31.501955,30.405546,29.309946,28.538893,27.76683
73.94084,73.69129,73.442635,73.52491,73.60705,73.23321,72.8601
-56.117867,-56.404125,-56.688164,-56.41645,-56.144737,-56.269592,-56.39484
-28.562782,-28.533604,-28.505232,-28.884884,-29.264748,-29.130924,-28.997185
-46.041077,-45.815933,-45.59113,-45.766113,-45.941185,-45.783386,-45.62594
-38.298985,-38.83214,-39.363842,-38.82161,-38.279373,-37.7974,-37.314987
41.863308,41.79541,41.72665,41.409184,41.09163,40.74028,40.39056
79.72841,79.39564,79.06363,78.2834,77.50401,77.88702,78.270615
-26.302013,-26.46079,-26.61957,-26.804653,-26.990612,-27.210432,-27.43211
14.397469,14.423353,14.449696,14.4675865,14.484304,14.7734995,15.063731
26.758043,26.264975,25.771418,25.965355,26.160912,25.635695,25.112148
36.788975,36.33872,35.885277,35.0211,34.15732,33.975227,33.79307
24.84892,25.096567,25.344877,25.753855,26.16157,26.170929,26.180925
63.193073,62.950645,62.708744,61.70249,60.697002,60.47614,60.257427
-17.735897,-17.496136,-17.257113,-17.539188,-17.821482,-17.312609,-16.80369
30.255716,30.594055,30.932821,30.89564,30.859509,30.3997,29.939714
11.307688,11.39145,11.475109,11.221299,10.967685,11.005704,11.04481
12.8838215,12.79988,12.715309,12.124385,11.532395,11.778953,12.026981
47.982964,47.65794,47.334618,46.991848,46.649933,46.927788,47.20582
-41.686466,-41.78524,-41.88335,-42.150032,-42.41789,-42.50767,-42.597553
-76.67625,-76.99687,-77.31872,-77.00452,-76.691246,-76.66719,-76.64368
-46.701515,-47.162483,-47.62372,-46.564655,-45.507713,-45.299637,-45.090565
54.91623,54.63271,54.34893,54.521908,54.693867,54.412388,54.13358
-92.31196,-92.61069,-92.90851,-92.898895,-92.892845,-93.48539,-94.07812
48.26295,47.6227,46.98205,46.72472,46.468506,46.410748,46.35397
-11.140629,-11.068498,-10.997026,-10.243707,-9.490582,-9.166345,-8.841491
-22.827026,-22.458178,-22.088701,-22.245468,-22.402359,-22.377604,-22.352922
20.695839,20.960999,21.226599,21.836475,22.446209,21.98967,21.53329
24.44341,24.71228,24.980639,25.456682,25.934134,26.110855,26.287382
-41.920563,-42.177876,-42.433765,-42.628986,-42.823902,-42.980274,-43.137947
24.352598,24.14383,23.935179,23.445692,22.957075,23.098621,23.240707
9.275623,9.257986,9.239397,9.620205,10.001886,10.568779,11.136646
86.43478,86.31323,86.19181,86.082085,85.97192,85.48293,84.99389
-89.662636,-89.28108,-88.899216,-88.71271,-88.52888,-87.49831,-86.46669
-4.8997607,-5.018304,-5.1378293,-4.748167,-4.3564825,-4.0498686,-3.7423573
-36.38398,-36.325394,-36.266518,-36.29504,-36.325066,-36.655445,-36.986313
3.1403344,3.504686,3.8679054,4.9788337,6.0903206,6.5478234,7.0040803
64.30353,63.894,63.484463,63.29163,63.100117,63.00985,62.918472
7.2095003,7.137406,7.065935,7.4110065,7.7566833,7.994453,8.232861
31.944786,31.94271,31.939915,31.159336,30.378284,29.744902,29.111704
-7.00468,-7.170833,-7.338123,-7.3780284,-7.418018,-7.125797,-6.8334594
-10.070815,-10.143389,-10.21555,-10.3451395,-10.472519,-10.623628,-10.774751
-112.85802,-112.50108,-112.14456,-110.38649,-108.63118,-108.57733,-108.52428
-17.757385,-17.716747,-17.67746,-18.496696,-19.315783,-19.143751,-18.97217
-11.604417,-10.878004,-10.150704,-9.080388,-8.010188,-7.683369,-7.3565354
38.888493,39.421783,39.956474,39.350426,38.745434,38.54861,38.35366
16.877483,17.110884,17.345446,18.152712,18.961182,19.153456,19.3458
64.46905,63.960854,63.454365,63.26208,63.0712,62.70745,62.343945
42.15671,42.524887,42.892982,43.65774,44.423187,45.051212,45.679756
26.287176,26.706285,27.12552,27.275085,27.42479,28.023483,28.62303
1.5283974,1.9890088,2.450135,2.7900875,3.1295326,3.0502765,2.9721992
53.134552,53.006847,52.879913,53.32855,53.77737,53.770565,53.764393
-67.458305,-67.12709,-66.794395,-66.31284,-65.83096,-65.78355,-65.73711
51.337524,51.048565,50.759434,50.80032,50.84068,51.201187,51.561527
100.62024,100.318436,100.01636,99.822784,99.63124,99.64091,99.6516
7.363814,6.7041163,6.0441985,5.634208,5.2243953,5.536981,5.8490615
84.261826,84.10869,83.95569,84.38099,84.80811,84.01686,83.225586
66.03051,65.10772,64.18657,64.123024,64.06068,64.12329,64.18438
27.500975,27.436113,27.371984,27.32399,27.276495,27.009298,26.742033
-37.193657,-37.08848,-36.981888,-37.541515,-38.10001,-37.560184,-37.019596
8.952822,9.150498,9.347007,9.891825,10.438139,10.6004505,10.763653
4.919184,4.9920373,5.064139,5.5769906,6.0896688,5.898577,5.707171
67.35582,67.39738,67.43972,67.34336,67.246765,67.68525,68.12407
24.01521,24.139366,24.263996,24.150948,24.040829,23.259712,22.478783
0.6129313,0.96271044,1.3125944,0.70996004,0.10529429,0.13519007,0.16528231
-22.63658,-22.509027,-22.38065,-21.646807,-20.913,-20.452656,-19.992212
32.226433,32.26169,32.296192,32.48706,32.678036,32.038124,31.399546
10.312991,9.647899,8.982634,8.078531,7.175159,6.9851756,6.7955976
-34.47346,-34.4401,-34.40539,-33.987442,-33.57073,-33.114613,-32.657734
-13.199408,-12.731422,-12.264155,-12.127625,-11.990991,-11.562526,-11.1342535
-36.297287,-36.578636,-36.8604,-37.840256,-38.82021,-38.620895,-38.423264
17.654781,17.374712,17.093796,17.115194,17.135132,17.525436,17.917805
-24.413551,-24.121576,-23.830402,-24.208817,-24.588047,-24.987532,-25.38613
41.26903,41.23713,41.204967,41.08363,40.9634,41.11367,41.26361
75.11756,74.6991,74.28064,73.37627,72.47252,72.046555,71.62276
-48.996857,-49.10561,-49.21331,-49.69231,-50.17167,-50.368916,-50.567703
3.7069316,3.7110305,3.7158027,3.2821097,2.8478122,2.9207988,2.9937491
14.443799,13.901051,13.358452,12.857145,12.354671,11.950465,11.5457
12.142604,11.901001,11.658723,11.665825,11.673767,11.424775,11.176383
40.499752,40.439888,40.379612,40.415977,40.453594,40.27809,40.10345
-84.16734,-84.032,-83.89665,-84.43609,-84.97405,-84.85428,-84.73426
83.28396,82.48219,81.68176,80.62492,79.56804,79.680626,79.793015
-28.252697,-27.760326,-27.267426,-27.105225,-26.941462,-26.290354,-25.639797
-98.24645,-98.21691,-98.18678,-97.986,-97.78556,-97.73828,-97.69085
-49.48571,-48.98777,-48.490345,-48.928474,-49.36618,-49.046757,-48.728603
55.242634,55.417557,55.592438,55.294605,54.99711,54.54541,54.094
14.567816,14.023628,13.477819,13.521151,13.564264,14.0139675,14.462484
48.4898,48.33277,48.175674,48.70235,49.230057,49.56804,49.9049
17.375107,17.60579,17.835901,18.26069,18.685722,18.734827,18.784454
8.030794,8.1065855,8.182702,8.277947,8.37341,8.505876,8.638055
52.791332,52.828037,52.863678,52.64139,52.421143,52.010838,51.600838
72.311165,71.98818,71.66687,71.1309,70.593544,70.60859,70.623375
5.406962,5.374451,5.3415875,5.5288033,5.7173505,5.7943482,5.8711476
-25.922813,-25.783985,-25.645302,-25.766853,-25.889727,-26.351814,-26.815008
74.71985,74.423035,74.12567,73.92711,73.72838,73.34839,72.96982
-11.88559,-11.9374485,-11.9894495,-11.647413,-11.306024,-11.2921505,-11.275794
-65.12498,-65.64278,-66.16014,-66.258804,-66.35777,-65.70334,-65.04892
-13.978178,-14.11594,-14.253235,-14.087096,-13.919942,-13.98637,-14.05382
-64.97875,-65.26409,-65.5485,-65.36193,-65.17468,-65.17157,-65.16942
74.2553,74.58624,74.91597,74.51696,74.11849,74.15453,74.191475
34.13977,34.041714,33.943913,34.447437,34.950703,35.32329,35.695965
113.778244,113.1456,112.512024,112.045944,111.581825,111.621346,111.659805
-92.635284,-92.36252,-92.09033,-91.038895,-89.98729,-89.72119,-89.455536
-9.92282,-10.055725,-10.187602,-10.255952,-10.32332,-9.925698,-9.52845
12.491609,12.16913,11.847773,12.057051,12.265407,12.838236,13.409868
63.342426,62.827293,62.313232,62.384144,62.455368,62.50001,62.543983
-95.52319,-95.53819,-95.5529,-95.48514,-95.41943,-95.7744,-96.13031
23.16348,22.6077,22.053297,22.974361,23.893915,23.798445,23.702873
-26.729605,-26.733397,-26.736998,-27.049025,-27.362043,-27.59791,-27.83302
2.0542715,1.939052,1.8236734,1.7005657,1.5751852,1.5462154,1.5172366
14.772932,14.8390465,14.9045315,15.682062,16.458845,16.617643,16.778603
-32.970345,-32.792686,-32.613724,-33.079315,-33.545067,-33.176735,-32.808243
-54.02965,-53.966953,-53.90432,-54.42319,-54.94268,-55.10069,-55.257004
83.280716,83.56087,83.83979,83.949646,84.059586,83.916626,83.77388
66.8566,67.207344,67.55752,68.014404,68.47011,68.5269,68.581856
-27.74751,-27.946127,-28.146105,-28.573689,-28.999805,-28.818594,-28.637856
-4.8833103,-4.673357,-4.464594,-4.645878,-4.8256874,-5.2813263,-5.7381306
69.41978,69.8972,70.37483,70.70385,71.03391,70.05914,69.08321
-1.3474401,-0.9459766,-0.5446433,-0.42812288,-0.3109449,0.3003279,0.910606
-37.76868,-37.50186,-37.23526,-37.161297,-37.086956,-36.20339,-35.320827
104.22077,104.316154,104.41276,104.00306,103.59552,103.391426,103.18697
-82.74604,-83.144455,-83.5427,-83.52808,-83.513664,-82.99828,-82.4815
61.75014,62.270805,62.791058,62.374596,61.95813,61.847652,61.737923
-18.691801,-18.767328,-18.843744,-19.066988,-19.28936,-18.830301,-18.372091
-50.23172,-50.43524,-50.638794,-49.978107,-49.31948,-49.041046,-48.76457
-83.486305,-83.43223,-83.37846,-82.39107,-81.405525,-80.96779,-80.52988
-32.8291,-32.456127,-32.08284,-32.36745,-32.65384,-32.768826,-32.88291
-28.572744,-28.140657,-27.708864,-27.92333,-28.138666,-27.69477,-27.24864
-3.9877553,-3.9775233,-3.9681325,-4.4938807,-5.0194592,-4.9664884,-4.9146504
-48.069546,-47.936718,-47.804306,-48.144474,-48.487064,-48.596798,-48.705853
33.282932,32.954662,32.626644,32.422142,32.217304,31.948423,31.679361
66.13304,66.44847,66.76473,67.10156,67.438286,67.13139,66.82265
35.82674,36.415974,37.0064,37.28685,37.56655,38.144905,38.72274
-4.922104,-5.13279,-5.3434787,-4.9715366,-4.6000504,-4.5485578,-4.4967575
-54.210026,-54.58342,-54.955025,-54.88731,-54.821377,-55.59784,-56.374912
-21.444258,-22.007032,-22.57122,-22.352697,-22.134584,-22.40766,-22.681047
-13.923116,-14.233079,-14.543009,-13.9898205,-13.436005,-13.451662,-13.466814
-63.111458,-63.485435,-63.859314,-63.379158,-62.899544,-62.445953,-61.991566
-2.1051464,-1.4184667,-0.7310472,0.5454492,1.8221987,1.9302739,2.0370526
41.931072,42.356552,42.78219,42.90541,43.027752,43.057804,43.08861
41.14719,41.152206,41.15807,40.429615,39.700916,39.391132,39.082836
-114.73013,-114.179665,-113.62786,-113.10682,-112.58756,-112.38354,-112.18046
-85.82098,-86.137054,-86.4538,-85.78003,-85.10634,-84.9204,-84.73474
-10.731765,-10.584181,-10.435714,-9.856102,-9.27563,-9.197907,-9.120238
79.51357,79.64816,79.78281,79.40502,79.028244,78.73036,78.43384
48.51347,48.75699,48.99934,48.434734,47.87076,47.580166,47.291656
16.614471,16.647755,16.682308,16.536743,16.39184,15.800299,15.208192
-1.3759763,-1.0537746,-0.73190093,-0.39581943,-0.059798956,-0.12748313,-0.19691634
-52.611015,-52.740948,-52.870716,-52.399265,-51.929043,-50.937782,-49.94765
-55.256577,-55.686417,-56.115196,-56.438652,-56.76277,-57.219307,-57.67572
-5.720698,-6.512488,-7.3038316,-6.995604,-6.6877418,-6.3741183,-6.05934
49.288536,49.35856,49.42766,49.70734,49.987125,49.985676,49.982864
-30.137423,-29.593847,-29.048862,-29.254946,-29.461748,-29.74116,-30.021317
-0.5233158,-0.8438524,-1.1638349,-0.3734726,0.4170967,0.74175036,1.0670115
-10.002835,-10.025634,-10.047911,-10.314235,-10.581199,-10.342819,-10.104269
-22.80759,-22.61667,-22.426174,-22.083195,-21.740208,-21.046253,-20.35249
16.755816,16.85741,16.957417,16.86249,16.769552,17.283867,17.797344
57.04072,56.817238,56.593174,56.87005,57.147964,56.89169,56.637585
-14.853526,-14.901282,-14.948353,-15.1953,-15.442745,-15.3685255,-15.294588
-26.188646,-26.195786,-26.204187,-26.093693,-25.98368,-25.598148,-25.211748
41.56368,41.723972,41.88613,41.083885,40.2833,40.486023,40.690014
62.906578,62.86869,62.83129,63.77206,64.71291,64.22987,63.746952
-54.073826,-54.04298,-54.012093,-53.99222,-53.973804,-53.560757,-53.147385
-19.146238,-18.933142,-18.718176,-18.612452,-18.508451,-18.305386,-18.10395
-43.61597,-43.544334,-43.47387,-43.15084,-42.82824,-42.903202,-42.97819
5.260426,5.116532,4.9726567,4.624946,4.27513,4.201033,4.127928
8.827013,9.017887,9.208977,9.208351,9.208563,8.949333,8.689611
15.94024,15.827342,15.714225,16.073795,16.434826,16.809814,17.184193
-8.992808,-8.776708,-8.559846,-8.652688,-8.74513,-8.865926,-8.986112
46.984455,46.932205,46.880013,46.72001,46.560886,46.79287,47.025463
-18.664337,-18.826693,-18.98967,-19.096941,-19.203136,-19.255463,-19.306637
-56.43618,-56.87312,-57.310455,-57.485035,-57.66086,-57.158737,-56.655293
12.891103,12.645658,12.401293,12.495909,12.591245,12.709186,12.827288
17.142597,17.378942,17.615227,17.826326,18.038368,18.289482,18.539928
3.2591763,3.4806852,3.7026205,2.2913904,0.8800115,1.0416594,1.2031956
56.401497,56.378014,56.355034,56.22818,56.100792,56.24778,56.395332
-7.6339397,-7.4141665,-7.1927686,-6.9236403,-6.65461,-6.978945,-7.3032966
-89.57686,-89.482506,-89.38696,-89.42854,-89.4713,-89.326866,-89.18309
-10.706279,-10.6094,-10.512523,-10.186564,-9.860305,-9.769031,-9.679056
-57.922916,-58.141933,-58.360615,-58.4536,-58.5464,-58.48485,-58.424328
7.8501654,8.138319,8.424801,9.124741,9.823899,9.809805,9.795982
-68.800514,-68.606834,-68.41389,-68.22944,-68.04514,-68.05516,-68.065
5.325599,5.5172477,5.708221,5.4977927,5.286752,5.7395663,6.1921506
64.400856,63.588493,62.77473,63.088326,63.40411,62.97986,62.552807
35.928783,36.155476,36.384045,36.575836,36.769073,36.863396,36.95734
-39.213436,-38.98069,-38.747013,-38.5632,-38.379875,-38.006268,-37.63376
71.54296,71.245964,70.94738,70.86205,70.77697,70.213585,69.650185
11.577532,11.427591,11.277735,11.625196,11.971945,11.533947,11.095331
-98.530716,-98.376076,-98.22286,-98.56902,-98.91574,-98.879456,-98.84423
10.516093,10.611651,10.707927,10.866828,11.025035,11.253501,11.48035
-41.59106,-42.020847,-42.45012,-43.224415,-44.001957,-43.941036,-43.879536
-27.466852,-27.380873,-27.295938,-27.384764,-27.47434,-27.156542,-26.839128
-11.838525,-12.068145,-12.29861,-12.445201,-12.591551,-12.478301,-12.365125
-46.070953,-45.605858,-45.139217,-44.99666,-44.854088,-44.93366,-45.013905
-49.96843,-49.744938,-49.520134,-49.617374,-49.71418,-49.93337,-50.151886
68.247345,68.21219,68.17619,68.08437,67.99275,68.24344,68.49564
-49.737835,-49.26296,-48.78774,-48.043476,-47.298973,-47.294537,-47.288654
33.941475,33.813263,33.684002,33.618053,33.552795,32.90974,32.266586
-44.363373,-44.52974,-44.696518,-44.999405,-45.30252,-45.166344,-45.032555
11.19381,10.683384,10.174134,10.499201,10.823496,11.129455,11.435267
3.81124,3.973046,4.1347737,3.2512643,2.3664663,1.6747606,0.9835469
-11.634697,-11.666592,-11.698316,-11.608919,-11.520911,-11.493622,-11.46471
-17.871923,-18.404266,-18.93689,-19.277557,-19.618452,-19.98993,-20.362635
-46.620003,-46.339485,-46.058487,-45.59194,-45.1257,-44.8442,-44.56383
20.542835,20.290695,20.037981,19.47643,18.91346,18.834587,18.755175
48.251846,47.69875,47.14458,47.07947,47.01441,46.95258,46.890217
62.449604,62.907658,63.3657,63.429745,63.49522,63.28401,63.073803
10.699006,10.145552,9.591365,9.5454035,9.499873,9.997096,10.49581
39.26927,39.37539,39.48118,39.257866,39.035835,38.980553,38.926273
-22.583757,-22.239508,-21.894272,-22.065706,-22.236917,-22.380243,-22.524141
-25.083536,-25.09012,-25.096819,-24.538317,-23.980785,-23.476284,-22.970419
1.1763867,1.4390601,1.7016267,1.228917,0.75494,0.3401927,-0.07366285
-29.591064,-29.58508,-29.57999,-29.575686,-29.572111,-29.349617,-29.126165
3.0741682,3.2217617,3.3695626,4.01378,4.659299,4.4655943,4.270334
-23.657766,-23.979929,-24.301126,-24.77049,-25.240625,-25.737112,-26.234415
-19.951864,-20.209671,-20.46916,-21.3401,-22.211954,-22.845482,-23.479406
-4.2432823,-3.8463802,-3.4513903,-2.933339,-2.4155312,-2.2633104,-2.111659
71.488144,72.23112,72.97331,73.00749,73.04254,73.68545,74.32737
105.22052,105.30598,105.391846,105.817604,106.24485,106.72252,107.19942
6.3556886,6.5337462,6.7128997,6.42612,6.1386476,5.6863256,5.23377
-19.357956,-19.026892,-18.695637,-19.231064,-19.766422,-20.30018,-20.8335
11.261412,11.513889,11.766706,11.786058,11.80557,11.279593,10.753224
-34.0604,-34.615925,-35.170822,-35.17878,-35.18754,-35.538063,-35.887817
-11.488017,-11.962995,-12.438394,-12.693921,-12.947986,-13.875428,-14.804564
-14.941645,-15.045998,-15.148972,-15.009293,-14.867744,-15.084256,-15.300401
30.634111,30.627512,30.620283,31.439949,32.25986,32.89671,33.534336
27.655014,27.576008,27.49868,28.150227,28.801876,28.837372,28.869787
-68.82888,-68.54802,-68.267624,-68.68977,-69.11174,-69.79147,-70.472374
-7.39637,-7.0926256,-6.78992,-6.793483,-6.7962627,-7.015094,-7.2339907
-4.0730176,-4.628982,-5.1867394,-4.515858,-3.844797,-3.4241073,-3.0022829
45.803284,45.672318,45.542953,44.931725,44.32109,43.453445,42.585884
20.174997,20.279634,20.384424,19.810192,19.23652,19.377384,19.51811
-5.905229,-5.9598784,-6.014919,-6.3043075,-6.5935903,-6.4437346,-6.293017
20.994896,20.689678,20.384197,19.89426,19.405777,18.940353,18.475332
65.431656,65.70197,65.97187,65.92921,65.888954,65.62288,65.35751
42.39687,42.715324,43.034355,42.91514,42.79831,42.497944,42.199043
30.113834,29.947437,29.782703,29.969217,30.156136,30.64969,31.143005
49.736675,49.543644,49.350605,49.734356,50.118797,50.253353,50.387325
3.1117413,3.2497718,3.387083,3.8050735,4.225207,4.5273266,4.829583
-20.99862,-21.229141,-21.457764,-22.079618,-22.702013,-22.71995,-22.737759
-17.432152,-17.057333,-16.682905,-17.490402,-18.298111,-18.781647,-19.265678
-41.97674,-42.043713,-42.110687,-41.846928,-41.585045,-41.425545,-41.267254
-1.6376258,-1.6707164,-1.7019931,-1.7759658,-1.8511382,-2.4398682,-3.030576
-7.646179,-8.047788,-8.449056,-8.749831,-9.050321,-9.2572775,-9.464103
-15.021385,-15.075363,-15.129419,-16.051332,-16.974245,-16.996101,-17.018995
96.51406,96.20416,95.89362,96.26985,96.64506,96.530334,96.41462
5.1068983,4.8752885,4.644132,4.9135733,5.1806846,5.340187,5.4998045
-13.545375,-13.380978,-13.214467,-13.359623,-13.505045,-13.460555,-13.417242
-11.289587,-10.861923,-10.434653,-10.681409,-10.930186,-10.677575,-10.425143
-13.428662,-13.29982,-13.170442,-13.101781,-13.03368,-13.078985,-13.124074
8.427484,8.455928,8.484011,8.466254,8.448148,8.828208,9.207228
7.366651,7.3962665,7.425634,6.940931,6.457479,6.278749,6.1000896
-17.844656,-17.745863,-17.647556,-17.698477,-17.748901,-17.852982,-17.956062
88.27459,88.49635,88.719284,88.80523,88.89296,88.344894,87.7953
48.742016,48.415123,48.088867,47.860508,47.632095,47.450905,47.271225
22.83579,23.07527,23.314173,23.936062,24.557707,24.50944,24.459875
-29.257395,-29.3182,-29.379894,-28.897963,-28.415108,-27.937668,-27.459518
12.897776,12.253744,11.609873,11.711305,11.811754,11.697152,11.584073
-10.800293,-10.620087,-10.438168,-11.158691,-11.879732,-11.3512125,-10.822287
96.48443,96.13217,95.77671,95.704056,95.63088,95.07677,94.52531
22.83238,22.679106,22.525642,23.142935,23.7598,23.629604,23.498953
-10.947687,-10.616701,-10.283529,-10.774267,-11.264784,-11.845869,-12.428228
-57.69625,-57.0306,-56.365448,-55.594074,-54.82194,-53.999268,-53.176888
-8.179888,-8.165356,-8.15011,-8.512651,-8.874245,-8.712624,-8.550041
-73.37298,-73.361244,-73.349236,-73.87756,-74.40574,-74.61221,-74.818245
-26.838818,-26.898264,-26.95817,-26.978062,-26.998236,-27.115713,-27.2325
21.835505,21.705578,21.575724,21.58855,21.600683,21.893118,22.183405
-32.89291,-33.21597,-33.54055,-33.876152,-34.209972,-34.36489,-34.52059
-11.591083,-11.050778,-10.510905,-10.349872,-10.189052,-9.809726,-9.43131
-63.05977,-62.61746,-62.175648,-61.653778,-61.132477,-60.750908,-60.369537
-40.102192,-39.878696,-39.6574,-39.62461,-39.5929,-39.617138,-39.64208
-28.441303,-28.5207,-28.599249,-29.049892,-29.500278,-30.178062,-30.854355
6.012558,6.1837673,6.354082,6.8716297,7.3885393,7.6938744,7.9993343
-44.57448,-44.681084,-44.788635,-44.744766,-44.701748,-44.894016,-45.086777
-15.636439,-15.530579,-15.425038,-15.818775,-16.212517,-16.244919,-16.279484
14.798194,14.226117,13.653995,13.678037,13.700772,14.021293,14.342505
43.40239,43.158443,42.91512,43.431362,43.946228,44.09858,44.254147
-2.1705267,-1.8621043,-1.5525063,-1.6547726,-1.7572445,-1.6635011,-1.5692061
-25.214045,-25.72638,-26.238194,-25.982224,-25.726622,-25.74969,-25.772327
-8.111921,-7.605307,-7.09742,-5.7220902,-4.345103,-4.374081,-4.402922
-80.53502,-80.7419,-80.947815,-81.319046,-81.69084,-81.38342,-81.07685
-56.723526,-56.530354,-56.33652,-56.062664,-55.78836,-55.153698,-54.520267
51.055862,51.113167,51.17122,52.28193,53.39406,53.67635,53.960457
-40.407215,-40.671642,-40.934803,-41.275417,-41.61507,-42.027523,-42.43997
10.173141,10.201104,10.228331,9.904315,9.580891,9.890644,10.200806
80.89575,81.163414,81.4298,80.60076,79.77299,79.554436,79.33613
58.286194,58.10789,57.929756,57.25485,56.58122,56.413975,56.24786
-28.077648,-28.01957,-27.961178,-28.190416,-28.418453,-29.093704,-29.769743
-25.116089,-25.246449,-25.379236,-25.581087,-25.782316,-26.012161,-26.240355
18.60608,18.963856,19.320621,19.142996,18.965574,19.490957,20.016659
37.414375,37.217636,37.021477,36.472527,35.92478,36.286095,36.647236
-32.065495,-32.123825,-32.180458,-32.349873,-32.51905,-32.423027,-32.32666
-21.237328,-21.514229,-21.792109,-21.85998,-21.92694,-21.89329,-21.85958
17.88072,18.381353,18.880234,18.594845,18.30971,18.497114,18.685333
-86.84015,-87.0369,-87.232346,-86.726814,-86.22162,-86.20946,-86.19802
33.353287,32.924652,32.495056,33.120262,33.74597,33.33393,32.922028
49.703926,49.661682,49.619328,48.781322,47.943317,47.523064,47.10258
-6.2820625,-6.6811724,-7.0799932,-6.955991,-6.8316326,-7.1073885,-7.3827744
-1.6632448,-1.094855,-0.525829,0.0977462,0.7207959,1.0740007,1.4285082
25.169842,24.941174,24.71198,24.533262,24.354485,24.845018,25.335716
-35.51986,-35.393635,-35.26882,-35.67355,-36.080326,-36.28574,-36.48963
-51.919456,-51.61704,-51.313446,-51.035908,-50.758213,-50.09538,-49.43269
-15.308577,-15.106879,-14.905226,-14.503536,-14.102072,-14.142679,-14.18106
-14.543722,-14.808723,-15.073421,-15.250518,-15.427144,-15.518956,-15.611352
4.2821054,4.745981,5.2118254,5.592452,5.972188,5.9777813,5.982815
107.26316,107.19555,107.127594,107.14244,107.15739,106.98953,106.82171
65.73309,66.201126,66.67031,66.30837,65.947975,65.24337,64.53854
6.040124,5.965893,5.891707,5.6812053,5.4708543,5.989811,6.508112
-13.065352,-12.97712,-12.889035,-12.985288,-13.081023,-12.790035,-12.497665
-20.560905,-21.006744,-21.452469,-22.673641,-23.89785,-23.96859,-24.038311
27.740406,28.178646,28.616102,28.783588,28.952065,29.123535,29.294157
-42.207516,-42.224895,-42.241917,-42.670467,-43.09834,-43.424644,-43.749958
27.579906,27.899284,28.21823,28.762064,29.305565,29.543856,29.781576
-37.481953,-37.191456,-36.900993,-36.845325,-36.790295,-36.427685,-36.06356
68.37611,68.03319,67.69087,67.78097,67.872185,68.053474,68.23367
-29.96374,-29.668898,-29.372286,-29.434576,-29.498602,-30.319433,-31.139515
-10.637732,-10.180189,-9.722985,-9.654158,-9.584645,-9.863332,-10.142616
26.874666,26.663614,26.451538,26.849651,27.247536,27.28121,27.31586
9.28939,9.452837,9.618064,9.334856,9.050801,8.783473,8.516106
-38.476727,-37.38164,-36.286972,-35.584267,-34.881268,-34.122696,-33.36374
42.42433,41.83949,41.253666,41.49707,41.74133,41.32174,40.90377
2.1149015,2.600079,3.0852854,2.8689206,2.652767,2.8838894,3.1139162
-70.780914,-70.83232,-70.88543,-70.40736,-69.93066,-70.15424,-70.37772
-42.63076,-42.727715,-42.821377,-43.239662,-43.65931,-43.3726,-43.086555
-43.68296,-43.63718,-43.590755,-43.476536,-43.361553,-42.495777,-41.63027
76.137924,76.09324,76.048065,76.489075,76.93141,77.15553,77.38025
-30.016428,-29.88458,-29.755089,-29.772598,-29.789442,-29.79916,-29.81024
-88.667725,-88.277885,-87.88646,-87.35835,-86.83168,-86.51651,-86.20062
-9.544557,-9.765187,-9.986453,-10.162465,-10.338576,-10.21132,-10.084443
28.731798,28.421965,28.111198,27.972057,27.832905,28.20313,28.574457
39.490623,38.864223,38.239,38.643967,39.05027,38.625977,38.203495
9.607637,10.011953,10.417995,10.675259,10.932213,11.488893,12.046403
-3.2263525,-3.2411115,-3.2583387,-4.0237255,-4.789176,-4.907386,-5.025176
89.18793,89.43721,89.68602,89.780716,89.8742,90.05895,90.24527
19.908947,19.222624,18.538252,18.900326,19.262709,19.41388,19.56457
9.280765,9.314355,9.347419,8.9217615,8.49517,8.447036,8.399953
-13.990436,-13.994367,-13.997621,-13.848638,-13.701263,-13.766728,-13.833017
-17.34752,-17.362381,-17.37597,-17.113668,-16.850885,-17.099953,-17.349123
2.2077146,2.3630843,2.5174522,2.4824815,2.447795,2.0677853,1.6868488
-8.577426,-8.449759,-8.32183,-8.4019375,-8.4825325,-8.007632,-7.533012
16.688478,16.799482,16.911013,17.147387,17.383207,17.141165,16.900267
85.257675,84.89263,84.52564,84.62912,84.73497,84.741356,84.746895
23.251402,23.305561,23.360899,23.180809,23.001274,22.827164,22.65307
-12.332864,-12.058526,-11.785192,-11.918278,-12.052201,-11.921583,-11.790789
10.19481,10.17515,10.154961,10.135137,10.116022,10.444082,10.772001
-82.118164,-82.23231,-82.34627,-82.807465,-83.26775,-83.48153,-83.6958
4.4491906,4.0581384,3.666844,3.015408,2.363131,2.3851933,2.40844
76.92935,77.39096,77.85281,77.49692,77.14252,77.038574,76.93389
44.303772,44.48244,44.66039,44.663357,44.66866,44.66,44.65236
-31.767233,-31.44176,-31.113428,-30.968374,-30.822622,-30.301672,-29.781916
16.928343,16.710918,16.491621,16.343899,16.19629,16.029667,15.865275
-48.76449,-49.068264,-49.370625,-49.052277,-48.734577,-48.60031,-48.463966
20.094301,20.217552,20.339972,20.072435,19.806248,19.598627,19.39127
1.3594791,0.5210163,-0.3187836,-1.3504056,-2.381251,-2.8454616,-3.309674
-83.13662,-82.942505,-82.74805,-82.826584,-82.90445,-83.278,-83.65312
-65.69032,-65.501236,-65.30979,-65.47711,-65.64541,-65.73369,-65.82317
-27.184683,-26.919605,-26.655188,-26.831453,-27.008799,-26.886637,-26.763582
-5.417617,-5.604843,-5.791656,-5.4671774,-5.1417766,-5.1054997,-5.0697527
-2.9248738,-3.230432,-3.535335,-3.6121907,-3.6876998,-3.743032,-3.7968154
10.065714,10.464338,10.862019,10.828194,10.793762,10.994707,11.195213
-34.14555,-34.389378,-34.6333,-34.5642,-34.49588,-34.418972,-34.34053
26.593292,26.487625,26.382286,26.375734,26.370127,26.173717,25.97744
-67.32166,-67.44107,-67.559326,-67.67829,-67.79758,-67.63238,-67.46766
31.480408,32.094513,32.707417,32.83369,32.959465,32.997444,33.03453
49.805508,50.146946,50.487347,50.280983,50.075672,50.090137,50.102673
-11.284285,-11.635277,-11.985473,-12.482279,-12.980088,-12.935997,-12.892217
100.06123,100.13078,100.20059,100.1862,100.172325,100.299774,100.42664
24.120407,23.660303,23.200993,23.15669,23.112398,22.332142,21.551817
-64.19287,-63.542995,-62.89401,-62.38859,-61.8834,-61.03226,-60.182663
-127.17021,-127.10083,-127.030365,-126.88194,-126.73471,-126.68852,-126.64314
-33.48595,-33.29941,-33.11169,-33.243935,-33.376823,-33.411366,-33.448166
-0.7192176,-0.8996728,-1.0789139,-0.93375283,-0.7896746,-1.7701185,-2.7509558
40.31569,39.887974,39.460697,39.117283,38.77455,38.280033,37.78477
7.551024,7.4993925,7.448776,8.598584,9.749983,10.222003,10.693795
-30.917973,-30.703182,-30.48839,-30.17634,-29.864197,-29.893707,-29.923271
92.88401,92.70966,92.5357,92.294266,92.05416,91.8841,91.71383
10.565327,10.625216,10.684307,11.58253,12.482104,12.776302,13.069702
121.88901,121.95761,122.02493,121.91184,121.801155,121.77316,121.74534
8.346726,8.418005,8.48847,8.782026,9.075465,8.819,8.563735
1.1091523,0.9083232,0.7064685,0.722372,0.7383651,1.069097,1.399662
-18.894125,-18.984308,-19.073465,-18.803854,-18.534395,-17.792124,-17.050812
80.454384,80.21915,79.98331,79.28217,78.58082,78.363144,78.14703
57.800373,57.604267,57.40678,58.153862,58.90314,59.154625,59.40783
-23.222357,-23.64151,-24.060448,-23.884377,-23.707249,-23.753925,-23.801477
-2.1329393,-2.4880419,-2.8432875,-2.5849543,-2.325241,-2.240263,-2.1544943
0.13834652,0.1006845,0.06275592,-0.41423956,-0.8917633,-1.5193807,-2.1461852
30.311644,30.632742,30.953438,31.31861,31.685074,31.830702,31.973791
-64.44397,-64.34157,-64.23791,-63.325172,-62.413906,-62.005455,-61.5969
-56.087803,-55.42468,-54.76102,-54.656704,-54.55381,-54.366177,-54.17868
0.27436218,-0.5353247,-1.3444613,-1.6896406,-2.0347538,-2.5157664,-2.9957235
-77.564865,-77.639496,-77.713905,-78.40681,-79.10035,-79.156166,-79.213264
13.186671,14.007856,14.830365,14.791124,14.75178,15.058545,15.365392
-32.888603,-32.471207,-32.053013,-31.32816,-30.605581,-30.173561,-29.741129
25.580297,25.78964,25.99969,26.577751,27.156427,27.196146,27.236572
96.06359,96.19152,96.31811,95.73456,95.1507,95.85088,96.55253
-56.345997,-56.56594,-56.784504,-56.811474,-56.839916,-56.688198,-56.53629
-113.79207,-113.88075,-113.968056,-113.701866,-113.43839,-112.95324,-112.46994
-10.253908,-10.690521,-11.127932,-11.946068,-12.765806,-12.988104,-13.209695
-41.400368,-41.56514,-41.729458,-42.37955,-43.030968,-43.240158,-43.44935
-6.588295,-6.5153465,-6.4436893,-7.3812485,-8.318567,-8.24539,-8.173074
26.457392,26.801723,27.14638,27.941298,28.736517,28.802328,28.867498
-50.059944,-50.036964,-50.01522,-49.994473,-49.974426,-50.33547,-50.696327
55.781364,55.689617,55.59995,55.490707,55.382557,55.49644,55.60986
1.2586603,1.2020607,1.1452093,0.71634483,0.28669167,0.33496666,0.38177586
-26.410618,-26.442286,-26.473864,-26.217655,-25.962524,-25.845554,-25.72908
-108.74248,-108.09463,-107.4461,-106.94012,-106.43467,-105.94331,-105.45138
2.5661924,2.93515,3.303848,3.6885087,4.0736804,4.014211,3.9535806
-69.02119,-69.10002,-69.17794,-68.74483,-68.31306,-68.31821,-68.322365
3.3942418,3.0993323,2.8050246,3.2488902,3.6925557,3.6037214,3.5150971
-54.682255,-54.24761,-53.813786,-53.45479,-53.09457,-53.17775,-53.262005
-4.263133,-4.4255533,-4.587944,-5.2548122,-5.9217486,-6.1883664,-6.454074
3.4680974,3.7802112,4.092027,4.1996436,4.308144,3.9251773,3.5427086
69.60421,69.583496,69.56294,69.792786,70.022545,69.40754,68.79105
-7.470119,-7.426687,-7.3828635,-6.6941104,-6.0045867,-6.252279,-6.4988284
-92.000916,-91.36176,-90.72436,-90.241035,-89.75695,-89.34031,-88.92263
-1.3392473,-1.209232,-1.0795132,-1.6850725,-2.289167,-2.2448907,-2.2004123
32.87197,33.15744,33.44043,33.437748,33.43517,32.97624,32.515736
-17.451122,-17.396902,-17.345705,-17.787092,-18.228086,-17.633068,-17.037565
-0.28113732,-0.70026666,-1.1183137,-0.65589696,-0.19341452,0.41048256,1.0141183
36.729855,37.018345,37.30569,37.22427,37.143105,36.808746,36.47496
29.29693,28.942837,28.587437,28.279667,27.972157,27.414173,26.8568
44.385464,44.341335,44.297344,43.561165,42.82454,42.648296,42.472504
32.08409,31.766603,31.450521,32.17875,32.90818,32.012794,31.117968
-22.432993,-22.662817,-22.891794,-22.601166,-22.31102,-22.323973,-22.338776
4.415472,4.6475677,4.8788357,5.2107086,5.5424376,5.5074825,5.4736853
28.702724,29.077322,29.451405,29.583181,29.715046,30.090124,30.465448
100.169075,100.47817,100.786644,101.02573,101.26488,101.23568,101.20666
29.529995,29.412773,29.296661,29.173553,29.05259,28.892418,28.73202
85.37506,86.28794,87.20134,86.99857,86.79586,87.379074,87.96132
5.560317,6.1132326,6.6676674,7.030202,7.3920927,7.91059,8.429091
57.408108,57.329628,57.24924,57.88306,58.517635,58.408344,58.299603
57.007885,57.045265,57.082886,57.050285,57.018364,57.180416,57.3422
51.78789,52.05239,52.31744,52.409924,52.502647,52.136948,51.77142
37.202816,36.374767,35.546932,35.023426,34.500675,34.818714,35.13674
10.249922,10.471933,10.695021,10.878047,11.063071,11.33924,11.614091
-6.0814433,-6.147369,-6.2136683,-6.013594,-5.8128285,-6.216168,-6.61997
-16.895988,-16.75832,-16.621456,-16.352226,-16.082869,-15.884438,-15.684971
14.578081,14.652036,14.725686,14.935019,15.144662,15.042623,14.941604
-2.3956978,-2.7357993,-3.0750575,-3.4522865,-3.8291385,-4.0858116,-4.3417506
