2014 SVI Disability Encoding,2015 SVI Disability Encoding,2016 SVI Disability Encoding,2017 SVI Disability Encoding,2018 SVI Disability Encoding,2019 SVI Disability Encoding,2020 SVI Disability Encoding
-28.523668,-29.326591,-30.1349,-30.251308,-30.366486,-30.091679,-29.816929
43.47319,43.799625,44.118057,44.052647,43.988407,43.791485,43.594524
46.165802,45.971542,45.59764,45.632896,45.669044,45.006126,44.34484
-13.398603,-13.299449,-13.220651,-12.194711,-11.168786,-11.043942,-10.918022
-4.7166877,-4.823454,-4.7882643,-5.1114726,-5.4342294,-7.009801,-8.586955
47.37533,46.95518,46.459393,46.122234,45.78542,45.570972,45.355564
45.939507,46.205276,46.59656,45.936443,45.27634,45.693207,46.109703
-88.89132,-90.26725,-91.515495,-90.883156,-90.25293,-89.21653,-88.18058
-62.44412,-61.868755,-61.338657,-61.461716,-61.584408,-61.967667,-62.348526
-0.43107972,-1.4053181,-2.5038679,-2.5777357,-2.6500509,-3.4398992,-4.23145
64.818985,65.256485,65.818405,65.85818,65.898094,65.26728,64.63507
-59.766605,-59.90008,-60.015896,-58.25748,-56.499096,-56.136806,-55.77374
-59.884026,-59.69748,-59.372272,-59.07414,-58.77535,-58.858925,-58.944115
45.693607,45.962524,46.30344,47.07341,47.843594,47.030834,46.217056
-37.29034,-37.54466,-37.692738,-37.252743,-36.81334,-36.489372,-36.165466
18.30168,18.401112,18.332918,18.31209,18.292048,17.027266,15.762276
11.9228,12.441621,13.095397,11.322821,9.55141,8.227902,6.902482
-76.79009,-76.94275,-77.050415,-77.70359,-78.356964,-78.21817,-78.07929
-14.052921,-13.882277,-13.571043,-12.724206,-11.876904,-12.16111,-12.446182
54.176094,54.956703,55.57194,57.000572,58.429893,59.40499,60.380196
-46.697067,-47.31521,-47.813354,-47.026047,-46.239677,-45.41231,-44.583164
-13.396095,-13.1712885,-13.051363,-13.612129,-14.171604,-14.62979,-15.088555
25.705704,25.452393,25.052235,24.453655,23.856037,24.237926,24.618752
-19.766994,-19.738516,-19.635443,-19.212334,-18.789478,-18.163456,-17.536829
37.840313,37.202576,36.716953,35.683178,34.648487,34.884956,35.122353
-77.63255,-77.70961,-77.76171,-77.83862,-77.91528,-77.720856,-77.52574
41.363876,42.216812,43.150383,44.017513,44.884823,44.90503,44.92663
28.70931,27.741102,26.870756,26.164915,25.4584,25.562845,25.665514
-50.03037,-50.71964,-51.32394,-50.900425,-50.47681,-50.087635,-49.69771
-4.9074244,-5.0180674,-4.977516,-5.3570185,-5.7370462,-6.3129997,-6.888851
-2.9403522,-2.4080942,-1.8136451,-1.8754032,-1.9378622,-2.834647,-3.7310865
93.22839,93.66549,94.08527,93.69786,93.31052,93.10667,92.90628
-55.401012,-55.593506,-55.637684,-55.32759,-55.018486,-54.013176,-53.00857
-30.207472,-29.919155,-29.661694,-29.064709,-28.468376,-28.955448,-29.440493
28.99103,28.49515,27.974379,29.182993,30.393042,29.756323,29.120958
-22.034262,-21.356298,-20.560503,-20.172106,-19.783627,-19.530046,-19.274286
-44.313103,-44.79393,-45.340137,-45.25831,-45.176376,-44.444244,-43.713387
-9.780466,-9.882139,-10.070424,-9.760603,-9.449793,-9.458237,-9.465542
-31.606552,-30.691822,-29.629396,-29.958712,-30.289223,-29.571083,-28.853922
14.704929,14.491135,14.2080145,13.236208,12.263825,11.673242,11.081201
51.54876,52.34211,53.058807,54.266068,55.472458,55.50888,55.54553
28.320496,29.757652,31.078869,32.12793,33.17802,33.64916,34.120712
46.780956,46.490437,46.079468,46.54777,47.01418,47.42135,47.829193
-96.64902,-97.56578,-98.50038,-99.335724,-100.17087,-97.13315,-94.09376
26.487186,26.764063,27.0054,27.206194,27.406624,27.511053,27.613844
41.77498,41.608856,41.51231,41.980946,42.448193,42.453712,42.459526
16.950556,16.78763,16.626928,16.533953,16.441446,15.772437,15.104412
18.72531,18.894457,19.187023,20.315245,21.445478,21.567102,21.688627
-0.9843731,-0.817276,-0.5169096,-1.5528374,-2.5899591,-4.446761,-6.3057947
29.61464,28.96688,28.255741,26.638895,25.02052,24.336853,23.654987
46.123528,47.193275,48.321136,48.285465,48.250114,47.053776,45.858276
-29.825752,-29.774263,-29.806267,-30.17892,-30.552431,-30.547451,-30.543999
-6.1832857,-7.323283,-8.582879,-8.914523,-9.245927,-8.655839,-8.065938
28.355755,27.792217,27.11702,25.593166,24.069998,23.67603,23.28279
-44.639576,-45.129673,-45.531807,-45.19717,-44.863274,-43.997753,-43.130806
22.394646,22.008287,21.683764,20.872864,20.061913,21.031784,21.999537
11.888996,12.275843,12.679091,12.711294,12.743891,12.940041,13.135499
-23.732101,-23.190243,-22.746319,-23.147877,-23.549625,-24.57919,-25.610792
10.526401,9.902806,9.3021,8.326087,7.3496165,7.6306324,7.9129972
-101.43165,-102.049545,-102.82786,-103.13969,-103.45057,-101.93749,-100.424576
58.325985,58.288372,58.334896,57.366665,56.399616,57.46103,58.52112
34.482956,33.83309,33.215115,32.870106,32.524223,31.955532,31.38687
55.6943,57.012306,58.467342,58.65359,58.84013,58.096317,57.354824
3.5087523,4.1477876,4.754841,5.0697556,5.384524,5.8381248,6.29202
40.921185,40.849075,40.83243,41.128944,41.424255,42.335182,43.2445
8.670945,8.400703,8.142934,8.799487,9.456704,8.666062,7.87532
26.375086,25.657549,25.071009,25.91387,26.75654,26.867308,26.977297
11.835178,11.38522,10.970521,11.596342,12.223242,13.428474,14.6323185
-41.32472,-42.047062,-42.802937,-42.892452,-42.982197,-43.313793,-43.646618
5.9186983,5.8568754,5.8203325,5.030595,4.240155,3.242194,2.2439868
-42.847736,-42.950577,-42.89674,-42.62646,-42.355602,-41.691734,-41.025803
28.636684,28.691025,28.677322,27.553965,26.431156,25.52278,24.612514
48.276573,48.28147,48.25062,47.792606,47.33303,47.681103,48.029465
-39.359695,-40.187645,-40.897568,-39.583065,-38.2695,-35.637363,-33.00497
37.674225,38.29215,38.94809,38.844902,38.74124,37.530003,36.319794
-16.812778,-15.692838,-14.684467,-14.596501,-14.50842,-15.046971,-15.584535
18.604614,18.241955,17.81583,17.665737,17.514482,17.779888,18.047977
-18.650158,-19.461199,-20.290329,-21.02484,-21.759314,-21.944315,-22.12699
13.390113,13.239413,13.184254,11.879425,10.5763035,8.99268,7.407438
40.118816,40.202923,40.384518,40.60557,40.827446,40.874386,40.92214
-3.9440129,-4.763801,-5.463536,-5.68838,-5.9138007,-6.6048846,-7.296183
-0.38605258,-1.268599,-2.3215947,-2.958406,-3.5967193,-3.267445,-2.9387202
34.2867,33.35611,32.565323,31.723963,30.881939,31.31732,31.752508
-43.184994,-43.49024,-43.703808,-42.644154,-41.58437,-40.589092,-39.59487
16.166279,15.913369,15.633768,16.03073,16.427225,15.660958,14.893309
0.9464768,0.3225535,-0.24438968,-0.22070041,-0.19784752,-0.29116455,-0.38310447
-14.052933,-14.237407,-14.325519,-13.767999,-13.209586,-12.07965,-10.950351
-4.89834,-4.6028385,-4.371108,-4.7702856,-5.1700673,-5.685443,-6.1992807
52.1063,51.364395,50.655396,50.69596,50.736126,50.998375,51.260387
0.57909435,0.82189935,1.1962246,0.84106344,0.48480883,0.14659683,-0.19366796
65.336075,67.02882,68.80283,68.020164,67.23645,65.660065,64.083405
53.36474,53.826027,54.410126,54.811054,55.2116,55.98051,56.751225
-17.19367,-17.505901,-17.693344,-18.102814,-18.510101,-17.15425,-15.79997
111.17599,111.86373,112.563225,111.277626,109.99591,109.56677,109.13558
36.608566,37.060524,37.649292,37.44252,37.236176,37.506172,37.776833
-66.37233,-67.820335,-69.16892,-70.376656,-71.58571,-71.52651,-71.46845
-12.952782,-13.950625,-14.914161,-15.235925,-15.557708,-14.454978,-13.351783
-3.4908004,-3.4974399,-3.6101527,-4.7241454,-5.837911,-6.540729,-7.2425857
22.764719,22.875027,23.119846,24.484833,25.849766,25.328587,24.805344
-53.459064,-53.986935,-54.650032,-54.966175,-55.283295,-53.90778,-52.532475
34.068207,34.619366,35.205433,35.172886,35.141087,34.675056,34.20879
-1.3977798,-1.1078724,-0.8262647,0.5021607,1.8314158,1.6764427,1.523131
31.317703,31.929657,32.52066,33.30629,34.09257,34.30693,34.52344
44.18849,44.984135,45.918186,45.952347,45.986115,46.39091,46.796314
-58.970894,-58.796272,-58.53112,-57.365105,-56.199978,-57.050613,-57.902237
-79.17072,-79.85147,-80.52212,-81.47821,-82.43476,-82.49382,-82.55359
34.24721,33.461338,32.800648,32.5026,32.203667,31.307695,30.413027
-5.6438036,-5.2305303,-4.972248,-5.065596,-5.159257,-4.752813,-4.3444524
45.34825,45.197563,45.165115,44.508923,43.851982,43.022373,42.19216
-87.74568,-88.26492,-88.884865,-87.84425,-86.805115,-86.10925,-85.41545
79.31419,78.958305,78.57875,78.98092,79.3831,79.25698,79.13193
3.8073828,4.141596,4.479917,4.9409246,5.4006605,5.6857634,5.970401
-0.08771788,0.50175965,1.1144782,1.248458,1.383874,1.0927478,0.79985535
93.05067,92.61001,92.08574,91.9325,91.777596,92.564644,93.35231
23.634722,24.041239,24.327553,23.529419,22.7319,21.556826,20.380426
-46.62692,-46.832653,-46.936092,-47.78997,-48.641193,-49.064686,-49.488224
-80.02529,-81.43541,-83.03199,-83.89954,-84.766914,-84.14698,-83.52575
8.352925,8.822945,9.373819,10.0896015,10.807373,10.71703,10.6255245
70.05932,69.20703,68.26146,67.54153,66.821945,66.63209,66.442955
49.76835,49.984497,50.0255,50.200397,50.37414,49.798695,49.220913
-71.32964,-71.95618,-72.7462,-72.40602,-72.06537,-71.410805,-70.75337
-30.303835,-31.599257,-32.7758,-32.90546,-33.035538,-33.199383,-33.36198
31.370758,31.866737,32.336704,32.171646,32.004383,31.199345,30.396069
-58.279793,-58.949127,-59.738342,-59.000908,-58.263767,-57.019287,-55.77334
-40.23365,-41.43231,-42.612553,-42.44693,-42.282093,-41.532936,-40.781704
-52.638252,-52.745483,-52.731293,-52.753464,-52.776207,-52.29927,-51.821877
40.5978,40.84313,41.17915,42.909386,44.640667,44.241013,43.840496
80.20501,82.205986,84.25394,84.23059,84.206116,81.82248,79.44108
17.318626,17.388226,17.57616,18.03603,18.496294,18.935165,19.37209
-9.164643,-7.7655706,-6.264688,-4.2843776,-2.3034084,-1.3503147,-0.39968938
0.66213936,-0.6093717,-1.7447534,-2.1815248,-2.6196485,-2.8751512,-3.1295934
-16.428482,-16.82737,-17.352505,-18.42109,-19.490246,-19.414381,-19.340122
20.637472,20.09853,19.528753,20.26067,20.992039,21.644453,22.296942
43.81412,43.6598,43.441418,43.69999,43.95803,43.604065,43.250984
-7.819938,-7.1936965,-6.5677495,-5.9699006,-5.3740187,-5.2367253,-5.1000476
-40.693302,-40.87331,-41.05228,-40.330162,-39.6061,-39.2647,-38.92341
-19.10865,-18.896719,-18.766037,-18.217278,-17.670202,-16.54857,-15.424845
9.653034,9.070716,8.592778,8.356868,8.121234,9.471999,10.823651
32.53748,32.981,33.494152,33.461773,33.429665,33.847485,34.264156
-22.642214,-21.384993,-19.935556,-19.63534,-19.334784,-19.891817,-20.44874
29.087349,30.11281,31.005919,31.261656,31.517529,30.298489,29.080889
31.979733,32.26128,32.560852,32.570004,32.579353,33.313812,34.04788
-2.2860842,-1.1915663,-0.04749763,-0.13637531,-0.22449672,-0.5166968,-0.81001174
-5.5900974,-5.502268,-5.5069532,-5.143443,-4.7785244,-5.139677,-5.5014057
-51.712395,-51.514668,-51.282143,-50.47103,-49.660362,-49.3518,-49.043873
4.4973016,5.273275,5.891997,6.444265,6.997535,7.091992,7.1869073
21.265854,21.27843,21.276402,22.266998,23.256948,24.080124,24.90289
6.6330485,6.7092824,6.771849,8.258762,9.746546,9.311003,8.8771925
-55.246197,-55.089245,-54.850452,-56.102444,-57.35618,-58.398754,-59.441418
-40.14285,-40.054398,-40.050934,-39.391502,-38.7321,-37.85934,-36.98472
-5.548734,-5.6769767,-5.747629,-5.7808228,-5.8130484,-5.20485,-4.5975223
-4.596866,-4.766229,-5.0386252,-5.7394195,-6.4396644,-5.461883,-4.4861674
31.678694,31.521582,31.32507,30.728699,30.132683,30.184969,30.238132
4.1797547,4.2331347,4.3055825,5.110169,5.915238,5.7011857,5.486489
21.61556,22.17982,22.618467,21.365604,20.111643,19.89557,19.677359
3.9462435,3.4271262,2.7900126,3.4392245,4.087176,4.342112,4.597714
-1.4743012,-1.9209746,-2.3910167,-2.632859,-2.873946,-2.1306922,-1.3888491
-49.138855,-51.093964,-53.1019,-53.846184,-54.591576,-54.626648,-54.660767
-39.506668,-39.827354,-39.98565,-40.79588,-41.60592,-40.813557,-40.021248
72.35679,72.582794,72.70614,72.832375,72.95969,72.94925,72.93809
1.7316952,1.3491764,0.91996956,1.1632938,1.4062595,1.2820911,1.1563854
55.03505,54.748516,54.35337,54.004707,53.65567,52.997864,52.33922
-12.285072,-13.658192,-15.114802,-16.450878,-17.786882,-18.020454,-18.251648
-42.81222,-44.96702,-47.018295,-46.94391,-46.86802,-46.536293,-46.20363
-5.050488,-4.493533,-3.9778285,-4.2435718,-4.5109067,-4.2521834,-3.9953218
36.786896,36.774437,36.778347,36.127365,35.476776,34.798862,34.118484
32.703865,33.42073,34.28359,34.5228,34.761868,35.03007,35.299507
-7.2616944,-9.362215,-11.5868025,-12.556312,-13.526928,-13.914935,-14.304736
-3.6814327,-3.0894518,-2.6302047,-1.5395103,-0.44822925,-0.43618053,-0.4236073
42.399387,42.80137,43.085094,41.84869,40.6136,39.62631,38.638924
-46.663754,-47.53064,-48.355526,-46.758507,-45.162987,-43.636696,-42.111958
8.807876,9.315379,9.865437,9.932163,9.997964,10.469747,10.942308
-72.612755,-72.96657,-73.37905,-74.34059,-75.30408,-75.429565,-75.556305
-11.619656,-12.009264,-12.492166,-13.780775,-15.068377,-15.277948,-15.4867115
60.771885,60.638657,60.661922,60.87437,61.08691,60.534153,59.98017
9.861288,9.243693,8.539235,9.497761,10.456797,11.528906,12.599951
24.604279,25.186878,25.850668,26.697533,27.542734,28.560083,29.578138
-25.399023,-25.823189,-26.29842,-26.223965,-26.149525,-25.158714,-24.170189
-14.8258095,-15.384008,-15.883377,-15.578422,-15.273074,-15.539059,-15.803555
66.675514,66.22676,65.90954,66.285515,66.66083,66.23529,65.81172
48.90655,49.920322,50.779778,50.581764,50.383007,48.428955,46.47544
-2.880221,-2.3051648,-1.5992093,-2.2037396,-2.8070416,-3.6613593,-4.514807
-38.949997,-38.314728,-37.5575,-36.6873,-35.815826,-35.71031,-35.607536
48.25396,48.98832,49.66833,50.912453,52.1563,51.596523,51.0379
30.108135,30.633108,31.150356,31.654575,32.16136,31.380037,30.597809
3.2741673,3.828956,4.4413466,4.7883515,5.135385,4.171099,3.2061398
-8.527559,-7.861399,-7.2501416,-7.510243,-7.7700524,-8.844406,-9.917971
-29.351885,-27.953234,-26.421722,-25.395056,-24.368343,-24.074669,-23.780697
-17.382475,-17.94272,-18.495787,-19.439499,-20.384136,-20.784859,-21.18507
13.841039,14.805537,15.869039,15.25533,14.641209,14.585469,14.529794
16.764637,16.261309,15.810943,16.934137,18.057272,18.379675,18.702444
-17.008644,-17.063684,-17.120728,-16.871569,-16.620275,-17.318567,-18.016018
31.838797,31.818132,31.754293,32.02227,32.292274,31.891184,31.489344
-25.744299,-26.689314,-27.563063,-28.331522,-29.098886,-29.492914,-29.888151
37.362553,37.089268,36.873096,36.21607,35.560024,34.63509,33.710884
-44.76514,-44.749405,-44.805683,-44.089466,-43.37237,-41.57016,-39.771008
3.8948164,2.6710038,1.5441842,0.6545744,-0.23512745,0.5590148,1.3541002
-50.50799,-51.0818,-51.601532,-53.850483,-56.100277,-56.52363,-56.945835
-14.5954,-14.692769,-14.658504,-13.983743,-13.309359,-12.230733,-11.15365
22.90932,23.038343,23.302689,22.749462,22.194078,21.908665,21.622955
-13.233121,-13.67112,-14.077954,-15.689541,-17.300219,-18.655655,-20.01219
-3.3085122,-3.2956777,-3.4364057,-3.1155915,-2.793631,-1.9586092,-1.1250731
-20.32665,-19.411568,-18.53515,-19.407969,-20.281168,-21.174868,-22.069693
32.219505,32.144505,32.16693,31.250742,30.334272,30.911034,31.487005
82.112526,81.88686,81.52657,81.743256,81.960464,83.407875,84.85668
-1.933,-2.4186091,-2.916984,-3.5806508,-4.2425857,-4.2397923,-4.236346
-2.6013246,-2.6132607,-2.6476235,-2.5080705,-2.368176,-3.1738124,-3.9767518
38.150345,38.666553,39.236813,39.59616,39.957485,39.011856,38.064365
-46.479866,-46.40613,-46.458427,-46.60157,-46.74573,-47.022835,-47.30189
-19.64169,-18.414686,-17.31256,-17.647032,-17.981852,-18.474604,-18.966463
-3.347436,-3.0090942,-2.6641722,-1.5028353,-0.34239012,-0.8150235,-1.2875404
-24.171497,-24.096611,-23.976461,-24.559326,-25.142315,-25.317635,-25.49255
16.637545,16.738672,16.775639,17.77094,18.767344,18.049204,17.331491
-13.978296,-14.370069,-14.754806,-14.312175,-13.869476,-12.99925,-12.1293
-86.92967,-87.3537,-87.870125,-88.325005,-88.78089,-88.0701,-87.35566
42.14912,41.946583,41.82118,40.69882,39.576183,38.25779,36.937435
-77.54238,-78.22778,-79.04765,-78.86033,-78.67325,-78.64011,-78.60549
-26.165083,-26.72006,-27.294004,-27.261023,-27.22725,-26.15799,-25.08663
-13.026283,-13.63245,-14.346157,-13.876053,-13.407093,-12.210865,-11.01656
-4.748381,-5.371696,-5.9610753,-6.256433,-6.552361,-6.8254757,-7.0984445
54.440857,53.495968,52.35565,52.24176,52.129234,53.10309,54.07813
-11.4050455,-11.672221,-11.875536,-11.716338,-11.557247,-10.396681,-9.23461
1.2370964,1.0665787,0.861734,0.7222739,0.58207804,0.3278614,0.07362375
-50.395554,-50.11229,-49.72003,-50.00486,-50.288982,-51.61293,-52.93879
11.013903,10.591322,10.2864895,9.772274,9.259771,9.698587,10.136534
-28.590542,-29.065872,-29.566122,-30.131695,-30.696472,-30.625336,-30.554419
-59.727623,-60.74617,-61.73215,-61.087517,-60.442642,-60.31166,-60.18115
8.545532,7.8556414,7.1973643,7.889735,8.581099,9.452379,10.322518
16.955374,15.942719,15.064799,14.738723,14.412295,13.228499,12.043583
-33.596516,-34.46804,-35.40198,-34.0257,-32.6484,-31.648903,-30.648788
20.64154,21.030308,21.304655,20.793049,20.282993,21.50499,22.728043
3.309217,2.445394,1.6227735,1.8554052,2.08608,1.6551336,1.2257246
61.919926,62.834854,63.647606,64.04765,64.44806,65.369514,66.29058
-33.08277,-33.344036,-33.590008,-33.785305,-33.97983,-33.214386,-32.446705
100.62669,100.818405,101.15012,100.987526,100.82433,99.87704,98.929375
-23.484344,-23.852146,-24.194174,-23.818031,-23.44308,-22.68644,-21.929447
70.24642,70.76745,71.33078,72.46137,73.59121,73.05837,72.52468
-47.163437,-47.26769,-47.51421,-48.05221,-48.589787,-48.86583,-49.14017
-23.760153,-23.815418,-23.926924,-23.776766,-23.627203,-23.554653,-23.481888
-4.237572,-4.578201,-4.873897,-3.1426923,-1.4122751,-0.72881484,-0.044984575
32.498234,33.023243,33.468086,32.91786,32.366993,31.458641,30.550575
42.558914,42.933914,43.386986,42.390236,41.39279,41.130585,40.869324
21.506842,21.716837,22.073387,22.161709,22.249708,21.950256,21.65082
21.469677,20.834803,20.294252,20.781206,21.26869,21.06338,20.85842
-40.4755,-40.792183,-41.10225,-41.89451,-42.686203,-42.196823,-41.706776
6.460199,6.79337,7.202641,7.322307,7.44266,7.5066714,7.571062
34.09934,34.43587,34.58657,34.20213,33.817833,33.73407,33.651333
4.7146654,4.3017893,3.818406,3.0623655,2.3062181,2.722601,3.1398191
-44.046295,-44.421234,-44.898193,-45.92318,-46.94749,-47.319176,-47.691216
-10.403263,-9.494499,-8.460003,-7.5793953,-6.6985273,-6.728283,-6.7584896
-11.623361,-11.882034,-11.97829,-12.453991,-12.930406,-12.860709,-12.789616
27.534761,27.331573,27.207226,27.756304,28.30564,27.674034,27.042685
-89.54955,-89.274124,-88.99745,-88.461845,-87.92823,-86.57911,-85.23018
-74.147446,-74.77077,-75.39664,-74.93951,-74.482574,-73.57223,-72.664665
-44.068893,-43.54875,-43.09556,-41.88895,-40.6823,-40.365585,-40.050632
23.322872,23.203579,23.132996,22.900131,22.667675,21.898647,21.129616
-38.52208,-39.605907,-40.523537,-40.494205,-40.4645,-39.962128,-39.460148
-33.10657,-33.370537,-33.56293,-35.71036,-37.85744,-39.73801,-41.61901
56.96637,57.84333,58.56434,58.83272,59.102516,57.297737,55.492546
-24.018888,-23.322992,-22.644045,-21.821154,-20.998882,-20.3299,-19.661177
-15.520866,-15.73402,-15.932183,-15.8474045,-15.761301,-16.76599,-17.770983
-103.88907,-104.7268,-105.67364,-105.48305,-105.293045,-104.8129,-104.33459
-73.409325,-73.547775,-73.64067,-74.882484,-76.12511,-75.8142,-75.504524
-25.382177,-24.578995,-23.593388,-23.01125,-22.429434,-21.799751,-21.169954
8.350802,7.6732497,7.015638,6.3117127,5.6070657,6.173343,6.7395234
34.07168,33.638702,33.24419,32.182114,31.119368,31.085215,31.051926
-63.948097,-64.725784,-65.43058,-65.8422,-66.25472,-65.98986,-65.72698
11.063129,10.512065,10.043859,9.593043,9.140572,8.668101,8.198345
14.795843,16.208158,17.649324,17.33454,17.021694,16.68777,16.352665
-67.974464,-66.754036,-65.47847,-64.477974,-63.477165,-64.288506,-65.09913
-15.444507,-15.108918,-14.684519,-15.600654,-16.515398,-17.118937,-17.72156
62.121593,63.46097,64.87576,65.95169,67.02733,66.099335,65.171295
2.8593264,3.4072123,3.9450035,5.904379,7.8653727,8.359005,8.853139
-22.197945,-22.675049,-23.076311,-22.235062,-21.394356,-21.962997,-22.531967
-18.028692,-18.397345,-18.769371,-17.757755,-16.74567,-16.25595,-15.767478
19.070288,19.242195,19.504948,19.497875,19.489288,19.519596,19.550018
58.23237,58.60268,59.015312,60.529144,62.04376,61.721455,61.39866
5.215815,3.6354816,2.1223047,0.43532538,-1.2504036,-1.1949217,-1.1387341
-53.11741,-54.33271,-55.47622,-53.710335,-51.945538,-50.649933,-49.355194
-29.799606,-29.698574,-29.571678,-28.961151,-28.350008,-28.741673,-29.133911
-7.081424,-7.051885,-6.9602294,-7.1684604,-7.377746,-7.463013,-7.5461583
-19.345959,-19.118912,-18.927355,-18.123268,-17.319187,-15.8981495,-14.475201
57.54548,58.489086,59.547882,62.05472,64.56409,64.89365,65.22366
-13.489903,-13.556074,-13.5101,-13.098289,-12.687098,-11.561831,-10.437171
-5.6115365,-4.090384,-2.4617121,-3.0749,-3.6881125,-3.9276793,-4.165215
-2.265637,-2.144773,-1.9412857,-1.8300952,-1.7202255,-1.9608496,-2.2023373
49.49788,49.050205,48.709404,48.451984,48.19563,47.69315,47.192265
-21.812151,-22.012732,-22.160923,-22.808493,-23.45724,-22.75958,-22.062582
-86.826164,-88.09168,-89.47205,-89.4296,-89.38694,-87.82339,-86.26231
2.4195979,2.2497137,1.918892,1.3141729,0.71000975,0.59204406,0.47468153
-4.2061586,-4.8231945,-5.3159685,-5.591915,-5.868923,-5.5021257,-5.137442
-5.381187,-5.4633822,-5.7065997,-5.072696,-4.440433,-4.948196,-5.4588046
-3.2923632,-4.5088663,-5.7119713,-5.6702514,-5.6273923,-4.9895887,-4.351287
80.59219,80.99547,81.39554,81.770584,82.14612,82.444756,82.74376
0.9361004,0.28102154,-0.35604435,-0.2243324,-0.09202917,0.2807259,0.6513714
50.81735,51.855156,52.99225,52.21349,51.43339,50.448986,49.46731
-39.92029,-41.211197,-42.36242,-41.913574,-41.46561,-40.09396,-38.722057
-15.71413,-16.792433,-17.760395,-19.257202,-20.754517,-21.350918,-21.946297
-22.66443,-22.3389,-21.846493,-20.504831,-19.162941,-17.00954,-14.85598
-46.944897,-47.172653,-47.500977,-47.426414,-47.35191,-47.499184,-47.646523
13.962253,14.693902,15.268378,14.252397,13.235876,12.761529,12.287206
-41.863644,-41.982895,-42.153477,-43.149746,-44.145454,-43.764706,-43.383057
87.82044,88.191216,88.5514,88.332,88.1123,88.06376,88.014565
-45.996693,-47.075752,-48.11127,-47.122974,-46.1332,-45.247433,-44.3604
-81.065445,-81.66002,-82.25072,-81.913055,-81.57924,-80.08187,-78.58411
-33.099636,-32.702137,-32.324234,-29.8898,-27.45569,-27.333532,-27.209846
-22.253277,-21.78373,-21.445541,-19.437819,-17.4305,-16.779634,-16.125284
6.6941767,5.7816916,4.947373,4.0190353,3.0909686,3.8266592,4.5634212
42.607246,43.64028,44.528786,45.948715,47.370827,47.16386,46.958534
-12.076131,-12.575081,-13.087164,-12.529563,-11.971217,-10.745334,-9.518973
22.836002,23.0103,23.166428,22.986448,22.806812,23.961578,25.116396
-46.71296,-47.27324,-47.897865,-48.18795,-48.478764,-48.051548,-47.62275
-17.447065,-18.098185,-18.752249,-19.234713,-19.715853,-20.081396,-20.447842
-5.2772207,-4.474923,-3.7482502,-3.8527863,-3.9563582,-4.090329,-4.2247458
45.79995,46.492653,47.108246,45.17878,43.249268,43.275116,43.300365
-50.84293,-50.626312,-50.439148,-48.932022,-47.42589,-46.036865,-44.647236
-3.3710983,-4.2024984,-5.0782175,-4.837062,-4.5963564,-3.726054,-2.8551586
-36.10434,-35.802845,-35.489574,-36.052998,-36.61514,-37.830914,-39.048237
-49.644314,-49.84808,-50.00852,-50.403168,-50.79846,-49.99896,-49.198627
61.042683,61.28169,61.480648,60.58823,59.69627,59.082897,58.470745
37.572655,37.80754,37.945618,36.97266,35.999424,34.540276,33.083073
-15.612196,-14.403685,-13.124921,-14.115729,-15.107998,-16.28097,-17.451843
14.617226,14.165181,13.7329,13.2165985,12.6995535,13.52096,14.343235
19.034489,19.732151,20.543394,19.062424,17.582458,16.576597,15.571659
19.743309,20.158472,20.593533,21.001808,21.40971,20.625195,19.840607
18.405485,18.999287,19.657469,20.020906,20.386024,20.969908,21.55469
29.810337,30.088911,30.301638,29.677954,29.05408,29.263807,29.473213
2.5356038,3.0089257,3.4657414,3.107629,2.747352,2.304124,1.8608218
-4.317189,-4.7528944,-5.0707674,-5.2469797,-5.4220457,-5.6831293,-5.943267
-20.717873,-20.22708,-19.833487,-19.762888,-19.691221,-19.875763,-20.062222
0.51425546,1.2261105,1.9183979,1.949729,1.9811468,2.0785627,2.1765356
35.88086,35.436287,35.10708,35.028404,34.946884,35.20052,35.453594
2.6805596,2.4733129,2.1294827,1.6003834,1.0707318,1.1203076,1.1702868
-11.585191,-11.67721,-11.784543,-11.75019,-11.7177,-11.904232,-12.090876
-5.6141357,-6.351721,-7.10851,-7.995822,-8.883535,-9.338487,-9.792893
8.04927,8.974294,9.837133,9.435301,9.033521,8.80206,8.570271
-16.759153,-16.198574,-15.524986,-15.967203,-16.410025,-16.436907,-16.460833
8.29226,8.217175,8.210208,8.09486,7.977989,9.104869,10.232082
-53.9231,-54.39768,-54.86656,-54.372982,-53.878407,-52.90765,-51.937153
-47.899696,-49.64096,-51.40607,-50.154003,-48.901764,-49.227882,-49.556164
26.30373,25.971502,25.785805,25.656197,25.526138,25.473785,25.422125
31.408134,31.615377,31.871239,31.506496,31.142546,31.488564,31.834063
27.77843,27.435999,27.227976,29.409311,31.591322,32.097614,32.60188
35.253883,35.536163,35.866993,36.204315,36.541824,35.522663,34.50479
46.0596,47.307693,48.482384,48.867523,49.252422,49.43573,49.618484
46.011074,46.389854,46.83424,46.478374,46.120697,46.513775,46.90781
-54.313023,-53.990948,-53.793644,-53.934006,-54.07397,-53.27867,-52.48475
31.090113,30.297087,29.624447,29.813835,30.002977,30.352322,30.703108
-28.113949,-28.607155,-29.027496,-28.432693,-27.838945,-27.315554,-26.792965
35.0494,35.071033,35.059963,34.60201,34.142418,34.63934,35.13604
2.1835115,2.272745,2.2168777,2.2412117,2.2664392,2.2802227,2.2962186
39.929478,39.174843,38.50553,37.05306,35.598385,36.549248,37.499157
55.75074,57.000515,58.104744,58.140575,58.17588,57.315083,56.45381
19.319674,19.052164,18.852962,18.519773,18.185852,18.809975,19.434668
-30.46556,-30.305391,-30.272629,-29.654116,-29.035936,-28.658407,-28.278986
54.633446,54.667553,54.669693,54.792637,54.915245,53.019104,51.123447
-28.514065,-29.42807,-30.186478,-29.819328,-29.452097,-29.508633,-29.56303
50.09617,49.294834,48.62811,48.470833,48.31157,47.04733,45.78122
10.930089,11.589904,12.339738,12.280345,12.222289,12.1174965,12.012288
27.306282,27.41214,27.513332,27.9457,28.378605,27.831535,27.285461
70.94748,71.71718,72.48653,72.21543,71.944305,72.120056,72.294525
-78.248474,-79.179825,-79.94095,-80.64496,-81.347046,-81.55968,-81.772514
-11.267847,-11.460387,-11.60528,-10.7641115,-9.921818,-8.660043,-7.396648
57.094566,57.283478,57.60791,57.94355,58.277615,58.016342,57.75409
-31.880352,-31.231157,-30.472778,-29.73089,-28.986715,-29.754053,-30.52016
67.659645,68.379074,69.271706,70.01474,70.76009,71.14226,71.525505
-77.16349,-76.65603,-76.2332,-75.83692,-75.440056,-75.7797,-76.11999
53.134113,53.73366,54.21546,54.836643,55.458546,55.34033,55.221943
-3.563412,-4.1523957,-4.8380637,-5.3119226,-5.7851243,-5.9407454,-6.0971704
-16.02808,-15.113213,-14.340662,-15.120387,-15.900406,-17.317905,-18.736605
-6.4371977,-6.391361,-6.3645887,-7.5818768,-8.799638,-9.4368515,-10.074226
9.480637,9.95663,10.356881,10.300002,10.241954,10.552251,10.860702
6.8357005,7.246021,7.5495057,8.956125,10.362856,10.344218,10.326218
55.713017,56.2835,56.844765,55.780933,54.71841,54.01605,53.312386
-14.006543,-15.275973,-16.425278,-17.151377,-17.876205,-17.96849,-18.060053
17.456999,17.386961,17.333002,16.339212,15.34372,14.619791,13.896044
-71.24871,-71.053825,-70.89999,-69.45932,-68.016945,-67.81496,-67.61235
-8.896268,-8.6967535,-8.596233,-8.199107,-7.801427,-7.956355,-8.10951
-48.661747,-49.703655,-50.821507,-51.201275,-51.58144,-52.11922,-52.654926
32.58798,33.385868,34.296722,35.461945,36.625412,36.856956,37.089993
-103.65833,-105.10948,-106.52517,-107.800835,-109.076485,-108.36718,-107.659256
42.325256,42.27756,42.146606,41.29097,40.435505,40.17916,39.92006
71.27616,72.67706,73.97669,74.31557,74.65478,74.058914,73.46457
48.168667,49.005836,49.846058,50.168423,50.490383,50.601994,50.716328
-15.463606,-14.707987,-13.956779,-14.69168,-15.424819,-15.484693,-15.545159
-72.86188,-72.84468,-72.81603,-73.43135,-74.04741,-73.686485,-73.32682
78.111305,79.35273,80.70712,80.27836,79.851326,79.21134,78.57006
-110.06267,-110.20946,-110.461945,-109.095245,-107.72948,-107.48512,-107.23961
-38.30975,-38.86041,-39.385075,-39.1947,-39.005592,-38.58834,-38.171177
-61.357872,-61.90513,-62.392376,-61.800922,-61.209587,-59.986168,-58.762142
-50.590694,-50.184002,-49.604237,-49.869724,-50.135212,-50.015633,-49.896015
-40.02319,-38.87423,-37.73566,-37.42371,-37.11198,-36.860477,-36.61028
-60.836426,-60.93439,-61.014057,-61.156334,-61.297577,-62.296745,-63.29711
6.769081,6.00004,5.3536224,5.2055016,5.0567226,5.5427704,6.0315857
15.602271,15.482524,15.217244,15.29079,15.36443,15.152603,14.941911
26.931965,26.987408,26.892185,28.48504,30.077993,30.191904,30.304811
-60.02506,-60.499153,-61.151356,-61.20021,-61.24948,-60.979725,-60.71144
-33.210274,-33.60259,-34.011295,-33.08762,-32.164623,-32.333378,-32.50115
-65.919495,-66.43616,-66.86371,-67.412766,-67.96258,-68.735634,-69.50632
-5.9274383,-6.0002494,-6.0519843,-5.828507,-5.605949,-5.7889037,-5.9719453
-13.551973,-13.482354,-13.317467,-12.948892,-12.580184,-13.561781,-14.545815
-18.214134,-18.58253,-18.826578,-19.705029,-20.58422,-20.145203,-19.705204
-57.23967,-58.191696,-59.127087,-59.151474,-59.17579,-58.08216,-56.98916
-72.44791,-73.0155,-73.66307,-73.08125,-72.49852,-71.24679,-69.995575
-25.972464,-27.411821,-28.892378,-30.212849,-31.532816,-31.135199,-30.734598
8.468538,9.105498,9.830239,9.588917,9.346455,9.913256,10.480588
-67.29324,-67.656265,-68.06532,-68.99716,-69.928955,-71.11669,-72.30531
-24.765545,-25.459599,-26.27779,-27.096584,-27.916693,-27.736872,-27.555328
-65.26161,-64.86418,-64.49133,-64.39493,-64.299194,-64.46933,-64.64158
3.9276946,4.6726384,5.363608,6.721129,8.077578,9.046423,10.013912
44.227505,43.99703,43.657597,44.107834,44.557323,44.657204,44.75551
-41.7722,-42.417778,-43.169407,-42.485703,-41.80073,-42.128944,-42.457005
-1.2188915,-1.0081085,-0.84645444,-0.060743183,0.724827,0.035560757,-0.6538361
0.14980258,0.602281,0.9663671,1.6594933,2.351883,2.7406654,3.1297731
1.5208014,2.2259166,2.8770134,3.573661,4.2693048,3.7203004,3.1724303
34.577156,33.761566,32.940964,32.02595,31.109959,30.566256,30.024012
4.2929115,4.400673,4.6126547,4.5857773,4.5595818,5.4822893,6.402708
-23.722054,-23.640907,-23.51461,-22.412815,-21.311527,-19.767813,-18.224514
-47.37969,-47.21036,-47.19279,-45.870056,-44.546368,-44.34813,-44.152462
-80.48227,-80.42106,-80.21483,-80.61467,-81.01511,-80.3898,-79.7622
74.28237,73.89059,73.55767,73.30917,73.06076,72.091545,71.12221
-52.233315,-51.972176,-51.804634,-50.96091,-50.116623,-49.369873,-48.621822
-70.72029,-70.98262,-71.34767,-70.64551,-69.94391,-67.94823,-65.952354
-93.13661,-94.15713,-95.202126,-96.93461,-98.669014,-97.04806,-95.42843
-22.404057,-21.772404,-21.232843,-21.270323,-21.308775,-21.831408,-22.355143
-3.2478733,-3.2724466,-3.1250362,-2.5134888,-1.9023867,-1.4933615,-1.084507
9.265346,9.246049,9.292284,9.019486,8.747249,9.032407,9.319456
13.339704,13.741194,14.053227,14.894607,15.735864,15.078806,14.423286
10.801935,10.584876,10.415994,10.809529,11.2036915,9.661962,8.12035
-26.411974,-27.51809,-28.729448,-29.845476,-30.959074,-30.147297,-29.33687
-4.5291414,-5.016158,-5.5248632,-4.1066275,-2.689183,-3.3402584,-3.991492
34.580597,34.217793,33.909367,34.244225,34.578743,34.608635,34.638943
-15.393411,-16.553768,-17.56235,-18.909958,-20.25533,-19.340464,-18.427372
-34.444866,-35.031994,-35.55883,-36.275757,-36.994297,-36.785873,-36.577698
79.72939,78.62679,77.60553,77.0007,76.39595,77.10013,77.80296
7.916126,7.7492404,7.688827,8.320343,8.952534,10.403152,11.85322
65.42079,65.02615,64.66965,63.31955,61.968254,61.291065,60.614033
-36.111305,-37.114403,-38.17796,-37.077274,-35.97634,-35.66597,-35.355618
-23.920065,-23.70272,-23.513498,-24.146807,-24.780933,-24.959017,-25.138689
17.879963,17.619915,17.276115,18.167603,19.059196,20.066292,21.073212
101.36202,102.4497,103.622154,103.46143,103.30141,102.750404,102.19775
-67.238335,-66.59506,-66.02684,-66.26838,-66.51171,-66.49364,-66.474556
-33.826057,-34.89925,-35.993126,-35.27706,-34.56087,-34.803307,-35.046104
-81.13005,-80.28075,-79.47971,-78.38565,-77.29292,-76.45283,-75.615295
-76.332275,-76.03403,-75.839386,-74.43904,-73.03958,-73.177895,-73.316345
-2.3078017,-2.5596347,-2.7432399,-3.7371802,-4.72739,-4.8423953,-4.956304
-57.64636,-57.904194,-58.136086,-57.282413,-56.426834,-56.100513,-55.773815
-6.2801714,-6.4425583,-6.463394,-6.796856,-7.1305943,-6.9128675,-6.6956863
-49.84095,-49.86547,-49.779602,-49.976044,-50.172184,-50.88623,-51.60073
-41.45597,-42.213005,-42.864178,-42.600986,-42.336906,-40.835728,-39.334976
1.7703627,1.8428348,1.8216075,2.1164985,2.4109955,1.9386185,1.4641088
-53.81822,-53.918003,-53.93221,-53.275692,-52.619133,-52.341145,-52.064938
13.6468115,12.510094,11.245097,10.528309,9.811355,10.216216,10.620463
49.376472,50.734688,52.054718,51.852894,51.651222,51.23829,50.825806
15.040945,14.107533,13.180635,11.656985,10.132527,10.623996,11.114503
0.75850356,1.5822045,2.477852,1.6076714,0.73639166,-0.6723789,-2.080477
-14.194462,-13.665822,-13.128283,-12.763474,-12.397563,-10.670294,-8.944683
26.735174,26.360981,26.018124,25.862986,25.707968,24.94635,24.1842
33.23255,33.65325,34.049656,34.2777,34.503357,35.65523,36.803913
-18.11053,-18.70542,-19.357399,-18.715029,-18.072277,-16.271114,-14.47257
-68.04896,-67.28207,-66.5481,-65.667305,-64.785645,-63.07942,-61.374653
-0.019114688,-0.8879978,-1.8126175,-1.9027035,-1.9913056,-1.0090725,-0.027089313
11.891528,12.280416,12.605136,13.1838255,13.762448,12.692275,11.621272
-91.506134,-91.82788,-92.18023,-92.74446,-93.30878,-92.48398,-91.65924
-6.8876286,-7.6597643,-8.553998,-7.439762,-6.3250394,-5.3233976,-4.322331
22.919771,21.893618,21.020525,20.818878,20.616417,20.061302,19.506868
-31.50896,-31.76698,-32.16298,-32.40665,-32.649582,-32.384163,-32.120567
14.989133,14.757493,14.675692,14.458194,14.242104,14.885676,15.530787
-57.67783,-58.17857,-58.629692,-59.494316,-60.35887,-61.202744,-62.04564
68.77693,69.618675,70.33505,70.972275,71.60846,71.78717,71.96743
-66.46964,-66.366486,-66.16037,-65.502914,-64.84519,-64.79007,-64.73549
5.896809,5.0407414,4.261371,4.4968266,4.7340283,5.074331,5.4112926
-16.484825,-16.707584,-17.126106,-16.49474,-15.863101,-14.809491,-13.754176
-15.057415,-16.066515,-17.048489,-17.668213,-18.288277,-18.937052,-19.586504
-9.824582,-10.182836,-10.548229,-9.594461,-8.640365,-8.31094,-7.981564
-61.162678,-60.91765,-60.661697,-61.294495,-61.92839,-62.309994,-62.692116
82.71637,82.80888,83.0283,82.20815,81.38792,80.782745,80.1786
-52.910313,-52.559265,-52.066414,-51.36297,-50.66078,-50.12423,-49.587166
15.527774,15.848748,16.006742,16.043274,16.079245,15.018323,13.957528
-58.57932,-58.103905,-57.733566,-57.671608,-57.60937,-58.01612,-58.42198
-15.925529,-15.478041,-15.133098,-14.742474,-14.351835,-13.600994,-12.849988
8.897803,8.507619,8.018289,7.7729273,7.5284643,7.013335,6.4959936
-50.846107,-51.940704,-53.176228,-52.744915,-52.312885,-50.960056,-49.60534
15.107828,15.588758,16.234604,16.232876,16.229908,15.868531,15.504906
-4.7127376,-3.635313,-2.6286228,-2.3600633,-2.0925171,-3.19633,-4.300995
-36.00539,-35.63112,-35.238678,-34.442524,-33.646404,-34.011677,-34.37736
2.6627252,2.75823,2.763179,3.6980464,4.633393,5.6169496,6.599078
7.9640384,7.66506,7.390315,7.3127513,7.233399,7.813865,8.393843
-52.63008,-52.269978,-51.813076,-51.24246,-50.671585,-50.79115,-50.906933
-47.36313,-47.31398,-47.31533,-47.19507,-47.077393,-45.51066,-43.942078
-32.85914,-32.76544,-32.805573,-32.066822,-31.326344,-31.080498,-30.83624
96.584076,97.089645,97.57161,96.50395,95.43518,94.26546,93.096405
-77.277115,-77.65945,-78.20567,-78.65174,-79.09683,-79.15431,-79.21115
66.71116,66.88559,66.97031,65.292786,63.61431,61.323868,59.032707
30.427898,31.506603,32.615116,32.677074,32.739536,34.187637,35.632877
-13.225163,-14.171666,-14.983796,-16.128191,-17.27384,-17.882051,-18.492937
18.885347,19.447104,19.851791,18.995493,18.13917,18.486378,18.833214
104.857086,105.99459,107.254875,107.03124,106.80688,106.270134,105.734634
-23.545216,-23.340906,-23.123674,-23.534143,-23.947954,-24.091019,-24.235577
44.18959,45.520424,46.846836,47.51716,48.188873,48.58169,48.973866
-10.840394,-11.274188,-11.554574,-11.511104,-11.468678,-11.349025,-11.227129
1.1170418,1.2528031,1.4404576,-0.15604088,-1.7538192,-2.0233448,-2.291848
9.338151,8.254587,7.197607,8.278302,9.359359,9.886962,10.412222
59.8156,60.83606,61.876003,60.84673,59.81772,57.10859,54.399338
-33.63647,-34.55326,-35.366283,-36.869995,-38.373222,-37.938774,-37.503315
-34.870804,-36.602234,-38.359085,-38.429115,-38.49973,-37.27012,-36.0411
-14.010118,-13.934935,-13.864433,-13.171922,-12.479117,-11.089824,-9.699924
32.6854,32.76007,32.77879,32.774635,32.769653,31.895435,31.01973
-4.730624,-5.022371,-5.15257,-4.904052,-4.654396,-3.9577684,-3.2591605
-54.620266,-55.679993,-56.66921,-55.485195,-54.301926,-53.95667,-53.610703
-7.9754434,-8.662826,-9.311757,-9.829649,-10.347,-10.152598,-9.956179
21.48253,20.566236,19.719744,19.476591,19.234522,19.482136,19.732573
-29.328266,-28.637766,-27.938599,-28.123772,-28.308218,-28.692272,-29.077265
45.062805,46.138912,47.073833,47.556343,48.03833,48.01075,47.984573
41.750603,41.77572,41.94288,42.70888,43.474167,44.305706,45.137253
75.42318,76.09896,76.64768,76.63749,76.62739,78.17341,79.7178
-34.802917,-34.979607,-35.156445,-35.676422,-36.19629,-36.06717,-35.937595
-49.499508,-49.118504,-48.816753,-49.108017,-49.400295,-49.94556,-50.48982
52.82099,53.149853,53.446075,54.781242,56.115894,55.825836,55.535706
-94.909355,-95.02525,-95.3121,-94.9384,-94.56583,-94.07679,-93.58573
46.972935,47.242874,47.436672,47.618805,47.80095,46.429375,45.056717
-16.646725,-16.980305,-17.346529,-17.740582,-18.135193,-16.830278,-15.525183
23.6092,23.246506,22.872868,23.159191,23.445807,23.691393,23.93705
-37.863125,-38.09581,-38.274216,-37.669613,-37.065212,-37.39347,-37.71976
56.349823,56.670197,57.002205,57.103855,57.20275,57.18969,57.175766
-36.714943,-36.825485,-36.873043,-37.445324,-38.016968,-38.28146,-38.54579
7.145253,7.1710954,7.2414784,6.451245,5.66127,5.322639,4.981837
-11.561689,-12.760252,-14.000284,-13.846638,-13.69257,-13.704294,-13.716784
55.621193,55.554184,55.35448,54.34254,53.329647,52.49497,51.660862
-38.92803,-39.14867,-39.377785,-38.447643,-37.517387,-37.180862,-36.846825
-22.65278,-21.964895,-21.211626,-20.804073,-20.396711,-19.431164,-18.465803
-25.81753,-25.284134,-24.690456,-25.072208,-25.454216,-25.687386,-25.922186
-58.83756,-58.883194,-58.865192,-57.49251,-56.12112,-54.99628,-53.872856
21.041567,21.485256,21.970871,22.682644,23.393967,24.238033,25.079372
-62.96674,-63.973053,-65.06262,-65.352516,-65.64357,-65.051094,-64.460396
38.689648,38.98179,39.425034,39.760864,40.09545,39.833412,39.571663
20.56405,21.699663,22.69308,21.538671,20.384235,18.902958,17.422277
81.47955,81.51017,81.59944,81.3015,81.00314,81.56608,82.13045
56.707443,57.816364,58.790638,58.368988,57.94689,57.23344,56.518547
30.636934,30.671406,30.61701,31.046782,31.477592,32.00972,32.54222
12.168687,12.368626,12.5842,12.864384,13.143007,12.600516,12.058713
-5.699852,-5.288312,-4.802429,-4.764426,-4.7266855,-4.1346807,-3.5421438
-65.9274,-66.26671,-66.5609,-67.16045,-67.75961,-68.1805,-68.599075
4.8026624,5.7277026,6.5364976,6.2624803,5.9887195,4.61326,3.236549
93.66801,94.64263,95.56046,95.48178,95.40262,94.81774,94.23116
-51.252296,-52.004784,-52.79654,-51.885136,-50.97351,-50.91909,-50.866425
23.04999,23.065561,23.114998,22.945696,22.775621,22.041891,21.310167
36.165672,35.113083,34.055847,33.67406,33.291603,33.41929,33.547466
57.113537,58.187386,59.26536,57.84441,56.423946,55.741825,55.06081
-29.92729,-30.23651,-30.401077,-30.193907,-29.986668,-29.235624,-28.485159
45.724495,46.156643,46.527905,45.491657,44.453606,43.765556,43.077946
-13.801396,-14.531331,-15.297771,-15.365199,-15.434021,-16.564701,-17.697199
36.071857,37.86808,39.70341,39.50939,39.314743,38.86697,38.420387
-33.83664,-33.842403,-33.746635,-31.932337,-30.11739,-28.740017,-27.364223
-79.3893,-80.72068,-81.96725,-81.213745,-80.46262,-79.64656,-78.8298
37.587093,38.26784,38.98353,39.36056,39.73705,39.648678,39.561165
-4.286302,-4.460414,-4.514186,-4.7266984,-4.9399495,-5.5179753,-6.095314
-42.06438,-42.47865,-42.764084,-43.08078,-43.39822,-43.193947,-42.989876
62.519962,62.69065,62.853577,62.594986,62.33642,62.639214,62.94001
-4.448169,-3.4359758,-2.3930442,-2.9267414,-3.4612758,-4.7763276,-6.091946
101.81099,101.8664,101.903755,101.85518,101.806816,101.90674,102.00638
64.16566,65.18586,66.106415,67.59509,69.0843,68.483315,67.88308
-30.111197,-30.54877,-30.80301,-31.465296,-32.127018,-32.665314,-33.204105
25.701366,26.071203,26.511591,25.812128,25.113228,24.643211,24.175049
-37.423973,-36.318264,-35.287727,-35.620743,-35.954414,-35.144012,-34.33249
33.086693,33.195885,33.42299,33.907967,34.39239,34.41912,34.447372
-42.3136,-43.274624,-44.366272,-43.983303,-43.59944,-43.78791,-43.976376
9.12177,9.585744,9.876007,10.40681,10.937235,11.357631,11.778948
-94.23399,-95.58318,-96.86528,-97.95926,-99.05337,-98.27531,-97.49732
-23.521616,-23.704576,-23.81698,-22.34142,-20.864431,-19.85483,-18.84627
-50.547592,-49.610584,-48.78302,-47.328648,-45.874306,-45.198723,-44.522858
-0.97631186,-0.96488255,-0.87789625,-1.4758191,-2.0744784,-2.5363243,-2.9976718
-10.205867,-9.968669,-9.657702,-9.950841,-10.243533,-8.588574,-6.93296
114.8667,115.75385,116.73233,116.95925,117.186905,116.64995,116.11377
-3.8619094,-3.7757792,-3.6849265,-4.171717,-4.65916,-4.4180303,-4.1807656
22.219349,21.577526,20.922903,21.099514,21.274252,21.232695,21.191488
-81.87816,-82.81432,-83.71686,-83.3206,-82.924614,-81.51403,-80.10187
15.0964575,15.685496,16.16001,15.617883,15.076333,14.356256,13.638858
13.047815,13.231579,13.448934,12.558738,11.669998,10.921819,10.17255
56.42838,56.51804,56.686012,56.553062,56.419643,56.564754,56.708626
2.9921906,2.8802702,2.8227103,3.3354933,3.8493388,3.881388,3.9106143
48.82811,48.28343,47.774372,47.65031,47.525536,48.367313,49.21028
-16.515497,-17.412745,-18.371016,-18.002043,-17.631762,-17.580267,-17.531881
-7.1017494,-7.741788,-8.307154,-8.42672,-8.54669,-9.139388,-9.732741
83.82439,84.63547,85.3387,85.7186,86.09781,85.25244,84.40904
61.653236,61.623013,61.646328,60.84358,60.040527,59.598454,59.1553
3.7071342,3.0841718,2.4873846,2.0824287,1.677632,1.2935084,0.9087644
51.443295,51.052204,50.623554,49.896137,49.16702,48.378162,47.59078
-27.718664,-27.361458,-26.91171,-27.43405,-27.956701,-28.830976,-29.704817
-31.48011,-30.69917,-30.057,-29.95657,-29.857117,-30.115936,-30.37462
-20.472027,-19.195267,-18.082857,-18.19248,-18.3028,-18.543428,-18.784166
6.6325035,7.04821,7.401413,6.0440807,4.686599,2.8053944,0.92478013
-12.997723,-11.923559,-10.743713,-9.580568,-8.418055,-9.31768,-10.218968
-31.640387,-32.544315,-33.41165,-33.36911,-33.32638,-31.970432,-30.613277
12.727656,12.807191,12.753842,13.251352,13.748187,14.381457,15.016607
68.77626,68.646324,68.427826,67.59146,66.75495,67.520935,68.28755
-80.39943,-80.11551,-79.94742,-79.987236,-80.02609,-80.49464,-80.96461
37.522053,37.774498,37.909054,38.270016,38.629406,38.562798,38.496403
5.395976,5.9959583,6.61674,7.0257874,7.4362097,7.2420177,7.046777
49.18349,49.18829,49.265095,49.325684,49.386414,49.789062,50.19293
75.333916,75.64425,75.85099,75.35411,74.85692,73.95097,73.04595
9.45925,9.49638,9.400961,9.021452,8.642931,8.229,7.8165245
1.7020732,1.6822044,1.5054904,0.674205,-0.15671808,-1.4407548,-2.7242115
-33.49131,-34.97309,-36.505642,-36.18505,-35.86481,-35.407127,-34.947826
-36.384552,-35.663353,-34.86374,-35.30469,-35.745453,-35.563557,-35.381157
-11.625249,-11.334778,-11.138393,-11.105715,-11.074873,-10.921508,-10.767407
-13.292851,-12.609581,-11.966272,-11.624611,-11.284415,-13.055027,-14.826895
-57.601795,-58.256325,-58.92568,-59.15131,-59.377182,-59.094513,-58.812187
3.1707554,3.2567844,3.4520192,3.686017,3.919826,3.4046483,2.8917174
-21.999115,-22.252419,-22.63155,-22.498487,-22.365427,-22.790976,-23.215963
-17.24716,-18.33488,-19.40881,-18.763474,-18.118143,-16.988846,-15.859021
40.916393,41.421215,41.896378,42.537277,43.179596,44.214695,45.249454
3.2495785,3.6477032,4.152152,3.8766408,3.6030045,3.675003,3.746544
45.039665,44.55263,44.024593,44.41982,44.816227,46.705948,48.593082
-66.045555,-65.290504,-64.59405,-63.730583,-62.867386,-62.369324,-61.87118
-16.69928,-18.284758,-19.749767,-20.718431,-21.687668,-20.58351,-19.480343
36.276817,35.9306,35.542446,35.336403,35.13074,34.81023,34.492764
0.20758213,0.6487433,1.0275999,2.1325443,3.2391403,2.9362009,2.6341627
-3.0865033,-3.8313172,-4.554405,-5.035714,-5.516637,-6.430729,-7.344225
-21.137865,-21.200058,-21.400026,-22.30442,-23.210592,-23.985025,-24.758062
39.111763,39.12284,38.956924,39.289944,39.623093,38.88826,38.154537
65.096,64.7624,64.49137,62.737755,60.984356,59.302406,57.621384
-2.8910863,-2.4855878,-2.003637,-1.7871665,-1.5692991,-1.9989806,-2.4263735
-15.493662,-16.45709,-17.286806,-17.12326,-16.962315,-16.708622,-16.452763
-19.077457,-18.665344,-18.291138,-18.382122,-18.47293,-19.021236,-19.567963
-27.963402,-28.32827,-28.632444,-28.586748,-28.540806,-27.527712,-26.515093
126.29315,126.075676,126.05363,126.92569,127.79767,128.41316,129.02812
-72.013985,-71.64685,-71.22758,-70.26979,-69.311676,-68.95018,-68.58978
2.5398972,2.6526883,2.8003132,2.9274743,3.0543644,1.8740513,0.69292957
25.08689,25.15622,25.369104,25.576767,25.783712,25.924715,26.065578
-20.161022,-19.972137,-19.67315,-19.881325,-20.09048,-20.70073,-21.313526
-16.663054,-16.323238,-16.03762,-15.60698,-15.177326,-14.819871,-14.463103
23.628212,24.642168,25.610378,25.163937,24.716455,24.128517,23.539326
36.59405,36.12247,35.57314,34.589886,33.6061,33.59731,33.589386
-25.536612,-26.253822,-27.04265,-26.897623,-26.753233,-27.792067,-28.833595
50.690544,51.935467,53.090816,52.966442,52.843754,51.30294,49.761524
3.3680534,4.45435,5.6493917,5.2174993,4.7836156,4.6512947,4.520079
-9.829584,-9.69089,-9.416213,-9.126634,-8.835504,-8.311718,-7.7874293
-8.960354,-9.237985,-9.520119,-10.154649,-10.7885275,-11.160733,-11.532247
4.5573997,4.566609,4.625568,3.0908291,1.5551337,0.41505396,-0.7237123
35.274376,36.439995,37.551,37.729992,37.909237,38.308395,38.707283
79.64103,79.31696,79.10389,77.43757,75.77004,75.16743,74.56377
-77.51056,-77.04587,-76.527275,-76.50674,-76.48716,-76.068,-75.649734
24.800877,25.209354,25.783627,24.959103,24.13668,23.48242,22.826696
16.036806,14.73884,13.50466,13.107612,12.710655,12.542975,12.3766985
67.60075,68.54074,69.63254,69.85212,70.07156,69.41274,68.75437
-55.518578,-55.882145,-56.091015,-56.66423,-57.23824,-56.820454,-56.40518
-32.093433,-32.306168,-32.658604,-32.413532,-32.168137,-31.773752,-31.37951
-46.66739,-47.30715,-47.903374,-47.847225,-47.789852,-46.930153,-46.070934
46.50484,47.50334,48.545704,48.808887,49.071423,48.17088,47.272083
57.662262,57.162704,56.74404,55.718704,54.693398,54.70236,54.710052
-148.35152,-148.76161,-149.23155,-150.46672,-151.70155,-151.84546,-151.98756
39.86298,39.91105,39.983955,40.57229,41.161526,40.972244,40.784004
10.0987625,10.332981,10.707446,10.466179,10.224335,9.667311,9.109012
-75.103485,-76.39039,-77.65062,-78.09095,-78.52877,-79.0687,-79.60783
-32.64947,-33.366653,-34.066437,-32.984512,-31.901915,-31.44047,-30.97843
19.397902,18.52195,17.693655,16.618706,15.543296,14.816235,14.0887985
16.773676,16.610912,16.50319,16.307571,16.112991,16.266333,16.418615
41.961884,43.010868,43.978703,44.342842,44.707363,43.803974,42.8998
-17.991539,-18.137302,-18.385244,-17.956108,-17.527334,-17.01118,-16.496862
-13.695523,-14.079734,-14.560056,-14.571369,-14.582952,-15.025208,-15.466155
-21.386686,-21.103876,-20.824251,-21.19283,-21.562159,-20.944086,-20.326927
-72.385506,-73.241516,-74.062,-73.76779,-73.47364,-73.92001,-74.367294
7.6295304,7.927447,8.176818,7.733729,7.291697,7.0337224,6.775004
1.4908746,1.8811458,2.184321,2.0232377,1.8619531,3.0887256,4.317351
50.284954,50.993725,51.614243,51.591682,51.57164,52.35439,53.13843
-1.1589369,-2.3638825,-3.5347419,-5.3374486,-7.141352,-7.430836,-7.7208877
-10.243127,-10.615927,-10.981265,-11.081187,-11.182826,-10.208209,-9.235005
-0.79864997,-0.1086523,0.6865986,0.6584595,0.63027126,0.61119395,0.5902017
-71.63532,-71.958046,-72.396034,-71.59639,-70.798515,-70.44615,-70.093575
45.751286,47.196793,48.512623,49.629913,50.747654,50.309853,49.8731
-76.37408,-77.02777,-77.72667,-76.003365,-74.27926,-73.43716,-72.59549
-39.23144,-40.60783,-42.055084,-42.159096,-42.26329,-42.08016,-41.89579
12.012089,12.153451,12.367727,12.279755,12.191556,11.440613,10.692308
82.56447,82.48515,82.408966,82.649315,82.88924,81.70056,80.50994
26.365227,26.776442,27.174011,26.31016,25.446281,24.890505,24.33426
34.79252,34.735172,34.611546,34.81892,35.025063,35.30112,35.5769
3.1827302,2.6001782,2.063054,1.4045811,0.7443742,1.6215334,2.4996996
-14.710065,-16.176462,-17.508558,-18.10126,-18.695538,-17.693665,-16.693554
42.570072,43.680477,44.8726,44.57044,44.269073,43.482048,42.695374
-24.995207,-25.946808,-26.999075,-26.368124,-25.73818,-25.497171,-25.256262
4.3077435,5.465104,6.5382423,5.591066,4.6438236,3.5457602,2.4482045
24.88955,24.353153,23.68498,24.994532,26.302628,26.805874,27.3096
-93.11831,-93.54779,-94.1044,-93.95983,-93.81576,-93.02567,-92.23344
16.478247,17.18707,17.880064,18.423246,18.965422,18.044989,17.126835
46.76579,46.931095,47.227657,46.966675,46.70454,46.585403,46.463448
-4.0820074,-4.180303,-4.27525,-3.6784792,-3.0809956,-2.1619883,-1.243052
-12.17381,-11.858545,-11.514876,-10.9706335,-10.42653,-10.585563,-10.744557
-26.056273,-25.2768,-24.68058,-24.273617,-23.868084,-24.293755,-24.718801
-49.09229,-49.629196,-50.20959,-49.761597,-49.31298,-49.340115,-49.36577
68.1593,68.372604,68.45946,67.66205,66.865295,66.92517,66.984566
75.15601,75.58733,76.08642,75.8771,75.66896,75.00797,74.347786
-57.53974,-58.467537,-59.438446,-60.091843,-60.744686,-59.500164,-58.25438
7.1765747,7.595285,7.955423,7.7687984,7.580969,7.593197,7.606062
-15.284042,-15.809875,-16.335857,-17.178753,-18.021967,-17.834995,-17.648684
2.251054,1.254346,0.33467975,-0.6100453,-1.5553159,-1.7464226,-1.9364327
-15.224022,-15.485455,-15.799287,-16.641611,-17.484114,-17.056894,-16.629574
43.798298,44.109512,44.406277,45.65084,46.89622,48.018818,49.14031
29.258425,29.94032,30.65358,30.494196,30.334814,30.59799,30.864569
1.4500226,1.2381214,0.92794645,-0.9396311,-2.8083577,-3.2128792,-3.6205668
-17.337303,-17.104633,-16.847195,-16.953922,-17.060215,-17.084068,-17.109432
-10.155757,-10.81548,-11.430703,-11.097579,-10.7623415,-10.252967,-9.742245
29.422606,28.714056,27.945684,27.33952,26.732813,27.358116,27.984041
-74.36016,-74.67953,-75.08599,-75.61839,-76.1508,-77.23344,-78.31414
-11.22081,-11.472311,-11.763647,-12.357811,-12.952248,-12.236607,-11.520109
-38.331944,-39.43209,-40.36891,-41.833046,-43.29814,-43.556904,-43.81923
-41.033394,-40.65254,-40.181442,-40.02415,-39.8677,-39.58062,-39.295124
59.953693,60.80262,61.64516,61.823936,62.002033,61.74896,61.498444
-42.8844,-42.985397,-43.05761,-42.413147,-41.767998,-40.548435,-39.329926
58.932472,58.60414,58.371162,58.081223,57.79068,56.909985,56.03196
43.16109,44.13796,45.197426,45.94777,46.69738,46.78379,46.86818
-64.082,-62.94337,-61.782185,-61.378582,-60.97542,-60.87662,-60.777615
-51.54836,-51.58103,-51.619175,-52.241486,-52.86472,-53.13303,-53.40137
1.0287943,0.30388334,-0.43347755,-0.4347355,-0.43323305,0.18775383,0.8084976
-13.432149,-13.603776,-13.668599,-14.58625,-15.503561,-14.248178,-12.991496
-46.870205,-46.606373,-46.43731,-45.97295,-45.50815,-45.084377,-44.660965
-39.410408,-39.06395,-38.876907,-39.944527,-41.013073,-40.947327,-40.879272
-22.937073,-21.973324,-21.181498,-20.546404,-19.911901,-20.172972,-20.43257
-93.33862,-94.01699,-94.558624,-93.11904,-91.67924,-91.90319,-92.128075
-2.826875,-2.232138,-1.6257899,-1.618871,-1.6121352,-1.9267771,-2.2408555
70.35155,70.48263,70.63975,70.85135,71.06399,70.76428,70.46451
-8.148023,-8.246854,-8.351838,-8.00479,-7.6594687,-6.091325,-4.5216036
-12.175093,-11.657553,-11.241686,-10.438469,-9.635866,-8.6761265,-7.7146325
16.615046,16.254248,15.795751,15.575638,15.3528,16.645561,17.938988
0.8950039,0.9771677,0.9863068,1.2979218,1.6080347,1.1280876,0.65034544
62.005527,60.974155,60.050568,59.83648,59.623127,61.49828,63.37366
46.20423,47.12342,47.977657,47.171288,46.366154,44.475784,42.58507
29.35047,31.008614,32.724552,34.05954,35.394005,35.090733,34.786827
7.3838267,7.83128,8.279626,8.269634,8.259542,9.017259,9.776888
11.906955,11.822742,11.837801,13.009205,14.182315,14.79048,15.399198
93.133194,93.43919,93.758865,93.80322,93.84828,93.81421,93.78099
-92.5518,-92.33461,-92.21478,-91.44752,-90.68092,-89.35431,-88.02597
9.760304,9.345477,8.92925,9.329814,9.730676,9.596026,9.462407
56.183132,55.763973,55.28044,54.798195,54.31585,54.87979,55.44271
-6.2044106,-6.0838275,-6.091876,-5.449494,-4.8072815,-4.4116354,-4.013947
-16.326096,-16.808962,-17.4083,-16.918455,-16.429276,-15.161341,-13.893885
82.35464,83.07733,83.63114,83.96851,84.3052,84.27157,84.238686
19.667732,20.70181,21.673721,22.568224,23.463081,23.184837,22.91037
40.762165,41.618694,42.403458,41.749386,41.096504,40.53017,39.96321
-2.7271059,-2.4291594,-2.2031262,-2.1904356,-2.1783736,-2.243561,-2.3099072
36.274693,36.138916,36.075146,35.60164,35.129784,34.969807,34.809517
100.7044,102.20592,103.65538,102.97238,102.28876,101.12309,99.95891
-12.636432,-12.711882,-12.657437,-13.09804,-13.538689,-14.024425,-14.510845
64.718864,64.88159,65.17638,66.14244,67.10969,65.8968,64.682755
-73.79219,-73.64735,-73.47523,-73.63293,-73.79074,-74.59518,-75.39944
-11.319665,-11.1858835,-11.114387,-10.859063,-10.603208,-10.081773,-9.561587
-13.112317,-12.161545,-11.195432,-10.816642,-10.437801,-10.628671,-10.821494
22.159151,22.965593,23.893097,25.733469,27.576342,27.443026,27.309694
-48.133278,-48.368805,-48.448483,-48.133114,-47.81857,-48.80073,-49.78303
-76.95565,-78.40294,-79.69673,-79.77519,-79.854965,-78.77164,-77.68938
60.41188,59.957016,59.626743,59.789192,59.95163,61.23096,62.51279
72.506355,72.547554,72.49399,72.30859,72.12248,71.64421,71.16614
15.463823,15.251645,15.171377,14.156593,13.141429,12.449778,11.758326
-6.3324757,-6.5092773,-6.491207,-8.023446,-9.556664,-10.547334,-11.539649
80.9031,80.82947,80.756714,80.56526,80.37312,80.2434,80.11544
-0.49486923,-0.0052728765,0.40651846,0.59115934,0.7761307,-0.29286957,-1.3621936
70.0813,70.575775,70.95266,71.269424,71.584274,72.551765,73.51892
-44.139286,-43.401337,-42.658535,-42.80452,-42.952003,-43.403835,-43.855164
8.151277,7.076881,6.0876617,6.184897,6.282621,5.9323163,5.57946
5.155533,5.1810265,5.24366,5.673707,6.10419,5.4270153,4.7502956
-50.875244,-51.34186,-51.878174,-51.2404,-50.603447,-49.525143,-48.443886
9.304687,8.319683,7.366743,5.4417057,3.5167766,3.0748754,2.6325922
-11.558048,-10.424036,-9.444892,-10.579699,-11.713705,-11.6637745,-11.61252
-11.522003,-12.215076,-12.78607,-11.654417,-10.521802,-7.893897,-5.266902
62.227314,62.158752,62.046062,61.370148,60.69368,60.06856,59.446484
63.465702,63.268932,62.999733,62.90627,62.814373,63.31783,63.822838
-1.9016707,-2.0562918,-2.3176467,-5.1256948,-7.935765,-8.078148,-8.2217
35.07367,37.30404,39.642254,40.513657,41.383816,40.439224,39.49478
-30.524385,-29.747425,-29.067743,-28.553698,-28.039621,-27.549774,-27.059631
87.32903,87.10269,86.87142,87.101555,87.33063,86.80542,86.27857
-53.69152,-55.026657,-56.247814,-57.537346,-58.82638,-59.076786,-59.32743
-34.330708,-34.885326,-35.477455,-35.35726,-35.236973,-35.662178,-36.089386
-22.59556,-22.20225,-21.766415,-21.238884,-20.713387,-21.946466,-23.180937
-24.106316,-24.532019,-24.979528,-24.843813,-24.70932,-25.377028,-26.044353
0.022353783,0.5164772,1.007919,0.4509827,-0.10646473,-0.56102407,-1.0151047
5.171372,5.0171227,4.843476,4.2553864,3.6679077,3.2738495,2.8774886
2.3269925,2.1825986,2.0423512,2.8950582,3.7468553,4.3080125,4.869555
5.128688,4.6872625,4.2139254,2.866002,1.5175961,1.8962163,2.2767324
62.19201,62.290207,62.31912,61.42034,60.520462,60.695107,60.869675
-3.7737823,-2.3119988,-0.71760726,0.35656595,1.431154,0.0916128,-1.2461143
-21.433634,-21.698343,-21.990303,-21.165552,-20.342066,-20.308168,-20.272394
6.233234,5.100345,3.8785346,4.8646016,5.850508,7.3954754,8.942396
1.2515767,0.9729359,0.72559667,-1.0842292,-2.8918083,-2.3152092,-1.7392118
-22.415398,-21.881748,-21.156504,-21.146461,-21.136469,-22.101902,-23.066296
-49.173725,-50.61278,-51.913837,-53.045063,-54.17416,-54.026436,-53.879017
5.0968394,5.8101983,6.5406747,4.2694135,1.9972799,0.68424964,-0.63077855
-9.135044,-10.332078,-11.431821,-12.081783,-12.733349,-12.421303,-12.111349
50.529907,51.0159,51.512016,52.099655,52.687057,52.70495,52.722652
-50.325752,-51.49065,-52.746414,-53.70399,-54.66168,-53.87924,-53.099342
30.973707,31.502327,31.908062,32.5887,33.27041,33.84238,34.414436
-16.911383,-17.039892,-17.071285,-16.872183,-16.674276,-17.062346,-17.44905
-34.806976,-35.14784,-35.471107,-36.43585,-37.399364,-38.298782,-39.19963
-43.534233,-43.813873,-44.004837,-44.565826,-45.126293,-45.267776,-45.410446
-62.65632,-62.140587,-61.569824,-60.051094,-58.53251,-58.415264,-58.298367
-23.779049,-23.93079,-24.115753,-24.0306,-23.944834,-23.924398,-23.903349
-1.7826251,-1.866844,-2.0148532,-2.9103315,-3.8061588,-4.5972834,-5.3877993
-29.207447,-28.371723,-27.503069,-26.390392,-25.279072,-24.873764,-24.466925
48.73824,49.11861,49.452393,50.368855,51.285686,51.20596,51.12437
-8.164883,-8.465917,-8.750594,-8.581207,-8.410627,-9.192428,-9.976501
-24.640034,-24.971518,-25.295244,-24.425043,-23.55412,-23.396063,-23.236893
85.99267,86.34121,86.679756,85.7499,84.822136,84.38905,83.958855
-69.130646,-69.14882,-69.234314,-69.24845,-69.26315,-68.184784,-67.10753
-18.478168,-18.424065,-18.503685,-18.85711,-19.211563,-19.157978,-19.103004
15.258825,14.986961,14.6914215,14.233128,13.776286,13.80699,13.83696
28.421198,28.960508,29.537306,28.250885,26.964022,26.252771,25.543535
-7.649923,-7.803306,-7.9611983,-8.669796,-9.377725,-11.07173,-12.766773
60.360043,61.68395,62.996532,62.916653,62.836224,63.293926,63.750896
-22.178724,-21.833475,-21.520216,-20.161343,-18.80337,-18.9228,-19.04012
-31.433348,-32.259945,-33.02864,-33.677795,-34.326283,-34.418472,-34.509346
36.814026,37.1775,37.520416,38.170193,38.821033,38.138653,37.458164
2.720469,2.3826094,2.1598625,1.129962,0.10147715,-0.6781497,-1.4588532
63.315216,62.775356,62.29207,61.251812,60.211636,60.55182,60.892693
-6.8781786,-6.611026,-6.2961445,-5.5779037,-4.859765,-4.3167677,-3.7736769
-33.08912,-33.73444,-34.329403,-33.992157,-33.65443,-33.52931,-33.404854
35.22491,36.803577,38.376305,39.116974,39.85888,40.08975,40.319782
14.11517,14.844046,15.512897,14.908076,14.301806,14.390887,14.479834
58.103764,58.519024,59.0761,58.95636,58.83567,58.255585,57.674812
-97.66623,-96.76179,-95.97697,-96.19615,-96.415436,-96.597565,-96.77979
-35.744244,-35.88572,-35.945717,-36.21271,-36.480537,-36.778885,-37.079445
44.04595,44.764194,45.32554,45.673176,46.020294,46.314728,46.609673
-57.345757,-57.939095,-58.47865,-58.034916,-57.590843,-57.95563,-58.321243
17.183596,17.673302,18.188303,18.97881,19.769495,19.972126,20.175133
42.741917,43.221573,43.652275,43.042625,42.433,42.32864,42.22066
-7.4939594,-7.1143417,-6.6396046,-7.4367495,-8.234576,-9.462364,-10.69082
-37.975304,-37.45355,-37.057552,-36.95278,-36.848408,-38.175728,-39.503113
-74.88042,-75.29097,-75.704285,-75.13689,-74.56918,-73.00735,-71.44713
-15.474428,-15.98757,-16.384233,-16.521772,-16.660826,-16.536219,-16.409979
81.79449,82.65836,83.48752,84.310104,85.13281,85.54161,85.95028
6.3557367,7.021735,7.66393,8.013251,8.361642,8.665219,8.970297
-22.727571,-22.636105,-22.645443,-22.496035,-22.348166,-22.762953,-23.176731
60.059917,61.508118,62.83311,62.85849,62.883446,62.960663,63.037308
55.190907,55.688484,56.079636,55.787663,55.496708,55.54952,55.59991
67.425995,68.2354,69.06277,68.9255,68.78766,68.19228,67.59722
53.49346,53.809246,54.207794,54.567,54.92728,54.23733,53.546772
-102.56652,-103.181496,-103.90296,-102.40229,-100.90056,-99.428604,-97.95785
12.63632,13.126786,13.587256,14.355213,15.12231,15.593407,16.063324
8.283169,8.893584,9.387577,10.135396,10.883128,11.670575,12.459859
-57.008904,-56.95191,-56.920055,-56.208538,-55.495934,-55.307728,-55.12051
-30.059195,-29.2932,-28.532518,-27.997807,-27.462936,-26.523378,-25.58524
-27.755924,-27.715448,-27.777529,-26.59858,-25.419292,-24.00086,-22.581667
83.17876,82.59219,82.101776,81.45226,80.802765,81.585236,82.36765
13.607638,14.111067,14.706867,15.26429,15.821976,15.205497,14.588406
30.554043,30.22696,29.995514,29.431307,28.86774,29.096636,29.326132
76.55504,76.70836,76.76432,74.812675,72.86222,71.94518,71.02729
23.893486,23.302742,22.84973,22.361671,21.873976,21.263983,20.652702
-68.4709,-68.19807,-67.8839,-65.83894,-63.794155,-63.57351,-63.35536
28.979015,29.21425,29.38356,29.391254,29.39687,30.661654,31.924606
10.724057,9.390828,8.108367,7.2156267,6.3210325,6.0072603,5.694173
-123.90352,-124.03404,-124.127,-123.3651,-122.6024,-120.97015,-119.33885
-9.793592,-9.941184,-9.945348,-9.311354,-8.6781645,-9.080265,-9.484123
-89.037834,-90.04893,-91.167984,-92.956436,-94.743965,-94.41039,-94.076485
1.0154008,1.329295,1.4999565,1.047388,0.5936827,1.1242274,1.6536225
-12.138733,-13.204074,-14.111224,-13.847942,-13.585012,-12.692026,-11.796456
40.007313,40.49187,40.981655,41.46316,41.945465,42.223114,42.49941
-21.22495,-21.474691,-21.7624,-22.195791,-22.62979,-22.850672,-23.070227
53.14582,53.649006,54.007717,53.59274,53.177254,52.724792,52.275608
67.502556,68.02252,68.614944,68.3187,68.020935,67.52443,67.0253
-40.903442,-40.72663,-40.54412,-40.33488,-40.126297,-39.468925,-38.810883
19.572092,19.66802,19.860706,21.295376,22.731691,23.356806,23.98111
19.309753,20.407074,21.467701,21.612633,21.757555,21.236557,20.716293
21.840729,22.836765,23.713623,23.861393,24.007015,23.99699,23.98574
-13.83298,-13.523566,-13.254131,-13.757009,-14.259728,-15.061391,-15.861005
-0.019423287,0.66933554,1.4135907,2.6241276,3.8331463,4.3173933,4.8010435
50.52353,50.97392,51.267303,50.974472,50.68198,50.187714,49.691742
16.392248,16.762718,17.130133,15.309119,13.488355,11.674108,9.858602
-11.517283,-10.986041,-10.585698,-9.90523,-9.2241125,-8.725289,-8.228049
50.680756,49.56218,48.312515,46.756,45.199543,44.485596,43.77145
-57.465992,-57.83149,-58.138336,-56.44249,-54.744522,-54.467484,-54.191017
-1.9209168,-1.747267,-1.6614363,-0.030321412,1.6003339,2.595969,3.5912273
62.93117,62.684166,62.544987,63.38653,64.2277,65.79546,67.362305
-33.83704,-33.45498,-33.039017,-32.97829,-32.91658,-33.504494,-34.092365
-67.71858,-68.273705,-68.82553,-69.316376,-69.80971,-69.59883,-69.38903
32.30185,33.168594,34.18593,34.73789,35.291645,35.681057,36.069836
-6.8094873,-6.225135,-5.61913,-5.746953,-5.87387,-6.619318,-7.3658686
-16.385887,-15.746964,-15.164725,-15.066093,-14.965966,-15.549104,-16.131474
-83.65771,-83.56327,-83.5389,-82.64878,-81.75889,-81.59306,-81.42606
4.918355,4.99279,5.007264,5.371125,5.7346487,4.5620327,3.388053
-2.2512472,-1.9510332,-1.6467739,-1.3155533,-0.98458254,-1.043182,-1.1022507
-0.96509963,-0.18893652,0.52684754,0.90636796,1.2850816,1.1756532,1.0672834
-13.59066,-14.01973,-14.395457,-14.089668,-13.782163,-12.659384,-11.535948
59.321033,59.15826,59.004658,58.03189,57.0596,55.743027,54.428505
64.22332,63.512486,62.745922,63.249767,63.753437,63.558086,63.361805
-83.346306,-84.17646,-84.976364,-84.4482,-83.920105,-83.45984,-82.99929
64.70776,65.81636,66.83472,66.09249,65.349556,64.56102,63.774372
-55.089073,-55.319077,-55.620026,-54.956123,-54.29377,-53.827583,-53.361206
57.13578,56.414253,55.736126,55.125565,54.51572,54.06904,53.622192
-4.4559755,-5.162178,-5.7535477,-6.4508257,-7.1472654,-6.533374,-5.9196672
-26.083166,-26.20425,-26.44142,-27.316801,-28.192038,-28.446033,-28.699272
3.083287,2.5267236,1.9914129,1.231034,0.470681,0.118575856,-0.23556729
-14.03042,-14.124241,-14.254948,-13.463732,-12.672621,-12.659736,-12.645868
3.6133716,3.58547,3.5138128,3.5745332,3.6368654,2.2775886,0.91757566
-3.905645,-4.61777,-5.213699,-4.7648067,-4.316469,-3.288863,-2.2627556
-11.271485,-11.021132,-10.8339815,-10.962129,-11.090096,-11.985714,-12.881752
-17.074787,-16.42728,-15.938491,-16.633146,-17.330063,-16.779224,-16.22964
-26.56291,-26.487303,-26.444912,-26.800035,-27.154747,-27.291567,-27.427855
14.453964,14.441716,14.410226,15.1857605,15.959068,15.83152,15.706584
-84.82603,-84.241295,-83.53133,-83.87649,-84.222466,-84.27066,-84.31739
-52.580826,-53.513004,-54.44387,-54.320137,-54.196644,-53.25649,-52.31579
27.023727,26.774796,26.619566,27.531094,28.442984,28.961912,29.480545
17.492449,18.267384,19.07984,18.426176,17.772886,17.40289,17.034285
57.99202,58.28736,58.56715,59.802742,61.03927,62.340996,63.64467
-102.03485,-102.0167,-101.97795,-101.11985,-100.26226,-99.26552,-98.266655
-30.277727,-29.24968,-28.34992,-28.037834,-27.72512,-26.701214,-25.676788
115.21621,116.25207,117.277596,116.96641,116.65511,115.79026,114.926155
0.39507443,0.039458808,-0.302772,-1.7674909,-3.23393,-3.1123233,-2.990909
-64.11696,-64.71221,-65.35866,-65.71766,-66.07631,-66.13323,-66.18872
-42.549427,-42.63737,-42.830105,-43.424736,-44.019238,-43.255005,-42.492664
-12.795292,-13.024565,-13.357952,-13.775164,-14.191946,-13.5193615,-12.848467
-50.881428,-51.13073,-51.39843,-51.618397,-51.838673,-52.884083,-53.932297
4.941163,5.2216816,5.616497,5.7512884,5.8848057,5.318592,4.7505493
-92.69128,-92.52287,-92.36726,-91.29909,-90.2294,-89.51643,-88.803406
3.7551072,2.8372781,1.918711,1.1600635,0.4002712,1.3026292,2.2040975
68.51213,68.96796,69.566414,68.923225,68.28135,67.258446,66.23738
90.84254,91.897316,92.917046,93.54026,94.16332,93.99152,93.818436
13.784927,13.983681,14.153093,15.505537,16.858644,16.956678,17.05776
-2.8104486,-3.1849985,-3.390706,-3.5529337,-3.715705,-1.0838062,1.5465192
-48.01894,-48.44213,-48.89206,-50.08248,-51.274803,-51.52324,-51.77158
-78.54847,-78.39608,-78.186195,-77.07688,-75.9668,-75.09116,-74.214035
33.72704,34.328594,34.789543,35.226143,35.663998,34.561584,33.45927
-19.52217,-20.674025,-21.826342,-22.50264,-23.178587,-22.446316,-21.71437
-25.861359,-25.686483,-25.513554,-25.383156,-25.25409,-25.189947,-25.124884
37.051147,36.78381,36.37184,34.951557,33.53096,33.335228,33.13713
45.95999,46.688835,47.482224,47.59124,47.700584,48.130447,48.55877
54.912945,54.221638,53.624752,52.287083,50.949238,50.51018,50.071335
17.382872,16.906775,16.357729,16.057108,15.755052,15.135149,14.514566
-36.828926,-37.673023,-38.44662,-40.662086,-42.87712,-43.098648,-43.319767
6.273234,5.9597373,5.752053,5.4743943,5.1974263,5.18018,5.1636796
-42.363506,-42.849197,-43.328312,-44.50146,-45.67397,-45.80191,-45.93189
44.54802,45.136612,45.838764,45.665283,45.490643,43.71674,41.94326
-64.94406,-65.32723,-65.83946,-66.03959,-66.238754,-66.767914,-67.29739
6.223492,7.172257,8.249363,9.013341,9.777428,8.527318,7.278847
10.695507,11.801422,12.787796,12.954887,13.1201315,14.331549,15.54418
-29.345879,-29.506832,-29.740122,-28.769274,-27.797655,-26.65396,-25.510818
48.699356,49.607018,50.510544,50.224113,49.93703,49.538048,49.139458
-7.4645624,-7.7852488,-8.031713,-6.810467,-5.5907183,-4.9618673,-4.3313723
4.9152217,3.9320538,2.8060043,2.2950623,1.7844003,1.9887484,2.194832
-14.041699,-14.071925,-13.972108,-13.262588,-12.554339,-12.280232,-12.007496
47.48356,48.399956,49.322334,50.514072,51.7059,51.72895,51.752068
-83.72396,-83.803055,-83.779785,-83.415245,-83.05309,-83.084404,-83.11392
39.423084,38.53018,37.631363,36.741856,35.853798,35.76459,35.674786
-77.0692,-76.50121,-75.80467,-75.79977,-75.794624,-76.13889,-76.4844
39.767395,41.012234,42.14766,42.69283,43.236996,43.496807,43.755043
-39.958035,-39.353096,-38.765594,-37.884224,-37.003105,-37.463066,-37.922813
-22.78122,-22.360678,-21.956104,-22.007559,-22.05837,-22.59369,-23.128328
47.755672,47.420723,47.16487,47.95185,48.739548,48.266716,47.795624
-43.269722,-44.395294,-45.49834,-45.66845,-45.83789,-45.05029,-44.260853
81.74447,82.31135,82.89048,81.88706,80.88384,80.28589,79.6873
5.742111,6.678748,7.745502,7.667257,7.5896606,7.777986,7.965614
6.09788,5.9799485,5.8104396,3.2170107,0.6234783,0.092902526,-0.43841472
53.717686,53.312172,52.792866,52.31415,51.834213,52.238617,52.642296
64.00655,63.88356,63.792416,64.72979,65.6679,65.39674,65.127144
29.624277,29.347225,28.946243,29.62037,30.294912,31.146744,31.99739
12.819317,13.531737,14.144491,13.853016,13.562311,12.65436,11.747078
-25.066298,-24.782644,-24.515284,-23.44452,-22.373573,-21.89778,-21.4229
-34.418716,-34.737743,-34.946857,-34.38569,-33.8252,-33.582443,-33.337975
-6.9889183,-7.095049,-7.1739693,-7.681013,-8.189106,-8.510974,-8.830916
-55.503376,-55.921875,-56.490425,-57.311222,-58.13102,-57.88552,-57.641693
20.284683,22.523893,24.795649,24.219095,23.64343,21.799036,19.953753
-15.648023,-16.84994,-18.115534,-19.683445,-21.252956,-21.970701,-22.689034
19.062088,19.348907,19.593435,19.005836,18.420317,18.416513,18.412138
-3.4254408,-3.5808702,-3.7438946,-3.4093022,-3.0731788,-2.2597532,-1.4456694
79.06437,78.72276,78.39785,77.21879,76.04052,74.852196,73.663445
63.339886,64.10117,64.81932,64.42736,64.03596,63.52047,63.003708
26.554033,26.61008,26.72054,26.658308,26.594913,26.540146,26.483587
23.379873,22.780437,22.136105,21.021791,19.906717,20.241526,20.57539
53.349487,53.382584,53.485767,53.175533,52.866,52.407917,51.949497
-8.761358,-8.976093,-9.252247,-7.7601776,-6.2713127,-5.018301,-3.7644112
-64.02716,-64.68103,-65.48224,-65.58748,-65.69428,-65.57364,-65.4551
-14.406822,-14.586188,-14.804067,-15.823101,-16.840853,-18.007648,-19.174541
-26.450098,-27.253878,-28.028465,-28.216759,-28.40529,-28.95254,-29.498842
12.58962,12.606458,12.730576,13.032974,13.336495,13.412728,13.490784
28.168993,28.61794,29.162552,28.645473,28.128223,28.337135,28.549658
8.896336,8.65773,8.460774,7.2812214,6.101803,5.452469,4.802552
94.1755,94.70592,95.23347,93.66644,92.099365,91.192505,90.28714
-75.56561,-75.95712,-76.36835,-76.06598,-75.76473,-75.170334,-74.579094
-57.735725,-58.13967,-58.495476,-58.058193,-57.62017,-58.011246,-58.401966
30.166428,29.617144,29.130424,27.859833,26.588531,26.243275,25.900673
-55.742294,-57.27058,-58.69507,-59.649097,-60.604153,-59.210133,-57.818073
-3.431186,-2.0135834,-0.63172853,-0.8844055,-1.1364568,-1.1011585,-1.0654691
7.59091,6.8504095,6.1398864,5.157975,4.175206,4.101165,4.0272555
70.433914,71.62349,72.95894,73.24872,73.5381,73.73149,73.92488
-71.969,-71.79987,-71.51493,-71.28061,-71.04566,-69.6538,-68.26284
11.862093,11.690203,11.55741,12.913729,14.269446,15.136333,16.00213
51.92772,51.186855,50.452515,49.943985,49.433243,49.935688,50.438515
19.720362,18.85497,18.045456,16.721588,15.399491,15.505507,15.611588
-13.50403,-14.147696,-14.715475,-15.662821,-16.611288,-15.863839,-15.116886
57.81789,57.561638,57.321587,56.205864,55.08869,55.358368,55.627
-6.6621165,-6.5989814,-6.4251685,-5.3131156,-4.200683,-4.909614,-5.617784
-69.37807,-70.33686,-71.14261,-70.60521,-70.06979,-68.310036,-66.54983
-87.04126,-87.28132,-87.678604,-86.54143,-85.4043,-82.887276,-80.37091
5.9036026,5.8247147,5.870227,4.570163,3.268703,2.9859443,2.7022529
26.20012,27.134542,28.106405,29.370968,30.636206,30.611462,30.586725
-3.523438,-3.039082,-2.5786748,-2.2133508,-1.8471265,-3.1540418,-4.460469
29.42389,29.088331,28.722849,27.33451,25.945637,25.749664,25.554316
46.439735,47.073906,47.658817,46.47622,45.29202,45.266624,45.238464
-4.6088643,-4.7129245,-4.6948543,-3.86583,-3.0375981,-3.043097,-3.0498252
-4.471583,-4.5835385,-4.740922,-4.655869,-4.5710173,-4.9062114,-5.2401
-43.399895,-44.18306,-45.07395,-45.332947,-45.591393,-46.295692,-47.002197
-20.765959,-21.504564,-22.058826,-22.393713,-22.729544,-23.21539,-23.700846
31.211012,30.509392,29.804775,31.306435,32.8094,32.441437,32.074924
