2014 SVI Unemployed Encoding,2015 SVI Unemployed Encoding,2016 SVI Unemployed Encoding,2017 SVI Unemployed Encoding,2018 SVI Unemployed Encoding,2019 SVI Unemployed Encoding,2020 SVI Unemployed Encoding
3.621999,3.4416287,3.4585812,1.9140674,0.3692495,-0.03145203,-0.1844357
-98.06064,-98.22932,-98.30623,-99.029945,-99.753845,-101.46967,-103.07456
-41.05731,-41.162857,-41.211147,-39.53555,-37.86181,-37.76599,-37.594547
13.056096,12.729398,12.315694,14.933075,17.550478,19.206627,20.752712
51.72896,52.060677,52.57281,52.65459,52.73777,52.313854,52.11685
1.452178,2.4409099,3.4459205,4.674042,5.9015956,4.8011966,3.7258434
34.74335,36.639156,38.558857,38.266445,37.974792,38.03529,38.13049
9.442883,9.909191,10.187964,10.756531,11.326119,10.455013,9.359193
-13.614415,-12.649819,-11.765008,-9.178733,-6.592156,-8.588528,-10.689364
-81.15014,-81.01893,-80.8471,-80.868935,-80.89068,-81.41178,-81.88367
-3.5462184,-4.7303243,-5.905882,-6.9577656,-8.010511,-10.151442,-12.276255
17.924229,18.749765,19.603449,19.885584,20.167507,20.823149,21.519869
-27.41784,-27.887964,-28.328062,-27.986338,-27.645292,-28.31713,-28.95595
-18.656921,-19.131191,-19.589367,-20.676521,-21.764572,-21.217257,-20.64392
-21.634993,-22.935617,-24.315916,-25.715036,-27.113844,-26.645582,-26.27513
49.672226,48.073185,46.253437,46.57154,46.889668,45.688175,44.21773
-8.43487,-10.1031065,-11.566628,-10.321012,-9.075523,-9.067194,-8.800279
-14.987759,-16.449766,-17.71971,-16.896818,-16.07273,-16.583868,-16.867865
4.4283314,5.3034706,6.071609,5.817054,5.561977,6.0137243,6.3407984
-6.8251762,-6.531147,-6.248442,-4.683482,-3.117551,-3.2644389,-3.4219687
-21.457876,-20.911497,-20.355156,-17.013218,-13.670289,-11.453798,-9.234124
-33.17462,-33.97622,-34.704487,-33.84953,-32.99533,-34.888657,-36.691715
-5.2205935,-5.165426,-4.9647746,-4.8069963,-4.6499515,-2.5381627,-0.24870336
-74.79969,-74.694305,-74.821335,-74.31063,-73.80119,-74.46782,-75.41318
-37.776024,-38.155712,-38.369556,-38.33187,-38.29366,-36.820293,-35.14083
94.80069,95.806114,96.64007,96.8648,97.08962,94.8998,92.49693
25.560534,25.586723,25.752789,24.654995,23.558798,25.513226,27.639498
-88.64561,-88.57208,-88.693085,-89.274185,-89.85625,-89.35268,-89.09407
3.476491,3.808673,4.1241255,2.7772055,1.4294329,3.184884,4.9116526
61.685238,60.1331,58.56163,57.941242,57.32005,58.943676,60.5381
37.233658,36.74406,36.034138,35.850666,35.66679,38.362232,40.78244
-3.6090531,-3.8881874,-4.0117955,-2.4863648,-0.96175486,-1.124169,-1.0964434
52.84129,52.534565,52.340458,50.326447,48.313004,45.627132,43.084457
18.650177,18.389948,18.31192,18.680511,19.04754,16.834368,14.844958
-17.592775,-18.034777,-18.648659,-18.541513,-18.43505,-18.192453,-18.158287
8.799849,7.892473,6.7955446,8.729602,10.663744,12.444706,13.9912195
-71.49238,-68.96092,-66.620605,-62.670788,-58.720528,-56.09424,-53.706886
-61.461,-60.689053,-60.13128,-59.208725,-58.286743,-59.852837,-61.680534
53.805225,52.529587,51.32682,50.022263,48.71853,48.761284,48.897644
90.83792,90.85732,90.690544,89.86848,89.04716,87.9945,86.713486
67.585396,68.20809,68.79117,68.31679,67.84267,64.94739,62.006893
-74.474434,-75.99861,-77.53924,-79.19546,-80.85301,-80.60985,-80.384415
84.613,82.42821,80.259285,77.84022,75.421104,74.15486,72.90024
-76.757,-76.41156,-75.91483,-75.95382,-75.993324,-75.42723,-74.67877
32.91035,33.950047,34.980637,35.85444,36.72913,36.363743,35.979977
-17.353764,-18.491138,-19.46755,-19.890541,-20.314423,-20.140745,-19.771723
-29.984144,-31.31064,-32.5506,-35.83055,-39.10873,-39.197247,-39.17961
-5.2950096,-4.4383297,-3.3490822,-1.7964299,-0.24328156,-2.0571282,-3.5855248
-57.04821,-57.363243,-57.80786,-57.454487,-57.101498,-57.617184,-58.28943
59.52748,58.403343,57.175625,54.737026,52.29891,52.031895,51.643803
-18.118477,-18.322062,-18.590994,-17.953314,-17.314337,-15.606415,-13.983032
25.595915,26.90141,28.248528,27.941704,27.635609,25.130087,22.674734
-6.163942,-5.164601,-3.9784596,-3.0334513,-2.0880086,-1.6304367,-0.94279593
21.81814,22.14532,22.239508,22.175766,22.112482,22.239668,22.078693
-38.017418,-36.788036,-35.587658,-33.342133,-31.096994,-30.678305,-30.299814
12.001895,12.536546,12.929643,12.165896,11.400926,11.175069,10.7793665
95.24824,94.29117,93.28879,92.40521,91.52193,89.358154,87.14437
11.12968,11.731295,12.171326,14.691344,17.212461,19.716337,22.019125
19.283457,19.94563,20.691916,23.163141,25.634766,26.462248,27.397076
-108.84067,-107.18204,-105.32058,-100.76244,-96.2043,-94.992096,-93.53472
-89.03302,-87.19825,-85.15815,-83.45167,-81.74571,-80.5655,-79.12582
-1.3851109,-1.0394926,-0.5456257,1.2399015,3.027894,1.5641994,0.28559306
46.066063,45.289574,44.359085,43.232143,42.10529,40.89196,39.498497
27.780603,28.10148,28.245785,28.845617,29.445147,30.039568,30.416237
49.68222,50.761246,51.836987,51.29406,50.75093,49.485893,48.2134
27.176733,28.085972,29.116611,28.988222,28.859533,29.837412,30.957895
-82.323494,-82.19022,-82.04933,-82.11447,-82.18071,-82.594604,-82.9917
-40.913883,-41.585518,-42.405922,-44.502647,-46.60066,-48.03737,-49.654655
15.358088,16.901487,18.475912,19.403412,20.33095,21.265593,22.238008
35.601967,36.85298,38.049217,40.71999,43.390846,44.65042,45.838116
-12.845361,-12.869263,-12.811735,-13.146452,-13.481086,-9.484361,-5.3863506
22.737745,22.19974,21.460005,21.881168,22.30234,22.771969,22.988276
-42.75807,-42.397987,-42.205418,-39.28243,-36.358665,-34.945004,-33.747707
19.625053,18.218744,16.79515,16.091322,15.388054,16.327984,17.254148
19.887508,19.522833,19.359587,17.408026,15.456966,13.611066,12.012059
17.09935,16.80625,16.687504,18.426659,20.16608,23.284721,26.61362
97.40036,97.90458,98.19805,98.16473,98.13279,99.21626,100.03663
44.89381,44.33915,43.946262,43.123905,42.302944,38.79086,35.483402
-53.4796,-52.903793,-52.207703,-51.07484,-49.94345,-48.283676,-46.47735
9.726662,8.824493,7.8909626,11.2983,14.705654,14.823269,14.898265
57.7509,57.0168,56.17816,55.647404,55.115692,55.882965,56.515606
21.202106,21.056984,21.018799,19.86586,18.713139,18.460321,18.347136
-45.752632,-46.38584,-46.80162,-48.48125,-50.161545,-52.226765,-54.025257
20.897202,21.743443,22.364788,22.762348,23.16067,21.561722,19.681282
-56.7385,-56.355762,-56.15627,-55.178623,-54.200134,-51.414288,-48.86157
13.181894,12.776842,12.144997,12.364698,12.584492,13.258652,13.650608
-2.6345046,-1.7972138,-0.9383437,-1.1393921,-1.3390648,-1.0493805,-0.72973603
5.0912914,4.381382,3.581857,4.2402124,4.8983173,6.553797,8.098139
-95.49296,-97.975464,-100.38502,-103.52705,-106.67098,-106.11634,-105.471245
-14.53836,-15.201562,-15.957855,-17.47715,-18.996805,-20.005377,-21.129894
-38.099438,-37.387184,-36.522053,-36.000763,-35.478806,-34.950188,-34.232613
-79.42053,-77.770424,-76.30219,-73.822205,-71.34171,-70.90002,-70.68628
14.196458,14.616248,14.9899845,16.191984,17.39315,16.296535,15.145255
-48.76299,-49.114235,-49.4559,-49.19509,-48.933823,-47.462032,-45.979992
63.942272,64.66196,65.20628,64.249435,63.292835,63.292736,63.07441
3.3614075,2.8925593,2.5034378,1.7859881,1.068445,1.8242981,2.6821525
114.35436,112.57061,110.8615,108.6753,106.48997,104.584,102.76879
13.335858,12.5157995,11.730539,12.486562,13.242538,14.854885,16.501741
-64.39169,-64.684875,-65.07246,-64.63151,-64.18976,-62.81854,-61.56285
-62.994747,-63.38482,-63.626095,-64.66013,-65.69519,-66.257835,-66.63565
-23.399921,-21.805765,-20.24399,-16.971697,-13.699704,-11.270053,-8.8708105
16.414894,17.140783,17.964773,20.251486,22.537718,24.697702,26.980278
-27.352842,-26.03296,-24.85559,-24.550318,-24.244963,-23.72377,-23.383272
-24.221457,-23.815395,-23.234344,-23.841747,-24.449562,-24.000921,-23.331379
91.90434,92.207565,92.34532,90.51791,88.69187,87.0865,85.28278
14.737269,14.639324,14.5298815,14.138812,13.747898,13.606375,13.455149
58.09814,58.496994,58.81024,60.29382,61.777763,62.414173,62.94096
34.87257,35.04258,35.02659,33.47666,31.927374,34.576923,36.99163
7.535027,6.69715,5.967908,4.80175,3.6356258,3.3851228,3.2716494
-37.04815,-37.402115,-37.955093,-38.67109,-39.38635,-38.01086,-36.88122
-32.690678,-31.904701,-30.976515,-30.317976,-29.659595,-31.60486,-33.3755
-43.109417,-43.33704,-43.40692,-41.868324,-40.330704,-40.31463,-40.10136
-121.522675,-122.25073,-122.928024,-121.50929,-120.09102,-117.60008,-115.04633
-18.955244,-18.716702,-18.62729,-17.103857,-15.580801,-15.795029,-16.199883
47.64144,47.774345,47.904022,44.34706,40.78943,39.176476,37.567024
-52.608665,-51.862236,-51.23809,-51.824593,-52.411247,-52.30014,-52.33815
66.912766,67.69604,68.35915,67.63801,66.9178,64.993744,62.92087
16.44333,14.535988,12.545096,9.722935,6.899566,5.94212,4.873964
-46.74747,-47.180225,-47.86311,-47.85999,-47.857235,-45.84678,-44.143093
-8.927209,-8.214597,-7.418093,-7.041585,-6.665194,-6.8430743,-6.912481
4.782881,5.6627235,6.3166313,7.1579266,8.000631,9.816618,11.354113
83.82917,82.275604,80.73535,82.339264,83.94279,85.62925,87.34233
-33.841404,-32.757305,-31.645597,-29.67941,-27.714472,-27.741304,-27.73316
10.92663,10.973085,11.097444,10.423751,9.750277,12.837631,16.022242
56.381523,55.60982,54.750534,53.713947,52.67636,52.998848,53.218178
-18.32284,-19.131514,-19.959011,-20.376616,-20.793571,-21.47067,-22.17336
-11.373758,-10.973645,-10.53178,-9.491398,-8.45108,-6.3367977,-4.1737423
-7.443661,-5.577528,-3.8843553,-2.02826,-0.17303687,2.1144793,4.1957245
-10.675175,-11.368284,-11.984439,-11.442651,-10.901015,-10.541096,-10.083436
-58.48301,-58.44898,-58.335266,-57.75186,-57.167892,-56.004696,-54.738564
-6.8506856,-7.649625,-8.524106,-8.681271,-8.838871,-8.98082,-9.211413
-90.38678,-88.96591,-87.39182,-84.15545,-80.91997,-78.28543,-75.46322
-10.716852,-9.981417,-9.273331,-9.060041,-8.847454,-9.239683,-9.659143
-65.93998,-66.52389,-66.88636,-68.76774,-70.64919,-70.90627,-70.8836
-2.5784166,-1.6792567,-0.59735227,-0.3803852,-0.16386153,2.0371783,4.460659
-28.076189,-27.512663,-27.057161,-27.592829,-28.129744,-27.360136,-26.730715
20.525715,21.013842,21.361647,20.740759,20.11836,20.554724,20.815813
-8.456297,-9.3045,-10.134813,-9.728308,-9.320998,-10.909666,-12.467674
-9.557473,-7.6119537,-5.795576,-7.28481,-8.774536,-7.3601,-6.09622
78.59774,79.28083,80.084496,79.32484,78.56568,77.48161,76.5472
-2.087554,-2.0208187,-2.1391993,-2.1368656,-2.135498,-1.2959346,-0.68460935
48.419907,49.912888,51.577328,50.864376,50.15173,52.79424,55.64182
9.482852,8.234249,7.0589767,9.376386,11.693323,12.599155,13.600954
-24.090382,-23.631176,-22.947569,-21.955324,-20.964645,-19.319864,-17.400225
1.3247997,4.6993966,8.106482,9.351654,10.596308,12.213869,13.881446
-1.568664,-0.7628416,-0.15329587,-0.5797409,-1.0052665,-3.441339,-6.1111856
-20.258442,-19.851587,-19.22036,-17.441565,-15.662429,-15.2964525,-14.65668
60.80934,62.04361,63.449837,61.303745,59.15772,57.403503,55.862812
-109.905945,-109.173454,-108.32144,-107.138504,-105.95706,-105.64199,-105.184456
1.3689959,1.1396163,0.968098,0.70383483,0.4402583,-1.5526006,-3.4766614
30.22476,31.254124,32.065228,32.165726,32.266857,30.7134,28.89053
-63.0964,-62.04303,-60.98497,-59.99888,-59.01207,-60.21025,-61.39739
43.051098,43.946976,44.61496,42.849945,41.086597,41.951843,42.535145
-11.765591,-8.874842,-6.027938,-3.31793,-0.608004,-0.027871959,0.5009867
15.2989,14.924372,14.49623,12.720814,10.945255,10.2503,9.488031
21.613838,20.792393,19.926277,19.22491,18.522678,16.87497,15.171975
-43.661606,-45.484478,-47.221764,-47.808422,-48.396595,-47.92241,-47.33928
-7.7990923,-5.9994626,-4.195678,-2.0278294,0.14099996,-1.5725192,-3.2890942
-33.07007,-33.270508,-33.673073,-33.041405,-32.40973,-32.186802,-32.210846
54.326206,54.54484,54.856007,54.652706,54.44935,56.27857,58.214
39.60138,38.705284,37.681335,37.645046,37.609573,37.511555,37.25621
76.82582,77.46773,78.23533,77.9949,77.75491,75.6656,73.73603
50.721844,54.468235,58.251034,58.79305,59.336483,57.24187,55.195427
-31.161894,-30.851927,-30.383425,-29.168047,-27.951448,-28.360613,-28.57455
-37.635944,-36.745014,-35.951702,-33.179256,-30.407854,-29.019663,-27.749525
-18.550644,-18.925556,-19.448202,-21.67797,-23.910124,-26.177149,-28.621315
44.079277,45.06806,45.87769,46.044594,46.211365,46.52453,46.61854
-60.30099,-62.034397,-63.87875,-63.442493,-63.00767,-61.535416,-60.19212
-19.806515,-20.407862,-20.901188,-21.989828,-23.07849,-24.434834,-25.657114
69.586815,68.36719,67.12463,64.7811,62.43721,59.98622,57.504368
-23.319601,-23.191156,-22.992083,-20.64816,-18.30324,-17.659214,-16.924822
-35.03257,-33.91887,-32.987427,-31.144691,-29.302881,-25.06464,-21.048988
-5.6172056,-3.5615733,-1.2639734,-2.7643635,-4.2645926,-6.669226,-8.785535
-6.414937,-7.2855067,-8.143913,-10.258443,-12.372426,-10.725498,-9.054783
11.591667,10.724364,9.975214,7.9881115,6.001188,6.6800685,7.5036807
75.268105,74.23308,73.38769,74.6751,75.96392,74.8528,73.97593
51.00546,51.739685,52.49637,52.397858,52.299763,53.027798,53.784164
-18.910456,-17.555252,-16.142424,-16.054783,-15.968152,-16.095926,-16.148869
-29.683058,-31.460701,-33.043804,-34.54292,-36.043602,-38.481632,-40.681667
65.31754,66.31722,67.29984,66.20155,65.104095,66.134,67.15494
46.565235,45.980396,45.529583,44.673515,43.81828,39.69264,35.739155
3.6127565,5.259585,6.971032,9.680662,12.390404,10.93247,9.5562525
1.8431288,1.4438277,1.0338985,0.36996976,-0.29408368,-2.13685,-3.9975102
37.154957,36.890705,36.733673,34.116497,31.499912,30.180565,28.99757
72.39995,71.83451,71.503395,72.97201,74.44111,74.96818,75.777626
13.139212,13.302454,13.606509,11.448905,9.292203,8.203723,7.2933135
45.72919,45.669693,45.70338,46.64082,47.57923,48.8645,50.27288
-7.332881,-8.384444,-9.612788,-8.327903,-7.0447226,-4.950469,-3.0777538
-19.520107,-19.204973,-18.741282,-18.922453,-19.103712,-19.960526,-20.635769
-13.222557,-13.241029,-13.323317,-11.190193,-9.056102,-6.3339105,-3.6963863
38.07783,37.975323,37.89077,39.703457,41.51669,40.99576,40.49819
5.346702,7.377971,9.22095,9.611293,10.0011015,8.982886,7.733253
45.02438,45.356754,45.537937,45.39841,45.258358,45.21641,44.989613
32.67506,31.11397,29.326536,27.275673,25.223206,26.282095,27.068457
6.2833858,6.0276074,5.861832,7.238643,8.615925,7.654699,6.7985244
-50.49466,-49.473686,-48.575695,-47.721878,-46.866085,-44.77628,-42.83944
-18.76938,-20.856003,-23.186892,-22.614357,-22.043118,-19.149626,-16.552149
-71.18205,-70.62287,-69.87987,-69.93943,-69.99958,-69.96076,-69.69997
5.9717374,6.2718334,6.5495024,5.196129,3.843461,3.3633003,2.857029
-7.9920983,-5.914164,-3.942847,-3.315173,-2.686589,-1.9594123,-1.3589561
-46.489277,-47.790405,-48.940628,-49.896774,-50.85336,-52.150833,-53.271328
-8.545751,-6.9779325,-5.2942047,-5.203508,-5.1107216,-4.864907,-4.4804106
-2.93994,-3.8388,-4.7241416,-5.271558,-5.8191614,-6.219694,-6.5995197
-34.795525,-35.16149,-35.498867,-35.65243,-35.804882,-35.358013,-34.875065
-7.7830586,-7.715256,-7.877155,-6.821214,-5.76658,-6.07748,-6.6802373
56.50679,56.251785,55.895622,55.7054,55.515465,54.502823,53.37198
-65.93964,-66.54419,-67.274864,-66.96525,-66.656006,-66.57536,-66.65167
29.57118,29.882156,30.193478,28.89647,27.599749,29.477844,31.362865
16.762377,16.04648,15.463787,16.059013,16.654448,16.462189,16.433651
48.70432,47.976337,47.03735,45.53492,44.03152,44.24811,44.204987
16.031168,15.475356,14.9640465,15.6738,16.383572,15.319815,14.315534
-8.342061,-7.5813336,-6.6127687,-6.4677825,-6.322535,-7.748673,-8.908656
16.600355,16.841896,16.961313,16.509367,16.056725,17.816364,19.421898
3.936435,3.0943606,2.245581,2.0292618,1.813867,2.471125,3.1241858
-21.141506,-20.708065,-20.323193,-20.64368,-20.964806,-21.123018,-21.337162
-33.270393,-32.655163,-32.25488,-32.3886,-32.522453,-35.70494,-39.15696
-69.1719,-69.25706,-69.427185,-67.38181,-65.33626,-63.87182,-62.51212
-3.0648882,-2.5601676,-2.249533,1.3082577,4.8657813,7.402553,9.699389
55.1499,54.880917,54.679153,54.37153,54.063656,54.701035,55.431995
-12.790713,-15.14063,-17.625696,-18.56886,-19.513407,-19.24966,-19.14967
98.290405,97.855194,97.27281,95.2744,93.27672,93.03181,92.59988
-60.856133,-61.43425,-62.047157,-62.97552,-63.903496,-64.760376,-65.65147
-74.34818,-75.203094,-76.11377,-76.923836,-77.73571,-78.41435,-79.15762
-2.7038727,-3.3706083,-3.8515787,-1.5955553,0.6616754,2.4322062,4.4378786
63.757473,64.451805,65.046005,64.22108,63.396053,64.12029,64.72966
37.6813,37.022945,36.421864,32.97864,29.533894,30.150696,30.842472
-12.507908,-11.778057,-11.012495,-10.272915,-9.534203,-7.4777427,-5.370071
0.9534654,-0.49160987,-1.8390446,-3.0227077,-4.2076163,-4.294394,-4.256306
-35.0509,-33.995052,-33.043804,-31.440205,-29.836205,-28.597736,-27.489674
-23.339787,-22.65271,-21.887882,-22.782228,-23.67599,-25.180182,-26.58651
22.813395,22.7283,22.890696,23.085552,23.278658,22.885717,22.79546
47.073795,47.496445,47.892582,48.052135,48.212425,48.306305,48.378685
-36.28734,-35.256744,-33.97804,-32.4133,-30.848055,-29.667665,-28.176739
-34.31052,-33.74932,-33.34338,-31.5221,-29.700865,-30.147736,-30.786467
-48.23174,-46.487614,-44.952274,-42.080643,-39.207973,-36.662167,-34.3783
-26.831131,-26.71333,-26.586302,-24.963684,-23.339308,-23.705051,-24.062672
2.234964,1.848959,1.6576576,1.6509442,1.6432233,-0.5558624,-2.5181546
-1.9944581,-2.616214,-3.0906909,-3.2066476,-3.3235447,-5.25946,-7.0060863
-15.734727,-16.425508,-17.1225,-15.6272,-14.133386,-10.567117,-7.006387
43.34491,42.588234,42.03389,42.348827,42.664577,41.20215,39.9911
-57.15495,-56.822723,-56.731064,-55.448174,-54.165478,-52.982815,-52.093773
-55.985043,-53.95256,-51.81343,-51.333363,-50.852913,-50.12525,-49.268333
-44.265564,-44.497646,-44.8302,-45.668102,-46.505623,-45.64529,-44.9089
-41.376133,-42.554474,-43.719822,-42.262325,-40.805714,-41.225502,-41.630764
76.23058,76.6795,77.217606,76.62752,76.0375,77.03939,78.14828
-8.894876,-8.339576,-7.8389163,-10.541439,-13.24324,-14.264697,-15.346441
-20.720781,-20.79451,-20.827093,-22.610043,-24.392893,-24.894592,-25.344593
18.750542,19.002857,19.331753,17.130175,14.9294615,15.177651,15.516677
-4.5974445,-3.2981899,-1.7872293,1.2030127,4.194355,4.373132,4.8183684
-25.126064,-29.07404,-33.157352,-35.486137,-37.815605,-37.694393,-37.74499
67.10263,66.395905,65.71096,64.04758,62.385715,61.244274,60.11972
-53.48433,-53.60691,-53.54817,-52.325134,-51.102116,-50.525707,-49.724667
16.634495,17.021818,17.586317,18.56895,19.550318,20.788567,22.237125
30.533047,31.494587,32.380287,32.386955,32.393257,31.900162,31.318945
51.59865,49.86554,48.07068,43.333515,38.595387,35.648693,32.623665
-45.67193,-45.626568,-45.764496,-43.96483,-42.165714,-41.217266,-40.49682
19.486689,18.636473,17.58174,19.288275,20.993954,22.527327,23.802076
37.386833,37.372475,37.2723,37.877758,38.483917,39.614113,40.63121
-61.677887,-60.320324,-59.149227,-60.016434,-60.88271,-59.323334,-57.993977
-1.5703709,0.5228737,2.7274396,1.815685,0.90516263,2.628905,4.4908123
-44.01464,-45.319355,-46.461006,-47.81475,-49.168274,-49.118797,-48.87106
-21.07714,-20.96754,-20.753,-20.692068,-20.631512,-20.937225,-21.119156
-60.787907,-61.433506,-62.253994,-62.2317,-62.20954,-62.151875,-62.309113
10.527641,12.157108,13.769217,15.607998,17.446709,16.641397,15.819145
-31.683132,-31.819431,-31.76365,-30.76281,-29.76257,-29.764614,-29.53125
-18.48722,-18.406424,-18.402363,-17.34516,-16.288063,-14.235796,-12.276965
-59.553642,-60.93135,-62.09629,-62.576572,-63.05728,-61.89108,-60.464436
-32.949642,-32.128883,-31.07199,-30.406431,-29.741873,-29.457752,-28.879095
-7.7845497,-7.3772335,-7.1498833,-6.716544,-6.2832108,-6.2370424,-6.419837
-43.594173,-43.33742,-43.199535,-43.324528,-43.449635,-44.07889,-44.861744
-2.128306,-3.2159839,-4.30588,-3.7677402,-3.2293797,-2.664019,-2.1017838
20.80041,18.858376,16.868979,16.740835,16.61206,17.460438,18.258734
1.9425863,2.4874892,2.852243,4.3757815,5.898751,7.2245135,8.324468
4.5562406,4.131904,3.8439746,5.5723605,7.301209,7.0845675,7.0384364
16.683256,16.102047,15.674933,15.547116,15.418021,15.411128,15.596876
28.95945,26.945278,24.81768,22.306452,19.794422,17.699068,15.469572
-68.25613,-69.906975,-71.49827,-73.02747,-74.557106,-75.511795,-76.3897
-68.39695,-69.654625,-71.11715,-73.65847,-76.200264,-76.187874,-76.432304
-34.43232,-32.700493,-31.190289,-29.943598,-28.696667,-28.848364,-29.268812
-65.27324,-65.46379,-65.755745,-63.95518,-62.154125,-61.292385,-60.565132
-39.53825,-41.110413,-42.57018,-45.154964,-47.74046,-47.01445,-46.14639
-1.3816704,-0.87986606,-0.29334205,-0.7119631,-1.1315225,-0.19100231,0.8546596
-60.337982,-60.463173,-60.544846,-59.01561,-57.488003,-55.23185,-52.927956
87.57793,86.995415,86.31648,86.81521,87.3138,89.99427,92.555534
-49.10817,-50.269123,-51.58348,-53.1969,-54.81148,-54.74556,-54.877537
13.8498,13.00204,11.92803,13.092404,14.256334,14.016857,13.499908
14.988927,14.956013,14.7295885,14.856091,14.982757,15.978744,16.737143
-6.1333513,-7.055077,-8.192081,-9.922268,-11.653933,-13.788488,-16.18691
14.418625,15.098528,15.708061,19.050352,22.392113,23.868177,25.253155
20.559334,22.629963,24.918058,26.458437,27.999601,30.151464,32.570545
-107.87162,-107.07372,-106.23249,-104.42961,-102.626526,-100.297455,-97.92196
-45.98407,-47.452038,-49.01538,-50.036854,-51.058434,-56.298634,-61.65387
-1.3019428,-1.8074512,-2.4272594,-3.3298254,-4.231428,-3.0555735,-2.015028
84.060104,84.244064,84.27739,84.42277,84.56771,83.36647,81.98491
-49.199013,-48.39859,-47.64791,-48.39161,-49.135754,-49.197483,-49.315285
-61.408985,-60.547684,-59.741276,-58.99495,-58.24751,-59.145374,-60.1146
-99.43732,-97.57738,-95.568504,-93.83548,-92.1039,-89.98184,-87.68222
82.01138,81.6632,81.37537,77.88808,74.39816,71.861664,69.40465
81.64553,81.32609,81.14946,83.62533,86.10117,87.099846,88.272026
-51.578346,-52.553165,-53.505486,-53.54428,-53.583572,-53.27985,-52.955254
12.971219,12.062799,11.087722,12.737031,14.388478,15.004473,15.525577
34.095364,34.85457,35.649952,36.80267,37.95573,37.691143,37.476063
7.4852057,6.112233,4.6213923,2.0260603,-0.569236,-3.4905255,-6.5515184
-16.22727,-13.974585,-11.631387,-11.761978,-11.893391,-11.907562,-11.809805
9.931319,9.626128,9.211284,7.859578,6.5077715,6.0234547,5.4139423
-90.765236,-90.48951,-90.38462,-88.01812,-85.65151,-83.832436,-82.22492
-0.64515424,0.49072525,1.5143831,3.115649,4.7163424,8.438776,12.021836
8.616356,10.102376,11.667811,11.194395,10.720934,9.275121,7.9198976
96.71712,95.86522,95.18839,93.30823,91.428345,89.8743,88.54385
-59.19169,-59.796577,-60.31491,-60.69428,-61.074017,-60.440918,-59.696533
81.60123,81.64419,81.77876,79.57514,77.37162,76.1832,75.11038
15.278667,14.663111,13.992675,12.901295,11.808445,9.145732,6.4227214
1.4636399,1.765299,1.9697515,2.055234,2.1415873,0.24442683,-1.7706546
33.533707,33.87088,34.30878,34.62195,34.935825,36.185593,37.560814
-41.891277,-40.680332,-39.702972,-38.681892,-37.66042,-38.244118,-39.117504
-21.989304,-21.559408,-21.011198,-16.006079,-11.001067,-11.193405,-11.239462
22.991432,23.265617,23.561737,23.909176,24.258041,26.371086,28.508785
-6.641531,-4.290471,-1.9024168,-1.9127353,-1.9228741,-0.9847454,-0.000770448
-69.98767,-68.72663,-67.32035,-67.77796,-68.23751,-69.66481,-70.916374
26.054346,27.49562,29.009214,29.884285,30.75875,33.84902,37.023975
45.01327,44.307304,43.43279,45.55226,47.671333,49.289536,50.70074
54.135742,53.472824,52.951836,52.377655,51.804504,49.91117,48.19983
22.360298,22.631708,23.043127,22.214207,21.386744,21.455206,21.697636
27.081192,26.314686,25.49988,25.51749,25.536638,27.876083,30.14909
-8.944846,-9.17598,-9.406612,-9.292989,-9.182114,-8.283646,-7.3870816
29.623194,27.975855,26.321505,23.320072,20.317865,18.44653,16.56688
-20.363432,-19.987514,-19.52363,-21.133492,-22.744108,-24.274511,-25.694311
4.4641585,3.4324493,2.2744617,1.9925251,1.711029,1.539504,1.2165995
-59.260666,-60.200523,-61.029846,-61.890297,-62.752247,-62.56703,-62.24429
2.2714744,1.9875998,1.6675243,2.8456988,4.023972,4.211766,4.355476
-14.023617,-14.8639765,-15.524588,-13.791789,-12.058568,-9.9898815,-7.7020326
58.96353,59.52304,59.87129,59.807423,59.744076,60.964386,61.932304
-25.439108,-24.89126,-24.235832,-26.659674,-29.0847,-33.072147,-36.920715
77.825806,78.428925,79.2038,78.957794,78.71133,78.99982,79.50229
-26.488365,-23.768082,-20.884155,-18.994476,-17.10321,-17.543615,-17.781504
40.33713,40.037918,39.921272,37.370705,34.81899,32.596222,30.603733
33.8465,32.459915,31.281944,30.558659,29.83495,29.994173,30.40994
6.93557,5.8136415,4.7702217,3.9204996,3.0705554,3.818877,4.6686025
-45.42681,-45.629353,-45.820656,-45.230427,-44.641388,-43.073452,-41.49148
31.620213,30.15065,28.574343,28.999208,29.424177,29.620644,29.681908
-28.345194,-27.642782,-26.977575,-27.39505,-27.811611,-27.65457,-27.537243
7.5639687,8.744747,9.996469,10.626677,11.256939,8.745315,6.3299727
29.327116,28.675508,27.896666,27.685669,27.473812,27.853777,28.080717
-3.0702832,-0.5561497,1.7811115,3.6052234,5.429841,6.157132,6.66825
-26.110735,-27.203108,-28.43589,-28.2385,-28.041437,-26.31708,-24.755253
54.605934,53.856415,53.02391,54.086384,55.14882,56.819447,58.382862
-55.038193,-52.876358,-50.676064,-52.12432,-53.57195,-53.75509,-53.89572
-104.626045,-103.809654,-102.87859,-101.768776,-100.66032,-101.520035,-102.234764
-18.836596,-20.832825,-22.992006,-25.882408,-28.77334,-31.922384,-35.27416
14.310441,12.502057,10.649528,8.938102,7.2249274,8.492839,9.705749
-49.579082,-49.079983,-48.3884,-49.05118,-49.71452,-49.72771,-49.505165
99.5142,100.37178,101.31669,102.248764,103.18232,102.811424,102.541046
-53.141834,-52.978985,-52.93711,-54.60016,-56.262737,-55.89616,-55.669132
-2.23597,-2.0982823,-2.061625,-2.0005307,-1.9401642,-1.4457527,-1.0816408
-58.49863,-59.237885,-59.7793,-59.13097,-58.48417,-57.050705,-55.37954
78.45127,79.15126,79.81654,77.99611,76.17562,76.18453,76.1574
-5.632629,-5.9541345,-6.2567368,-6.0094743,-5.7625575,-4.9549875,-4.1280723
-31.395414,-31.641731,-31.821733,-32.66312,-33.505096,-34.371178,-35.149624
-28.61369,-28.343956,-28.029171,-27.951046,-27.873337,-28.369001,-28.807053
-107.54435,-107.11028,-106.81111,-104.42553,-102.04093,-100.26864,-98.67362
49.038292,50.173058,51.472908,52.431778,53.389843,52.870243,52.551884
18.180367,17.462658,16.622652,18.157408,19.690596,22.42047,24.99346
-16.32316,-16.24128,-16.223639,-16.470407,-16.718765,-14.753689,-12.864489
34.064213,32.495354,30.83569,28.908806,26.981853,27.266203,27.443628
-52.33121,-52.65968,-53.109592,-51.638645,-50.16647,-48.237347,-46.458073
15.794625,15.888462,15.793331,12.917366,10.040388,8.001066,5.729339
4.087596,4.4511476,4.832204,8.444999,12.057567,12.645685,13.256988
-45.172325,-45.852306,-46.493664,-46.935764,-47.37904,-47.123436,-46.818996
-56.58015,-56.50145,-56.251263,-55.32504,-54.397842,-55.498985,-56.386402
38.016552,37.36463,36.612537,36.258263,35.90461,35.215866,34.39931
73.563545,76.733925,80.01496,80.200294,80.3848,81.44204,82.63803
75.87399,74.65796,73.2249,71.782,70.338905,68.517944,66.429855
-29.429142,-30.411846,-31.22789,-30.56985,-29.909836,-30.947872,-31.781488
-48.286156,-48.529324,-48.885075,-48.630344,-48.376747,-49.239777,-50.242413
-67.06583,-66.57777,-66.169075,-64.75695,-63.345165,-62.818092,-62.39473
-78.415924,-76.26608,-74.06125,-74.086716,-74.11353,-73.400986,-72.618866
-2.6778412,-2.6032,-2.621647,-0.27493948,2.0710688,4.6213403,7.0501184
-60.339294,-59.52586,-58.77321,-59.069447,-59.366547,-56.70044,-54.103745
65.85885,66.83224,67.93284,69.17881,70.4257,73.10086,75.92896
-15.438661,-16.834671,-18.279028,-19.089996,-19.901455,-20.786224,-21.737543
2.7680871,3.1006334,3.3095305,4.601123,5.8925815,5.5853014,5.1240363
20.735039,22.866241,24.804993,24.833862,24.86325,24.300747,23.500916
-33.827156,-34.165638,-34.30907,-36.442528,-38.577805,-39.222794,-39.62585
88.09378,88.785126,89.256256,88.68595,88.11691,85.77929,83.17375
79.4796,80.95219,82.646805,85.06062,87.475235,88.76776,90.32547
7.142354,7.144147,7.0736456,6.5066175,5.939252,5.3405523,4.660779
64.86427,62.653576,60.444366,58.935734,57.42641,56.88325,56.35086
-91.85836,-90.46294,-89.24957,-86.85339,-84.457825,-84.802376,-85.372856
-115.11478,-116.55602,-117.948555,-117.59104,-117.23344,-117.0855,-116.87491
-33.360226,-31.426365,-29.453682,-26.70019,-23.94613,-21.618849,-19.237476
18.317497,18.253902,18.385761,18.036846,17.68882,16.553963,15.659635
-23.899775,-22.887812,-21.646849,-22.128468,-22.612076,-21.260666,-19.625002
-60.205425,-59.783306,-59.192963,-58.568695,-57.94478,-56.41672,-54.674133
8.249742,8.281417,8.526112,7.8273077,7.1274853,4.8009005,2.7379723
4.256656,3.9667027,3.5563004,5.234386,6.911633,7.194838,7.3304086
-14.430842,-13.850246,-13.20969,-13.618529,-14.027741,-14.097625,-14.092641
-67.73787,-68.66275,-69.54736,-69.92235,-70.29771,-69.69699,-69.04366
30.369783,30.640701,31.129023,31.352556,31.57649,34.091084,36.865707
47.502594,47.910072,48.255234,49.62802,51.002304,49.868526,48.654972
-22.07966,-23.267805,-24.545181,-25.947546,-27.351107,-29.391872,-31.53501
-21.461979,-21.0941,-20.874123,-21.307695,-21.7411,-22.605984,-23.64479
36.64628,35.294334,34.016827,34.25744,34.497467,36.38954,38.36511
-44.215786,-44.232033,-44.44587,-44.852802,-45.259876,-45.92876,-46.845726
-23.770761,-24.835842,-26.051344,-26.567732,-27.086473,-26.661413,-26.42536
-0.13521524,-0.41157383,-0.612431,-0.28634495,0.03867297,2.643517,5.337136
-51.745216,-51.29956,-50.842945,-49.31781,-47.793842,-46.577274,-45.351505
-72.999825,-73.288605,-73.82058,-73.09649,-72.372734,-69.5531,-67.03743
-22.552364,-22.389122,-22.24289,-22.426876,-22.608765,-22.152468,-21.71428
52.651703,51.52273,50.62248,49.73059,48.838753,48.320747,48.092438
-1.0024236,-0.47250885,0.21649605,1.3550917,2.4942575,2.2565331,2.2074208
-70.18331,-69.56962,-68.89713,-68.5477,-68.197624,-65.738594,-63.213024
-7.9314127,-7.9997234,-8.040211,-10.167287,-12.294472,-12.196843,-12.061924
-8.886685,-8.975353,-9.151322,-6.7073646,-4.261869,-4.2834196,-4.4171586
28.77289,27.90116,27.00268,24.141994,21.282957,21.172823,21.029074
-8.133771,-8.385205,-8.509352,-12.599745,-16.689337,-18.894472,-20.935408
-0.98150855,-0.09654743,0.62625617,2.5708616,4.5159383,5.5534635,6.3860993
4.2236385,4.0799117,4.122916,4.2479353,4.3738174,5.331293,6.511196
-27.909472,-27.635046,-27.386452,-26.793764,-26.199224,-26.047686,-25.929422
45.343388,45.04311,44.861877,44.569664,44.27752,44.5548,44.978157
27.124487,27.198866,27.180593,27.30476,27.428814,28.94021,30.332928
-33.91808,-32.944035,-32.004395,-30.653332,-29.301529,-29.947975,-30.635323
4.8097053,4.5719304,4.4959807,5.6365256,6.7764,5.917971,5.254002
-94.06054,-93.78951,-93.34607,-93.3783,-93.41192,-93.12987,-92.641335
16.749842,16.388012,16.172468,15.883577,15.595044,14.093544,12.776056
-72.728714,-72.47439,-72.34179,-71.14942,-69.95822,-69.528755,-69.252525
-14.152531,-14.635442,-14.931272,-14.40309,-13.873484,-16.22543,-18.355639
-8.55034,-7.9054623,-7.1601505,-7.629113,-8.098632,-6.043044,-3.868329
36.756374,37.11238,37.363758,35.925396,34.487663,31.957499,29.296497
32.00333,31.12611,30.097534,28.401604,26.706577,26.767586,26.642277
-59.21306,-59.415234,-59.432045,-59.757164,-60.08386,-59.339016,-58.368496
-26.153543,-24.65338,-22.961996,-19.546806,-16.131958,-13.44931,-10.533428
-1.3146541,0.14249732,1.7303803,3.5245864,5.3197713,6.8173923,8.475957
37.977554,37.668118,37.32308,36.741222,36.158924,36.35311,36.512157
-71.44464,-70.84359,-70.3575,-70.41888,-70.47967,-68.86632,-67.38494
4.765151,5.702592,6.8364716,5.614665,4.3929443,6.5778627,9.017662
-103.32462,-103.49843,-103.49056,-102.6646,-101.84033,-99.268524,-96.46802
-11.899445,-13.037831,-14.07906,-16.042517,-18.006283,-19.13023,-20.136377
12.161367,10.813324,9.608847,8.880795,8.152792,6.890255,5.805031
78.10165,78.73108,79.25472,78.97931,78.705345,77.84549,76.84916
64.77585,62.892838,61.12089,58.282093,55.442657,55.257595,55.215923
0.48865762,0.20089404,0.10240428,0.24159305,0.38045946,0.93511266,1.7253367
81.598656,80.279366,79.04465,77.83359,76.623604,78.18841,79.85868
-21.738964,-19.404154,-16.985811,-14.717849,-12.448056,-12.839306,-13.133093
-46.128937,-48.124077,-49.93364,-49.348503,-48.76284,-48.429153,-47.865376
-61.829967,-61.317715,-60.67859,-58.28887,-55.89895,-55.18123,-54.31041
55.362907,56.73153,58.322914,58.52627,58.729607,58.807144,59.15823
72.93703,71.78747,70.64337,70.77971,70.917336,70.91709,70.91364
41.00209,41.292355,41.58295,40.513046,39.441742,40.996273,42.54688
43.69778,43.972492,44.338863,47.501637,50.664974,49.32348,48.094143
-16.426416,-16.3752,-16.47328,-17.392948,-18.312641,-18.884031,-19.641329
34.441986,34.55826,34.459095,32.681606,30.904596,31.226786,31.284552
-7.2771206,-7.8494267,-8.56773,-8.507289,-8.447324,-5.807348,-3.3524036
-105.68667,-106.26216,-107.033295,-107.24335,-107.45343,-105.07127,-102.92621
22.788916,23.634832,24.676916,25.395628,26.112764,25.170118,24.46476
55.16381,57.2116,59.422066,61.53248,63.64456,62.802067,62.163948
-34.965717,-35.00378,-35.138958,-34.28632,-33.433403,-35.275875,-37.237595
-0.7086971,-0.8811643,-1.0191152,0.7410853,2.5022452,2.9133303,3.3673794
-24.612005,-25.221605,-25.977594,-26.532145,-27.086515,-24.486925,-22.062742
-30.966667,-31.889393,-32.909893,-34.844982,-36.779964,-36.82781,-36.997055
-11.471868,-10.022037,-8.627734,-8.460228,-8.291236,-7.9476175,-7.677034
48.52986,50.451164,52.18611,54.251755,56.317005,55.14323,53.738533
1.9187064,0.47183806,-0.89058965,-4.002912,-7.1157246,-7.9848647,-8.7491665
-42.560894,-40.31178,-38.018967,-34.812607,-31.604874,-31.628214,-31.60477
-18.95566,-20.314955,-21.835533,-23.163557,-24.492004,-26.705086,-29.112455
-7.3456173,-8.326632,-9.307377,-10.018722,-10.730391,-10.4238615,-10.11704
55.006626,54.592747,54.107933,52.984005,51.861748,51.66187,51.379295
4.613814,4.38973,3.9805949,2.8145583,1.6485933,3.3780472,4.8852267
-7.3057995,-7.649206,-8.088012,-3.9732313,0.14182569,0.52622986,0.79385567
-30.70701,-32.77674,-35.0704,-33.391994,-31.714724,-32.98911,-34.544903
20.220657,19.653067,19.262825,19.915556,20.567074,19.473644,18.59643
-20.706556,-20.929688,-20.933939,-21.604958,-22.27678,-24.278986,-26.021667
-16.673084,-16.464123,-16.162512,-18.00186,-19.841936,-20.623156,-21.286638
27.118708,26.927103,26.876236,26.793213,26.70973,23.654135,20.78155
-0.8647838,-0.36918792,0.0793337,0.8098406,1.5413765,0.019639412,-1.5571259
-68.20398,-67.4756,-66.63436,-65.983765,-65.33212,-65.69253,-65.91911
26.327864,25.020048,23.850142,22.85184,21.853025,19.787083,17.89449
17.20534,18.401264,19.694159,18.860897,18.028101,17.816517,17.728552
12.571251,13.039261,13.341696,12.105805,10.869805,11.764422,12.4610615
70.46885,70.354836,70.066956,69.33155,68.59577,68.43531,68.0608
-30.610327,-32.566128,-34.381374,-36.620007,-38.858868,-38.54852,-38.05834
5.446772,3.8283179,2.0215113,1.2896847,0.55790365,1.9668144,3.1465933
-23.58574,-24.639824,-25.466259,-27.316614,-29.166891,-29.78569,-30.127361
9.974659,9.475388,9.101212,7.404619,5.7076354,6.559401,7.5594134
7.266242,5.4623117,3.7166903,0.6807663,-2.3558853,-3.4506276,-4.4755545
-37.863323,-37.269783,-36.50722,-36.531796,-36.55675,-37.530773,-38.288048
-9.39445,-10.881532,-12.426106,-12.779931,-13.133246,-11.841649,-10.621642
-2.4636154,-3.9643586,-5.3155894,-8.171364,-11.026822,-13.829269,-16.442474
44.0,44.166286,44.490917,42.82349,41.156006,39.552666,38.140713
-6.565157,-6.809465,-7.103186,-8.254531,-9.4057665,-8.244075,-7.142171
-17.725574,-17.06882,-16.599892,-14.402373,-12.20576,-8.806764,-5.649186
64.49796,64.464615,64.52743,62.86171,61.19702,59.700016,58.32245
63.38548,62.863117,62.112743,60.468697,58.82477,55.564053,52.0223
5.8942046,5.9217944,6.15557,6.530631,6.906209,8.808171,10.959125
-23.214828,-23.053314,-22.929058,-21.409649,-19.889444,-17.504206,-15.1619005
58.636692,58.266582,58.064274,58.169872,58.27489,59.205723,60.34826
3.5370882,3.3799398,3.114992,4.426609,5.7394342,8.2356205,10.593424
-31.399734,-32.40111,-33.553078,-33.277264,-33.000137,-31.803917,-30.796968
5.6839023,4.7814913,3.679761,2.7808623,1.8835331,2.1750302,2.2201276
-76.52723,-77.010376,-77.489136,-77.81347,-78.13917,-77.298874,-76.462
79.22241,78.18371,76.9067,72.89855,68.89235,65.75968,62.335236
-19.268578,-19.219696,-19.332115,-21.043106,-22.753807,-22.832203,-23.100136
-8.035153,-9.129658,-10.358759,-12.3294525,-14.300812,-13.443986,-12.750128
-4.423976,-3.343856,-2.3039525,-3.0720637,-3.8397315,-5.3788643,-6.9753423
-59.17714,-59.55583,-59.9173,-61.094933,-62.274685,-60.89408,-59.484344
-105.38123,-106.560936,-107.90394,-108.46908,-109.03625,-108.71009,-108.57568
25.207819,25.281977,25.366787,25.049274,24.731756,26.040136,27.363829
-35.149815,-36.341724,-37.759884,-38.98316,-40.207737,-40.35706,-40.78907
-20.482483,-21.186155,-21.920559,-21.733429,-21.547329,-20.754131,-20.001368
70.3741,69.38837,68.3643,67.38604,66.40997,64.53426,62.61122
-50.375397,-49.868927,-49.515297,-50.01921,-50.52256,-49.992115,-49.653778
-7.904937,-7.8657784,-7.984234,-7.428799,-6.874102,-5.7598977,-4.841366
20.410738,19.224712,18.054693,17.451935,16.85009,16.224081,15.618728
78.42864,78.676476,79.09213,77.50043,75.91005,75.89155,76.07239
28.1243,28.87095,29.428474,31.25235,33.077473,32.004005,30.69874
-12.784257,-11.894475,-11.21251,-9.867211,-8.521588,-7.369309,-6.47794
-13.196104,-12.087347,-10.889507,-11.102827,-11.315684,-12.860627,-14.2886505
8.414534,9.690375,10.861528,12.721908,14.5821295,16.052536,17.388857
70.24717,70.8694,71.29434,69.742165,68.189804,69.81064,71.190475
29.35764,30.017612,30.866116,33.35191,35.838196,36.58863,37.578873
42.36969,41.721172,41.095585,40.31917,39.543076,37.44858,35.38728
17.972368,16.325403,14.648205,16.287008,17.926939,18.206703,18.448957
-2.4996045,-1.9744408,-1.5651486,0.38975593,2.345515,1.6757753,0.8723933
14.304918,11.936262,9.597398,5.080031,0.56285614,-0.6300407,-1.7807852
76.373886,76.48623,76.63028,76.01033,75.39101,74.82162,74.29462
-67.32838,-66.51061,-65.77629,-66.06859,-66.36232,-65.55018,-64.834206
22.642103,21.64855,20.605707,21.439016,22.27291,22.022057,21.714
34.434097,32.70384,30.905422,32.540188,34.17512,35.413612,36.570454
-30.198288,-30.303366,-30.297684,-31.026407,-31.755259,-32.660828,-33.429592
-6.0060697,-5.203247,-4.3704886,-4.320642,-4.269933,-3.5833972,-2.8616765
-26.200981,-24.660004,-23.312092,-20.186928,-17.06063,-14.199498,-11.573861
-114.13385,-114.059616,-113.94152,-110.73857,-107.53521,-105.93875,-104.29515
-56.173042,-57.324066,-58.25605,-58.366493,-58.476875,-58.909897,-59.071503
-19.306248,-19.633486,-20.068836,-23.216179,-26.364206,-25.640015,-25.043724
32.0431,32.677242,33.267006,33.464905,33.663223,33.88536,34.04608
13.98433,15.208655,16.465996,18.352499,20.240736,21.82138,23.439182
24.964722,26.529583,28.174969,29.23317,30.29238,29.767824,29.343292
-99.008995,-98.4502,-97.65991,-98.174995,-98.689766,-99.633194,-100.29426
-19.195168,-19.062683,-18.701328,-18.830238,-18.959892,-19.59024,-19.943705
-9.747474,-10.160385,-10.570598,-10.416305,-10.264495,-8.52035,-6.7711134
-18.044102,-17.741663,-17.442558,-17.400234,-17.357338,-16.033978,-14.718003
-46.127254,-46.4809,-46.666477,-44.950035,-43.234715,-41.88716,-40.336166
-25.746006,-24.767086,-23.945957,-24.524328,-25.102163,-24.45596,-24.01136
-87.358986,-86.46721,-85.441345,-85.58534,-85.72955,-83.955956,-82.01883
-12.783474,-13.217919,-13.83788,-15.168998,-16.501297,-18.890762,-21.51234
83.92537,85.11583,86.330795,87.817924,89.30533,89.67878,90.08797
-28.26074,-29.997547,-31.610043,-31.021273,-30.432648,-29.871365,-29.16153
39.772823,40.858456,41.912586,42.551174,43.18994,43.401485,43.56771
20.485922,20.620955,20.843393,18.57807,16.313,15.282308,14.361413
11.4810295,11.25312,11.239779,10.205571,9.171118,8.751884,8.59594
4.515094,3.0754325,1.3993309,-1.9413807,-5.282035,-5.286849,-5.5897264
-17.448618,-18.143454,-18.966417,-22.09464,-25.22431,-29.221949,-33.375607
4.20235,5.147523,6.289164,4.9225802,3.5554748,1.7916776,0.2662326
-35.1752,-34.15701,-33.004513,-33.825455,-34.647243,-34.22831,-33.63796
-56.703415,-55.245365,-53.65463,-50.471317,-47.28704,-47.13319,-46.818123
69.41421,69.11378,68.74003,66.74703,64.75317,62.290752,59.733936
-34.020653,-31.527405,-28.900043,-28.041252,-27.183123,-27.152622,-26.954552
16.306036,16.627302,17.104013,17.408531,17.712597,14.949156,12.376368
-82.3627,-82.31358,-82.38635,-81.31132,-80.23684,-80.22673,-80.36658
44.876198,45.017696,45.062996,46.46566,47.868355,50.10102,52.21711
36.531933,36.38749,36.18924,34.824127,33.46031,32.459625,31.387875
-79.40033,-80.08739,-80.863144,-80.47933,-80.09613,-80.50731,-81.02641
45.70028,45.215347,44.93817,44.885357,44.832535,45.52639,46.46862
-126.380714,-125.57874,-124.65774,-122.685585,-120.7141,-120.04713,-119.23258
22.807325,23.874117,24.711376,28.27065,31.830366,36.28443,40.45262
-38.921944,-38.413605,-37.674397,-36.881214,-36.08865,-35.83027,-35.289658
44.934826,45.425514,45.93868,48.02185,50.10539,48.82591,47.57156
-8.22289,-7.7369113,-7.264053,-6.5202575,-5.77745,-5.2723517,-4.7880692
-0.695971,1.3742633,3.6354947,5.073664,6.512831,6.8502393,7.4244847
-74.03574,-73.92564,-73.89503,-74.90226,-75.91003,-78.26006,-80.7095
36.344204,36.83352,37.527378,37.65728,37.787933,36.947502,36.353798
2.1660528,3.4257207,4.5448685,6.669756,8.795368,10.1314745,11.286286
-88.8131,-89.6148,-90.30475,-90.63705,-90.970436,-93.58606,-96.06239
-6.878529,-8.215812,-9.337559,-10.954984,-12.572538,-13.474408,-14.104197
27.877092,28.714937,29.496822,33.002514,36.508266,37.480473,38.38277
25.43112,26.067354,26.61329,25.857037,25.102297,23.920284,22.627092
-7.221357,-6.7204447,-6.3158674,-3.3991213,-0.48176584,0.8254546,2.0150042
0.18073618,-1.2396721,-2.5017893,-4.5438695,-6.584719,-8.236588,-9.696421
-19.306063,-18.052048,-16.940922,-14.949578,-12.958335,-12.320325,-11.855334
-67.31446,-66.71424,-66.26998,-63.361595,-60.452003,-61.220078,-62.182426
-39.533512,-37.607475,-35.908512,-35.56754,-35.226902,-33.724,-32.511158
-96.563225,-97.236305,-97.89115,-96.38895,-94.88491,-91.70236,-88.50878
29.763996,29.504805,29.232285,29.456106,29.68003,30.544117,31.38203
-15.710148,-14.716255,-13.70635,-11.37255,-9.038853,-7.889305,-6.720064
-45.046658,-45.149876,-45.287296,-45.23052,-45.172867,-46.458916,-47.79503
46.51199,46.21836,45.718426,43.938023,42.157917,40.363255,38.315727
-8.30596,-8.635111,-9.029111,-6.9768076,-4.9247913,-4.688957,-4.5367346
28.289703,27.699356,27.20295,25.685738,24.168182,24.326439,24.59402
24.077332,24.764523,25.454418,27.028671,28.604265,30.00613,31.412106
-61.939316,-61.94773,-61.948822,-61.63428,-61.319633,-61.637585,-61.941425
-75.24882,-74.027565,-72.94569,-71.00808,-69.071526,-68.18978,-67.48148
26.703268,26.750381,26.877033,29.621214,32.364834,34.216286,36.15543
-7.317159,-7.071789,-6.984243,-8.169486,-9.354929,-8.972441,-8.784195
-23.555227,-23.820631,-24.013412,-24.650831,-25.287436,-25.574554,-25.771807
-4.620727,-6.170641,-7.4880924,-8.701444,-9.916106,-10.372684,-10.543287
-5.2960978,-4.1836143,-3.302617,-1.8818921,-0.4599763,-1.6588935,-3.1449575
9.879298,9.348253,8.682617,8.03142,7.379462,6.6884646,5.8280616
1.0791696,0.40065518,-0.07478771,-0.101727106,-0.12942372,-3.3912148,-6.391688
26.260092,25.579443,24.8475,25.038305,25.2291,24.704292,24.114754
-34.337086,-33.29535,-32.38226,-31.47512,-30.567308,-28.911942,-27.413074
16.488873,14.588199,12.510455,12.471797,12.432777,13.146444,13.642811
-68.86064,-69.20102,-69.32756,-70.36561,-71.40438,-71.504715,-71.3376
-4.034944,-4.3466573,-4.7883067,-5.32811,-5.8679576,-7.8100533,-9.912712
10.1911545,10.833956,11.38586,9.863928,8.341324,7.642588,6.835348
-14.876462,-15.581319,-16.173853,-17.577768,-18.981163,-20.93483,-22.746258
-53.789455,-56.54682,-59.431725,-57.28653,-55.140053,-54.150753,-53.327423
13.792285,14.430989,15.017594,17.135859,19.254206,20.478931,21.636324
73.81474,73.274925,72.49764,73.26491,74.031525,71.19654,68.07703
-39.037457,-40.02357,-40.79244,-43.732105,-46.672,-47.90123,-48.858322
48.551884,49.443054,50.127773,50.590252,51.05237,51.837765,52.373066
-10.506821,-10.685736,-10.991868,-8.652756,-6.3132157,-5.1655965,-4.173392
51.609753,52.179302,52.67898,55.85525,59.032574,61.553577,63.984707
55.438763,54.5027,53.417442,50.74885,48.08114,45.072586,41.87947
36.90953,37.77495,38.858967,37.952106,37.04772,34.755917,32.72955
-29.836988,-27.923738,-26.223198,-23.525139,-20.827457,-19.148245,-17.736147
14.460224,13.511076,12.386199,11.195137,10.004543,9.845541,9.467175
-127.28428,-128.82544,-130.42482,-130.67915,-130.93343,-127.768974,-124.68314
-38.617065,-37.404682,-36.07284,-35.64438,-35.217472,-35.479332,-35.59236
25.335567,24.356516,23.563774,25.469921,27.376219,27.968336,28.789766
0.10913025,-0.78266203,-1.8884951,-1.8333994,-1.776713,-2.6463687,-3.7845275
-40.48194,-40.978115,-41.476017,-40.924038,-40.372776,-43.467365,-46.558006
49.012238,49.24156,49.654667,48.10517,46.555943,45.650925,44.974895
-24.599226,-25.248093,-25.840883,-24.819273,-23.798315,-22.844069,-21.819826
-20.62127,-20.991161,-21.263123,-20.687286,-20.110561,-21.496906,-22.76136
7.151946,6.3171377,5.5776095,1.0024678,-3.572016,-5.2298045,-6.760554
8.724332,9.816113,10.769023,8.332936,5.896803,7.8395977,9.608561
65.04117,66.06861,67.06212,67.30812,67.55369,67.130295,66.666046
66.771164,66.735344,66.89489,66.69208,66.489204,64.5856,62.925957
-20.541014,-21.086578,-21.708237,-21.879436,-22.05036,-20.4336,-18.90772
-46.29985,-47.995934,-49.453094,-50.08972,-50.726334,-52.389526,-53.762466
52.182884,53.066624,53.961384,54.58588,55.21058,54.350357,53.50233
-31.331066,-29.77465,-28.059492,-27.618132,-27.176407,-30.512774,-33.651962
-59.702484,-60.248356,-60.96476,-60.34562,-59.72736,-58.622902,-57.716595
53.481567,53.049587,52.641117,50.525955,48.41108,46.069386,43.758938
-7.2523456,-7.21277,-7.348861,-6.481237,-5.6134467,-4.8888803,-4.378987
-74.93805,-74.10744,-73.15588,-71.58817,-70.021515,-68.86642,-67.56689
48.78529,50.30208,51.704437,53.815147,55.92753,57.14209,58.21229
97.263885,96.85767,96.26901,94.358444,92.44849,90.234604,87.80141
46.46621,44.799538,43.114475,41.358192,39.601944,39.66188,39.694736
-21.078157,-20.876663,-20.844511,-22.676643,-24.50927,-23.26778,-22.24008
-81.18321,-81.57527,-82.21364,-83.69786,-85.18281,-84.90163,-84.92395
-38.688416,-39.035625,-39.374676,-40.545418,-41.715973,-43.411327,-45.088863
18.979593,19.999458,20.958382,20.54602,20.133411,20.163774,20.122643
49.096134,48.467266,47.940193,48.70873,49.477432,50.037544,50.730698
-26.03626,-26.062464,-26.177107,-24.292933,-22.407827,-21.150091,-20.002771
10.951803,10.590843,10.115742,10.40327,10.689862,11.032874,11.228093
5.2030544,6.1547003,6.9206505,6.159568,5.3987455,6.658409,7.6918373
-31.578974,-31.077124,-30.567162,-31.153036,-31.738632,-33.286716,-34.825073
0.5069681,0.02832179,-0.25221175,3.0791142,6.412718,8.302105,10.4340925
44.846462,45.55556,46.25131,45.608242,44.96563,42.894547,40.81138
-51.87937,-53.68787,-55.733162,-56.68229,-57.632107,-57.115562,-56.885098
-6.093911,-6.181305,-6.023367,-4.4828167,-2.9430714,-2.1094189,-0.9710359
17.318151,15.112071,12.7515545,13.599258,14.445177,14.545945,14.453783
-11.184891,-11.412433,-11.604623,-12.349215,-13.094378,-14.352338,-15.572684
5.5586686,7.805695,9.956337,13.255384,16.554464,19.353127,22.035866
20.931755,20.80328,20.7728,20.962543,21.152315,22.200693,23.36716
2.0261042,3.5314734,4.8324347,6.0575695,7.2838945,6.8321753,6.119034
55.971592,54.78452,53.590626,53.732807,53.875465,53.68935,53.494614
34.797432,36.692524,38.58977,38.184,37.77855,37.68072,37.59168
3.4796898,4.6323857,5.8457875,5.4389033,5.032002,3.8480227,2.7380621
53.574917,54.9742,56.309116,55.451138,54.59425,53.45055,52.231613
-42.493176,-41.988728,-41.56975,-39.51064,-37.45068,-40.017773,-42.68984
-7.3394732,-7.5612845,-7.9822783,-11.358653,-14.7358,-14.830392,-15.167829
-122.69696,-123.547226,-124.6362,-123.118034,-121.60109,-120.37469,-119.44111
-15.048906,-14.867625,-14.88744,-13.33707,-11.786302,-10.91433,-10.289731
-41.677612,-40.906033,-40.028084,-38.53985,-37.05154,-37.473633,-37.765602
-14.439341,-14.851948,-15.277459,-12.4413,-9.605861,-8.655668,-7.715942
22.95632,23.033646,22.960428,24.57055,26.18129,24.50352,22.63784
-67.024124,-67.33377,-67.57629,-67.82149,-68.06712,-66.47523,-64.80424
84.18513,84.550285,84.73313,82.82819,80.924805,81.74975,82.353065
39.210537,39.717373,40.45164,37.61777,34.78518,34.140945,33.77896
-3.3427863,-3.6393685,-3.9656005,-7.477258,-10.989265,-15.301452,-19.648895
-65.03109,-65.93768,-67.01882,-65.748886,-64.47869,-63.70526,-63.138855
44.94007,44.25582,43.802593,43.16222,42.523285,41.192818,40.143177
-19.622252,-21.172205,-22.72391,-24.356838,-25.990206,-27.296282,-28.605886
13.902005,13.835766,13.610122,14.883961,16.156767,16.877922,17.406788
-13.8897705,-13.603088,-13.355694,-14.57292,-15.790634,-18.718506,-21.696846
-31.833912,-32.729702,-33.489132,-33.50069,-33.513794,-33.946712,-34.21375
-14.2899685,-15.053547,-15.688612,-14.529058,-13.36997,-13.605062,-13.6765995
-63.254982,-60.96493,-58.53053,-56.34814,-54.165695,-51.94504,-49.552822
-30.171473,-30.92026,-31.782108,-32.66291,-33.544968,-32.479015,-31.56228
-22.2754,-22.584835,-22.972034,-23.378765,-23.785892,-25.29522,-26.89621
-4.4662466,-5.0839977,-5.642861,-5.8778195,-6.11511,-3.7288477,-1.2613541
-63.311398,-62.49432,-61.699245,-57.718266,-53.73733,-49.539295,-45.37763
73.74436,72.01847,70.29272,67.139694,63.986973,63.591965,63.19395
0.5440656,-0.06881513,-0.8961619,-4.4134808,-7.931761,-9.534531,-11.392487
20.908031,21.427729,22.015749,21.565767,21.114996,18.899538,16.757788
28.902998,29.607496,30.470034,27.790192,25.109163,25.74864,26.58179
78.61527,78.47742,78.25385,77.9339,77.61584,78.95644,80.19613
-104.65867,-104.770515,-104.68046,-101.32883,-97.97872,-96.55601,-94.887764
102.836716,101.61762,100.496765,97.95545,95.41519,95.59743,95.9033
24.055317,24.720146,25.51419,24.727253,23.941605,24.113243,24.448936
-61.166054,-60.22315,-59.115192,-59.15959,-59.204433,-60.017216,-60.623615
17.430025,17.138626,16.889055,16.783781,16.677681,16.57108,16.513565
35.48179,34.315918,33.28983,32.861988,32.432987,32.6729,33.094616
20.070444,19.664675,19.10173,21.280375,23.45934,25.648447,27.641516
3.0857217,1.0161351,-1.0355102,-2.102269,-3.168672,-3.4005172,-3.610534
-20.069288,-18.26714,-16.613935,-14.978878,-13.343518,-13.322097,-13.4861555
42.523426,42.505432,42.664223,42.7438,42.822163,41.082035,39.55714
8.272238,9.191502,9.991731,10.077144,10.163392,8.74242,7.1734204
2.476294,2.3229146,2.1597896,3.6232266,5.0861793,6.7281613,8.357193
-22.277699,-23.217533,-24.230389,-25.259537,-26.28779,-25.747845,-25.292435
60.73483,60.940502,61.069077,62.998337,64.92821,63.487194,61.94573
-15.688806,-15.835071,-15.987487,-18.028473,-20.068462,-20.382532,-20.704891
61.117706,61.200832,61.239014,65.45938,69.68157,68.841644,67.937744
45.994446,43.869984,41.815964,41.961914,42.107014,44.08681,46.150764
-15.019821,-14.706277,-14.515128,-15.704115,-16.893183,-16.986612,-17.231974
5.55158,4.271034,3.1410162,2.0624735,0.9842103,-0.6587865,-2.1170614
52.778316,53.440395,53.943695,54.51074,55.076927,56.17281,57.068172
-80.24301,-80.56215,-80.948,-81.060745,-81.17495,-81.44076,-81.79787
-52.702885,-52.498398,-52.376495,-52.546875,-52.716698,-51.521202,-50.426857
-62.29179,-62.023853,-61.60549,-62.036922,-62.468884,-62.216892,-61.775455
51.95221,51.451687,51.038754,50.543667,50.04905,48.420902,46.9009
50.589165,51.60683,52.589153,49.451977,46.31434,43.397137,40.44327
145.76466,145.17838,144.67705,141.68666,138.69579,135.66576,132.7465
-19.896696,-20.718943,-21.496267,-21.92814,-22.360388,-22.453138,-22.486826
33.51613,32.31635,31.104704,29.798826,28.494295,26.309198,24.113901
47.996964,48.255955,48.723854,51.185913,53.64788,53.24534,53.09575
-31.451136,-32.95107,-34.658314,-36.063244,-37.46759,-38.36316,-39.520435
66.52719,67.102425,67.72515,68.51743,69.31109,68.715225,68.17812
3.557685,3.1398954,2.915187,1.8029928,0.69001865,0.50098896,0.55466175
15.222965,15.249446,15.478418,16.453094,17.427292,17.181908,17.192879
-48.991776,-48.744102,-48.650166,-47.033142,-45.41584,-44.7221,-44.213684
25.047054,25.865253,26.606297,28.305859,30.007101,32.20367,34.29816
-19.724901,-18.923143,-18.143902,-19.061272,-19.977398,-20.173439,-20.390335
-71.64912,-71.66924,-71.90732,-71.99882,-72.08982,-71.09449,-70.366585
-17.372803,-17.350113,-17.318573,-15.709689,-14.101661,-11.556819,-8.997619
12.127059,12.249583,12.313469,11.970749,11.628008,13.131146,14.565211
-11.191534,-10.90169,-10.786025,-10.7059355,-10.626397,-9.995838,-9.58909
38.46077,38.77376,39.020714,39.75586,40.49087,40.360733,40.15638
88.57048,89.14375,89.87435,88.721504,87.569275,82.92977,78.49424
-19.80305,-17.938051,-16.047247,-16.514015,-16.979326,-14.38844,-11.769431
-10.982088,-9.256041,-7.2987638,-6.056257,-4.815334,-5.739852,-6.3865995
-30.451609,-29.107647,-27.715746,-27.157291,-26.599192,-27.560045,-28.461336
-16.24937,-16.961191,-17.566908,-18.277895,-18.990053,-18.503563,-17.877905
21.634354,21.90089,22.174757,21.313555,20.452477,16.591774,12.736332
-40.79384,-40.982002,-41.358185,-42.01527,-42.6715,-45.717922,-48.983555
-28.227955,-27.846586,-27.40565,-25.45423,-23.501236,-23.48503,-23.401987
-46.611427,-46.843384,-47.131668,-48.327995,-49.525177,-50.762703,-52.0687
78.27891,77.702675,76.96271,75.459236,73.95588,73.12612,72.10283
-25.233503,-27.095331,-28.874609,-28.83039,-28.786587,-26.610506,-24.33662
-23.520819,-24.848602,-26.231052,-27.852251,-29.47434,-28.489841,-27.580141
35.9872,34.18204,32.298615,30.860489,29.4217,30.858843,32.193718
-17.724998,-16.361393,-14.964878,-14.786686,-14.608893,-16.390743,-18.135426
63.435806,62.647808,61.80065,59.98057,58.15953,58.83736,59.44737
-47.398117,-46.397923,-45.615234,-44.22189,-42.82936,-42.313366,-42.067738
-1.1754807,-0.7002949,-0.1598653,-0.7686576,-1.377292,-1.0725812,-0.687288
-56.093002,-55.248802,-54.282005,-55.21042,-56.138596,-55.522373,-54.74771
-83.48873,-83.51528,-83.53603,-80.22947,-76.92324,-74.33404,-71.73108
-58.246273,-57.677998,-57.222256,-58.369198,-59.51659,-58.189533,-57.0023
4.0942583,5.04871,5.762475,6.899064,8.035654,8.021679,7.710729
-2.295134,-1.564257,-0.84516394,-0.44041812,-0.03400718,-2.1579428,-4.2964573
-36.66445,-36.051388,-35.21749,-32.553745,-29.890223,-27.656631,-25.14558
-14.53125,-14.807711,-15.057894,-17.029625,-19.001478,-19.340109,-19.649647
26.91425,26.190601,25.265753,24.033478,22.80235,23.241,23.431707
32.512486,31.674286,30.841766,29.490587,28.139513,30.82554,33.522587
-8.785909,-7.657805,-6.711902,-6.0271487,-5.3416314,-3.8162162,-2.5240905
42.020145,41.082577,40.017372,38.53536,37.05421,36.875996,36.545086
-50.697002,-50.845154,-50.940105,-52.294353,-53.648605,-55.364147,-57.009766
46.22069,45.076958,44.074726,42.439976,40.80646,40.526943,40.4219
4.4582114,5.357062,6.2107544,6.5490584,6.8871026,7.4640365,7.979595
-59.322617,-56.606277,-53.768097,-50.812508,-47.857815,-45.93061,-43.85296
69.23088,69.40277,69.702034,70.82554,71.9505,72.90285,74.01419
-9.61047,-9.563715,-9.426705,-9.224057,-9.020865,-8.647451,-8.169387
37.056805,36.59516,36.21802,36.701027,37.18607,37.24843,37.413063
26.122612,27.50836,29.059464,30.425674,31.793537,32.45631,33.32703
-53.228664,-52.164463,-51.16079,-49.579426,-47.998985,-47.91987,-47.91695
22.440784,21.28947,20.184662,20.17009,20.154316,22.970232,25.846094
13.524335,12.760165,12.215892,12.02789,11.841357,11.920903,12.260772
30.115486,30.393589,30.747498,30.952421,31.159178,29.29502,27.517088
48.798233,48.36083,48.00238,47.834984,47.667397,48.35106,49.136494
-8.776459,-9.238182,-9.589743,-12.015962,-14.441324,-14.102293,-13.63592
-29.027096,-29.202803,-29.253735,-28.633148,-28.014278,-29.116919,-30.069195
44.99644,44.79384,44.824154,45.149857,45.47668,44.107246,43.029217
-71.378044,-71.00903,-70.5734,-71.013596,-71.45513,-71.43714,-71.34257
67.79563,67.79307,67.75222,66.11383,64.474815,62.4463,60.369118
-31.016079,-30.544569,-29.854988,-29.731045,-29.6084,-28.23962,-26.606018
58.505703,59.045055,59.600708,59.18601,58.77081,59.370434,59.990356
22.6626,21.13079,19.753704,17.96274,16.169222,15.892923,15.812605
-34.25308,-33.82984,-33.452995,-31.470592,-29.487436,-27.821226,-26.219727
71.10983,71.85575,72.590324,71.1427,69.69529,68.86393,68.01932
-87.747574,-87.64588,-87.52097,-84.386925,-81.253944,-81.6348,-81.99455
-54.165295,-54.171448,-54.108006,-53.620834,-53.131897,-52.163296,-51.117603
-51.469646,-51.642914,-51.663822,-51.86674,-52.067936,-53.284813,-54.31329
-73.915924,-74.096756,-74.147964,-72.49833,-70.850266,-68.710754,-66.41766
-60.52208,-60.194252,-59.70993,-57.47303,-55.23648,-54.864323,-54.304028
22.858652,22.32912,21.7792,20.510702,19.243322,19.2201,19.18051
-52.42082,-51.693504,-50.845528,-50.0677,-49.289326,-48.638985,-47.833477
52.801304,51.55219,50.51473,49.317394,48.119522,46.7314,45.61089
-18.381218,-16.535368,-14.886597,-15.218335,-15.550659,-15.53995,-15.773085
43.44095,44.243282,44.83108,44.11116,43.389713,42.96949,42.29364
68.74726,70.100914,71.68025,74.491455,77.30422,76.47154,75.91488
26.52267,26.33236,26.045038,23.864868,21.68375,20.644854,19.4902
-2.6185498,-4.0426335,-5.541825,-7.2967286,-9.052535,-10.281732,-11.605002
89.38961,89.28053,89.157776,90.07971,91.00343,89.99205,88.96221
-14.1762495,-12.23697,-10.436338,-6.529455,-2.6213694,0.10066797,2.6454182
14.94394,13.995574,13.094591,12.17747,11.25917,10.626143,10.053288
13.790561,13.627982,13.262626,14.820998,16.38067,15.216653,13.806887
35.21851,37.34699,39.60819,39.96354,40.32007,40.38313,40.618687
-17.431454,-18.103956,-18.688046,-19.063055,-19.437698,-19.446758,-19.347946
86.499695,85.49791,84.46039,83.20333,81.94756,84.5354,87.08372
-3.6251044,-2.9078841,-2.0555892,0.19792975,2.4514623,1.5553116,0.825066
32.663372,32.773815,32.699883,33.751797,34.804268,36.319798,37.60353
-5.266046,-5.7112985,-5.951535,-6.3784804,-6.8064823,-9.2715225,-11.476937
-28.073166,-29.444914,-30.622894,-31.810656,-32.99912,-32.826607,-32.418133
7.566389,6.113468,4.774887,3.4114344,2.0490782,3.2159998,4.5267773
-15.054849,-15.362716,-15.653531,-16.054226,-16.454964,-19.568447,-22.651764
36.202938,37.31269,38.224392,41.73726,45.250305,45.715385,45.936214
-1.0554568,-1.7008344,-2.3118942,-2.4021156,-2.4904997,-2.7355754,-2.9408138
8.84087,8.048495,7.307551,6.178853,5.0497684,2.7171044,0.451781
-37.064507,-37.500458,-37.880108,-38.228436,-38.576897,-39.32555,-40.001698
41.425217,40.34862,39.42966,35.01053,30.592224,27.229952,24.05572
38.229057,37.989296,37.703384,37.840797,37.97706,36.02348,34.019318
-19.713411,-19.60967,-19.489645,-17.79241,-16.096378,-15.18141,-14.243673
13.463401,15.179214,16.719627,19.510578,22.303745,24.860071,27.19285
-75.21258,-74.512054,-73.650116,-71.69529,-69.740814,-70.98181,-72.0287
45.318264,46.35651,47.422672,44.22585,41.029125,35.105637,29.221981
-9.008834,-8.483166,-7.9668727,-7.5480294,-7.1297045,-7.9489217,-8.7834
86.1212,85.87259,85.770905,85.1113,84.4532,79.641266,75.01305
74.41197,74.26074,74.09935,71.42538,68.75173,66.41746,64.08017
-28.513718,-29.415142,-30.08397,-29.388607,-28.692938,-31.008713,-33.042667
-45.5194,-45.29608,-45.040375,-45.141495,-45.245052,-46.930393,-48.573326
-29.55177,-30.4887,-31.352886,-33.418613,-35.485157,-36.310482,-37.03877
29.503971,29.798933,30.003923,30.801043,31.597593,32.187057,32.666283
-21.181623,-20.749933,-20.45239,-22.185555,-23.918495,-25.752378,-27.744852
-10.047601,-10.005965,-9.987865,-9.1480255,-8.309722,-6.624989,-4.9674354
35.4251,35.652824,35.744644,38.50786,41.271908,41.971123,42.501606
-23.318342,-22.9982,-22.723177,-23.678745,-24.633884,-27.030178,-29.483051
-40.191288,-39.41804,-38.50633,-38.540066,-38.573,-40.620956,-42.501953
33.550034,34.841953,36.12581,35.93611,35.746258,36.69839,37.64507
-9.460596,-8.166558,-6.762543,-5.309177,-3.85761,-4.7621455,-5.5229907
-49.540886,-51.584538,-53.841454,-53.928177,-54.01722,-52.01818,-50.28241
-6.1454535,-7.170526,-8.005946,-11.164292,-14.323335,-14.564552,-14.564815
-42.706646,-44.75253,-46.784557,-49.040073,-51.296337,-51.758125,-52.203045
24.084549,24.610039,25.330143,25.741657,26.15483,25.078806,24.242786
-16.623075,-16.699766,-16.721008,-17.575872,-18.43149,-16.961733,-15.429504
33.023434,33.986835,35.032513,33.90695,32.780403,33.33102,33.98513
23.680012,23.629993,23.570229,23.313236,23.056942,21.551212,20.031414
-62.238873,-62.341244,-62.61191,-63.71345,-64.81465,-66.51067,-68.413925
-41.706863,-41.568943,-41.290745,-40.067898,-38.846535,-37.503292,-35.982555
-16.531055,-16.113876,-15.879122,-11.5904875,-7.301437,-3.618664,-0.17182761
38.1848,38.55177,38.783382,38.17198,37.56145,36.48672,35.252956
4.842539,4.075896,3.0947478,1.3689462,-0.3569382,-0.5648506,-1.03032
32.58907,32.343575,32.061768,30.73844,29.415215,30.171677,30.881157
-97.936966,-99.17354,-100.53845,-100.1675,-99.79752,-100.1726,-100.7052
-128.92326,-130.49014,-132.26114,-131.02832,-129.79692,-129.37947,-129.21565
8.225373,7.1223726,5.829072,5.255411,4.6821256,3.061652,1.2056959
-37.140705,-38.31079,-39.66467,-39.173973,-38.685234,-37.38346,-36.302853
33.266533,34.09415,35.044956,33.83745,32.631527,31.168613,29.860332
-59.370773,-58.85561,-58.53596,-54.61765,-50.698647,-50.196102,-49.935314
-97.38648,-98.34127,-99.45095,-97.71572,-95.98139,-94.27424,-92.76223
29.26736,29.374445,29.611595,30.285278,30.958939,30.917885,31.02815
-26.382238,-26.481153,-26.572441,-24.165026,-21.759626,-21.15825,-20.552004
-77.157,-76.01187,-74.9546,-74.022064,-73.089455,-72.36739,-71.751465
-43.867832,-43.34099,-42.92103,-42.051655,-41.183605,-40.08087,-39.114918
-50.820724,-51.227203,-51.789642,-52.41775,-53.046238,-52.786137,-52.724625
-72.17031,-72.47982,-72.88865,-71.47838,-70.06956,-70.20635,-70.46276
-23.025906,-25.232948,-27.619974,-29.369091,-31.116968,-31.337963,-31.77882
-46.619896,-47.180912,-47.73967,-49.129654,-50.521088,-49.686424,-48.8404
-13.089653,-13.179551,-13.468219,-13.26906,-13.070247,-11.80627,-10.78251
-53.93084,-53.398235,-53.094902,-51.45266,-49.81054,-49.672195,-49.821186
-18.315695,-17.927546,-17.684914,-18.229694,-18.773726,-16.46056,-14.33306
-71.87577,-73.478165,-75.19868,-73.598045,-71.99807,-68.15566,-64.457306
-13.081343,-14.202052,-15.1836405,-18.477333,-21.77203,-22.968163,-23.988081
29.513052,28.426552,27.453028,26.355381,25.256536,23.273712,21.434998
-59.842274,-58.959442,-57.876656,-55.35072,-52.825615,-51.715183,-50.35378
-13.279287,-10.294241,-7.2221274,-5.1967564,-3.1715326,-3.8507667,-4.4272447
-40.728916,-40.7821,-40.916107,-40.174873,-39.432354,-39.58572,-39.8417
104.25467,105.27727,106.13457,106.23597,106.33769,106.756355,106.97129
-38.67684,-38.66059,-38.437405,-41.131233,-43.825806,-47.606705,-51.125755
-45.492138,-46.901325,-48.445072,-48.86599,-49.28695,-50.571747,-52.02073
-15.837296,-14.46524,-13.295828,-13.432576,-13.571384,-12.90786,-12.489954
7.2883997,6.4299374,5.6698904,6.137285,6.6061497,6.725586,6.9590273
-40.770264,-39.71342,-38.678818,-37.189438,-35.699875,-36.520958,-37.370075
15.062635,14.891233,14.762013,14.788584,14.815612,15.473276,16.186424
10.209321,9.483013,8.606276,8.337573,8.06957,7.092548,5.932531
65.55792,63.49341,61.396473,56.69882,52.001152,50.27301,48.514145
77.19981,78.64285,80.25614,80.909225,81.563286,81.662895,81.96693
81.45821,82.89457,84.50576,86.373055,88.24163,86.129005,84.23402
-74.61333,-73.7104,-73.03157,-73.349495,-73.66983,-70.88274,-68.37596
-12.200811,-10.150624,-8.208957,-5.3524017,-2.495991,-2.4926717,-2.632558
-70.41308,-71.288155,-71.967125,-72.73914,-73.512856,-71.99895,-70.23788
-101.74834,-102.12509,-102.49935,-100.15141,-97.803055,-95.5433,-93.283356
-18.581018,-19.126394,-19.539736,-16.943857,-14.348183,-13.048505,-11.580192
-51.4674,-50.930653,-50.22105,-49.470436,-48.71986,-47.375504,-45.82584
-33.232807,-32.29254,-31.54995,-30.780056,-30.009933,-28.779797,-27.794662
-97.53812,-96.00058,-94.65277,-91.748,-88.84394,-87.30579,-86.007034
7.9231367,6.736667,5.3736286,5.014634,4.6558285,5.3671913,5.8599195
-43.61162,-44.451565,-45.39889,-45.054043,-44.7095,-42.697514,-40.81654
91.84957,94.54085,97.10576,96.03133,94.957535,93.84638,92.57414
-80.25185,-79.51544,-78.94358,-76.43126,-73.91949,-74.10758,-74.493576
72.309525,71.979225,71.59317,70.51977,69.446556,67.47486,65.44219
-47.76006,-47.62302,-47.277985,-46.6251,-45.972992,-45.592976,-44.954716
-50.436607,-50.516563,-50.459553,-48.550423,-46.640503,-46.0052,-45.20649
1.4605883,-0.049078632,-1.762364,-3.686828,-5.6096077,-6.0927825,-6.831774
-11.3032255,-10.35926,-9.600516,-9.556926,-9.513049,-9.622156,-9.954699
49.95268,49.354446,48.654003,49.25964,49.865925,49.080265,48.166615
-36.221737,-35.4409,-34.730694,-35.787304,-36.84358,-37.244946,-37.732273
-48.499214,-49.134647,-49.90424,-51.232494,-52.562607,-54.92207,-57.450535
7.7270155,7.1257,6.6355963,6.2086678,5.782506,2.841401,0.03887179
-24.925282,-25.887695,-26.663074,-25.571785,-24.48149,-23.44,-22.17791
33.331486,32.37087,31.464626,28.264446,25.063927,25.146313,25.299425
-54.36694,-53.536594,-52.771538,-54.18822,-55.603146,-58.03954,-60.55069
-50.71257,-50.41505,-50.172646,-50.278774,-50.385147,-50.521282,-50.732433
-64.28379,-64.88581,-65.45865,-64.74266,-64.02564,-63.230747,-62.39645
-57.39699,-57.748478,-58.082306,-55.496677,-52.910656,-52.27131,-51.603252
4.757914,6.095488,7.43158,7.272817,7.1137137,8.310359,9.506133
32.14595,31.74092,31.452887,31.979692,32.506306,33.164696,33.972122
-78.10046,-80.78146,-83.53882,-85.79735,-88.05685,-89.78687,-91.621635
24.322077,24.165644,23.805094,24.315496,24.826319,21.803371,18.52535
-45.332413,-46.80593,-48.322304,-50.46057,-52.599648,-50.377907,-48.214493
-11.461293,-11.725734,-11.820653,-11.566054,-11.312299,-11.719771,-11.92479
72.17647,72.6465,73.31215,72.504074,71.69685,70.7083,69.97021
20.599413,20.403612,20.381916,18.564049,16.747198,15.0664625,13.599501
-30.208649,-31.203522,-32.32337,-33.59183,-34.86047,-35.70532,-36.701633
61.50787,61.928787,62.581604,61.686806,60.793415,59.056713,57.60943
-37.016376,-35.84263,-34.641068,-31.050224,-27.460258,-28.271576,-29.050402
-103.856544,-104.10437,-104.15242,-102.53431,-100.91671,-100.71801,-100.26994
35.13312,33.127354,31.121256,31.744774,32.367767,31.288181,30.216265
-38.147976,-38.97204,-39.761417,-43.866653,-47.973377,-49.077522,-50.131313
-56.619186,-57.454304,-58.38302,-58.12999,-57.877758,-57.302536,-56.85032
-70.09932,-70.38714,-70.8482,-69.30705,-67.76524,-67.11011,-66.6684
69.19371,69.63376,70.06222,66.506546,62.951572,63.762512,64.55622
33.476025,34.29343,35.252098,39.451664,43.65201,45.433315,47.380817
35.11328,36.333893,37.551735,40.94499,44.338177,45.57842,46.81589
2.0869918,1.4593734,0.66780484,-0.11023558,-0.88956773,-1.9198264,-3.15352
27.43567,25.825321,24.069359,21.929585,19.788898,15.772544,11.575822
-31.8841,-31.172848,-30.27255,-24.906227,-19.538576,-14.715632,-9.670852
30.888271,31.219862,31.671988,32.75795,33.844692,35.70379,37.70758
96.80125,98.5098,100.42704,99.56743,98.70899,97.11356,95.76937
10.057404,9.634809,9.304622,10.211559,11.119094,12.264713,13.520138
-18.230694,-17.163765,-15.977827,-14.02231,-12.065667,-10.082486,-7.961089
12.31319,13.636549,14.732483,16.495575,18.258501,17.821852,17.113646
-1.6461064,-2.033157,-2.6506429,-4.6277747,-6.6068616,-6.9005113,-7.482601
-93.45681,-93.601135,-93.61019,-96.57294,-99.535324,-99.418945,-99.13404
21.567606,21.580383,21.747913,22.96577,24.184263,24.30298,24.612701
-42.130856,-43.48462,-44.754913,-45.14473,-45.535095,-45.30725,-44.979126
-24.891068,-24.018433,-23.304037,-23.154224,-23.003193,-23.39758,-23.986126
55.514736,55.518112,55.346584,55.91213,56.478115,55.35582,54.011295
20.468237,20.036423,19.493536,20.847034,22.20025,22.662407,22.996315
4.301409,5.216449,6.0307627,4.80241,3.5746696,3.3821123,3.0607498
-17.453964,-19.380972,-21.236658,-21.327229,-21.418676,-20.782146,-20.055407
7.2936425,8.997648,10.579965,11.08501,11.589655,12.40285,13.059393
-57.36578,-58.689377,-60.265236,-59.6864,-59.107613,-56.81717,-54.839287
-50.963596,-49.59817,-48.382614,-46.491856,-44.599407,-44.593838,-44.768486
51.24789,50.948944,50.705627,51.107548,51.50981,50.768105,50.095963
56.578583,55.851074,54.90211,56.058044,57.214386,56.96023,56.431904
-42.360798,-40.9612,-39.762585,-38.897457,-38.033222,-36.830082,-35.869625
-38.07855,-36.212666,-34.128113,-33.019573,-31.910992,-29.867935,-27.555573
-43.03245,-42.48304,-41.9713,-40.284218,-38.597775,-38.450325,-38.344814
-88.23411,-88.025375,-87.81072,-85.86909,-83.927704,-82.153175,-80.37789
1.9508089,0.24704258,-1.3894736,-2.806785,-4.223705,-6.328015,-8.33979
64.343895,65.0319,65.86164,66.1154,66.37054,68.01693,69.843285
-11.413101,-13.391497,-15.226538,-16.678356,-18.130617,-19.741764,-21.17255
82.89901,82.89804,83.06344,81.806244,80.54943,79.54425,78.750275
39.62769,38.746136,37.94522,34.911102,31.87617,28.526863,25.280384
-72.24739,-71.03092,-69.85013,-68.2256,-66.60071,-65.17764,-63.7968
-23.704353,-22.482237,-21.29834,-18.940815,-16.5832,-16.41424,-16.2903
-29.502655,-31.130978,-32.7276,-31.88146,-31.035145,-28.01513,-24.953598
73.72302,73.38652,72.9077,70.65085,68.3942,69.173935,69.78405
-11.889239,-11.181224,-10.520992,-10.139545,-9.759835,-9.301896,-8.896363
5.4443913,4.8535643,4.303809,5.6970444,7.0906973,7.255931,7.4691763
-41.706367,-42.03355,-42.25232,-42.478783,-42.70418,-41.73137,-40.629974
-117.66485,-116.83495,-115.89264,-113.83105,-111.76992,-108.044914,-104.18403
-54.504723,-54.809635,-55.04868,-51.733482,-48.419514,-49.597374,-50.68756
-43.08001,-42.45331,-41.62825,-42.78828,-43.948048,-44.615105,-45.037563
-43.525627,-43.203117,-43.11183,-43.36909,-43.626633,-44.831284,-46.322243
83.1864,82.9221,82.49666,80.67343,78.85121,74.830734,70.61931
85.753204,86.7309,87.59773,87.71193,87.82666,89.468506,90.97291
-66.13301,-65.23838,-64.15985,-62.891884,-61.62314,-60.350555,-58.85026
-18.258734,-17.264978,-16.149612,-13.422193,-10.6942005,-8.203628,-5.5661373
-18.528116,-17.606892,-16.601278,-17.192148,-17.781687,-20.288456,-22.698246
0.19616252,-0.2747895,-0.5061404,-2.8605607,-5.2157526,-7.740834,-9.963879
-43.191723,-44.571278,-45.76216,-48.67944,-51.597294,-52.87005,-53.903057
-49.890636,-49.312458,-48.718395,-48.596073,-48.47346,-47.45271,-46.413
18.543903,19.186096,19.9465,17.88398,15.820902,15.055272,14.4373665
-57.133812,-55.477837,-53.792625,-51.435795,-49.080307,-49.13139,-49.148224
-38.015797,-37.80987,-37.67071,-35.23518,-32.80018,-32.272278,-31.820513
-38.78692,-38.822495,-38.745255,-38.06163,-37.378242,-38.159054,-38.800323
-59.22184,-58.150562,-56.990475,-57.03114,-57.070866,-56.447807,-55.718132
-14.028386,-14.240274,-14.540005,-13.648598,-12.759154,-13.059797,-13.46558
-53.927616,-53.62856,-53.47034,-51.78725,-50.103645,-49.38686,-48.84805
14.73035,16.24478,17.528212,20.429424,23.332546,27.273483,30.92807
34.68236,34.125027,33.79861,32.128376,30.457767,33.347614,36.525745
68.33498,67.66518,66.85073,64.20685,61.563347,62.384132,63.030228
3.3280647,3.5146472,3.5117357,4.184921,4.857961,2.9536502,0.81320834
-3.4724143,-3.4927475,-3.3263485,-5.967719,-8.608368,-9.6415415,-10.445352
72.83067,72.83774,72.650375,69.1454,65.64084,65.1506,64.421234
7.882698,7.4933586,7.123121,6.5605326,5.9982233,5.799883,5.6149592
-24.038511,-22.969873,-21.742338,-19.601128,-17.459894,-18.119738,-18.572859
42.328354,41.616997,40.71851,42.345715,43.97315,45.45032,46.701267
61.88503,61.616028,61.56273,61.0223,60.481434,56.85981,53.50157
26.489721,29.370766,32.415684,34.08412,35.754356,36.8824,38.215996
31.567987,32.225136,32.999973,31.53355,30.066996,28.93054,27.93645
32.523476,33.012115,33.38243,31.795769,30.209625,30.900265,31.448431
5.783083,6.4432983,6.8901157,5.601984,4.313738,3.7403352,2.9002454
46.91131,45.64272,44.34859,42.721928,41.094112,40.75329,40.386898
18.608572,18.340036,17.907892,15.76677,13.62519,13.246859,12.662967
48.317898,48.357994,48.583218,50.794407,53.00746,52.474373,52.16285
-16.994429,-16.305714,-15.655286,-12.854556,-10.053531,-7.2821665,-4.5523467
-17.418232,-18.98755,-20.578144,-20.253952,-19.927616,-18.641268,-17.389402
