2014 SVI Mobile Homes Encoding,2015 SVI Mobile Homes Encoding,2016 SVI Mobile Homes Encoding,2017 SVI Mobile Homes Encoding,2018 SVI Mobile Homes Encoding,2019 SVI Mobile Homes Encoding,2020 SVI Mobile Homes Encoding
-104.27927,-104.486725,-104.693214,-104.59159,-104.48799,-104.71356,-104.93783
-67.74443,-67.92915,-68.11317,-67.79789,-67.480774,-67.52987,-67.577835
31.845709,32.06863,32.291122,32.061253,31.831465,32.233047,32.63505
130.1533,129.84114,129.52937,129.19356,128.8571,128.76262,128.66626
11.241569,11.137454,11.034827,11.242196,11.449611,11.423068,11.39746
-23.015724,-22.789116,-22.562103,-22.45161,-22.340612,-22.813795,-23.287338
55.16768,54.973007,54.778,54.1026,53.427296,53.33049,53.234013
-20.36199,-20.370676,-20.380621,-20.811892,-21.243414,-21.234617,-21.225668
27.12322,26.63592,26.147678,26.306871,26.466372,26.424463,26.383852
18.963215,19.104021,19.242395,19.43745,19.63197,19.992727,20.353334
-1.8728994,-2.5459075,-3.21911,-4.0135646,-4.8086276,-4.3692317,-3.9299903
-88.581955,-88.5026,-88.423134,-88.315765,-88.20757,-88.41748,-88.62678
48.91251,49.217617,49.52177,49.414,49.305973,49.259453,49.212673
43.05083,43.29063,43.530994,43.838905,44.147243,43.689835,43.232193
-42.85668,-42.56481,-42.27062,-42.48743,-42.70636,-43.24352,-43.77781
43.069748,43.120033,43.170795,43.250416,43.328693,42.905216,42.480408
32.155525,32.446087,32.738194,33.164425,33.59153,33.356483,33.122005
7.9555807,8.704522,9.4528675,9.426907,9.399598,9.481104,9.561546
-78.73177,-78.531555,-78.330536,-77.979904,-77.62755,-77.9183,-78.20816
-9.05385,-9.290165,-9.526491,-9.531232,-9.537569,-9.717735,-9.8973465
-42.285267,-42.568027,-42.851875,-43.091885,-43.331615,-43.23326,-43.13532
74.64333,74.332855,74.02226,73.931046,73.84031,73.69217,73.5434
85.71403,85.5823,85.44955,85.133644,84.81684,84.95496,85.09289
31.071255,31.427343,31.783466,31.729256,31.675379,31.078382,30.481003
-71.67803,-71.54946,-71.42039,-71.52094,-71.62202,-71.63123,-71.639626
-11.551006,-11.749771,-11.949157,-12.376983,-12.80522,-12.686949,-12.568601
84.68681,84.38843,84.08884,83.87162,83.65451,84.16763,84.68092
-6.93824,-7.057776,-7.1770954,-7.539738,-7.9028535,-8.08469,-8.267198
51.920593,52.037422,52.154922,52.699295,53.242115,52.887527,52.53206
-91.183846,-90.90298,-90.622406,-90.82812,-91.03312,-91.358665,-91.6834
1.8470236,1.7126752,1.5790418,1.9882592,2.398176,2.1530843,1.9078251
32.168846,32.293316,32.418915,32.96275,33.506264,33.223377,32.94068
-44.98308,-45.28367,-45.583424,-44.94922,-44.314617,-43.806324,-43.298424
-62.748367,-63.1001,-63.45209,-63.392715,-63.33299,-63.11775,-62.90121
-77.2492,-77.68544,-78.121445,-77.93913,-77.75731,-77.879135,-77.99893
65.32279,64.71774,64.112175,63.963066,63.813694,64.131485,64.448494
26.544407,26.353872,26.16277,26.106691,26.050055,26.30928,26.568733
40.46193,40.1199,39.777378,39.287968,38.797546,39.095123,39.391827
-26.663437,-26.636456,-26.609728,-26.764072,-26.918217,-26.65568,-26.392328
-4.976205,-5.275035,-5.574155,-5.052682,-4.5314455,-4.276599,-4.019952
-22.728352,-23.238277,-23.748827,-23.770756,-23.792122,-23.895311,-23.999508
-24.318348,-24.504402,-24.690407,-24.594852,-24.498352,-23.82198,-23.14569
-6.6188483,-6.9110694,-7.2033763,-7.3695025,-7.535066,-7.2319217,-6.92769
-42.700726,-42.803062,-42.90347,-42.99697,-43.089302,-42.708126,-42.326416
110.89193,111.20846,111.52383,111.39929,111.27481,111.73604,112.19483
53.719025,53.70636,53.6931,53.688927,53.683357,53.978336,54.273197
-69.09561,-68.93403,-68.77221,-68.01183,-67.250755,-67.25378,-67.25626
-43.02551,-42.842194,-42.658184,-41.982018,-41.305687,-41.222786,-41.139317
21.75973,21.956259,22.15213,22.487432,22.823368,22.679243,22.53554
-64.34527,-64.37893,-64.412506,-63.836315,-63.25996,-62.98236,-62.704674
-46.7438,-46.548122,-46.353302,-46.302116,-46.252586,-46.411533,-46.569355
-18.040947,-18.073914,-18.105423,-18.04561,-17.985918,-17.900763,-17.815184
2.087008,2.6283402,3.1695528,2.9209805,2.6732283,2.2164302,1.7602328
7.035425,7.5227165,8.008203,8.235451,8.461236,8.219337,7.978512
12.010508,12.020012,12.028946,12.415622,12.800702,12.964011,13.125902
-4.581531,-4.6992455,-4.8180537,-4.715042,-4.6125402,-4.9553776,-5.298726
21.568905,21.731316,21.891624,21.700327,21.508354,21.620628,21.733753
-56.64512,-56.96787,-57.292202,-57.092487,-56.893803,-57.195248,-57.49743
23.17554,23.523912,23.873346,23.828289,23.781794,24.093014,24.403685
-13.893035,-14.128576,-14.365047,-14.034906,-13.703335,-13.447997,-13.192678
51.39761,51.48294,51.56857,51.623615,51.677624,51.62978,51.582897
12.232504,11.950091,11.669239,11.575871,11.482947,11.771712,12.059734
88.592926,88.071815,87.54954,86.839264,86.1291,86.39292,86.65709
16.592068,16.799507,17.008013,17.00885,17.008701,16.981386,16.953903
-40.10222,-39.779552,-39.457546,-39.371826,-39.28643,-39.001366,-38.715908
1.994397,1.962798,1.9305238,2.3224993,2.7159262,2.8118792,2.9068918
-45.37444,-45.01668,-44.65963,-44.907078,-45.155247,-45.33269,-45.509155
-16.358814,-16.00574,-15.649704,-15.163786,-14.677907,-15.357025,-16.036106
20.354443,20.4693,20.583376,20.9524,21.320448,21.752985,22.184944
-40.550236,-40.922382,-41.29341,-41.439045,-41.58401,-41.64156,-41.69841
-3.3085587,-3.6558993,-4.0018816,-3.8904068,-3.777817,-4.0191994,-4.261261
14.556039,14.932812,15.309999,15.037057,14.764175,14.773442,14.782177
-17.64936,-17.650095,-17.650633,-17.4799,-17.31015,-17.54179,-17.773378
-36.68237,-37.126125,-37.569363,-37.699284,-37.82984,-37.605556,-37.38013
45.25829,44.346294,43.434414,43.25287,43.07286,42.77378,42.47498
-16.290453,-16.426573,-16.562162,-16.50914,-16.454512,-15.672738,-14.892269
4.837763,4.610647,4.383278,4.6513624,4.9184837,4.7705317,4.622445
-53.16736,-53.357727,-53.549088,-53.386337,-53.222824,-53.02729,-52.830048
26.789022,26.7954,26.801855,27.013166,27.225597,27.184532,27.142849
-1.0215642,-0.94048285,-0.85927844,-0.6797445,-0.501271,-0.28512836,-0.069905035
-22.62851,-22.368036,-22.108147,-21.55469,-20.99999,-20.63173,-20.263903
11.559778,11.580459,11.60108,11.979124,12.357183,12.381384,12.40579
-41.37184,-41.40943,-41.446518,-41.20421,-40.961624,-40.760696,-40.558784
-10.111508,-9.691719,-9.274799,-9.175188,-9.074658,-8.734488,-8.392561
22.12693,22.274654,22.423557,21.826176,21.229002,21.35538,21.480923
31.486065,31.230427,30.974876,31.101046,31.225378,31.071753,30.918814
37.78299,37.224297,36.66546,36.63463,36.60284,36.9321,37.26203
-0.7270144,-0.3958796,-0.0654801,0.42528167,0.9158107,0.8820096,0.848446
-70.28279,-70.15607,-70.0275,-69.85553,-69.682556,-69.789024,-69.89458
1.6392895,1.8103181,1.9829508,1.9339257,1.8854667,2.4622045,3.040278
-51.589996,-51.737984,-51.886604,-52.21535,-52.5426,-52.363243,-52.18183
-30.688452,-30.745977,-30.805378,-30.939924,-31.075197,-31.300627,-31.526457
80.07281,80.44028,80.808,80.12815,79.44766,78.99542,78.54201
39.75269,39.659668,39.567734,39.41434,39.261353,38.538475,37.813995
4.676829,4.95091,5.2227592,5.288837,5.3543005,4.727164,4.1001863
17.556242,17.390285,17.224308,17.122992,17.023113,17.145586,17.268671
-41.47032,-41.36795,-41.266293,-41.11972,-40.97403,-40.387314,-39.80027
25.489712,25.458813,25.427265,25.596817,25.767698,26.328024,26.888187
27.21828,27.182945,27.146952,27.0609,26.974571,27.300308,27.626501
12.204186,12.413725,12.62132,12.158146,11.694877,11.567272,11.442093
-5.845231,-5.916273,-5.987545,-6.3321886,-6.677882,-6.4011297,-6.124598
-34.317547,-34.709175,-35.10322,-36.07847,-37.054256,-36.60495,-36.156597
22.222506,21.67351,21.121864,20.985662,20.84818,20.815527,20.783005
-64.012825,-64.25316,-64.49317,-64.591675,-64.689896,-65.22076,-65.74908
-33.34158,-32.60439,-31.864271,-31.468586,-31.073215,-31.650877,-32.228348
-27.88282,-27.806225,-27.73002,-27.577606,-27.426102,-27.053452,-26.679817
32.834747,32.841347,32.849457,32.73462,32.618988,32.77064,32.923798
-26.148396,-26.073208,-25.997778,-26.327927,-26.658188,-26.968866,-27.280003
16.740126,16.967646,17.196154,16.956964,16.7163,16.479078,16.242168
-65.60965,-65.18284,-64.75484,-64.54637,-64.337685,-63.734535,-63.13142
-10.749687,-10.432041,-10.114127,-9.739302,-9.3639965,-9.099319,-8.83478
-9.882271,-10.5285425,-11.174339,-11.128281,-11.080815,-10.807358,-10.53513
-70.93227,-70.68712,-70.44295,-70.67266,-70.90226,-71.16213,-71.42191
17.99137,18.49688,19.001759,19.344273,19.688074,19.586536,19.485939
-18.192472,-18.069677,-17.945887,-17.554453,-17.162886,-17.370508,-17.576551
-28.268465,-28.564962,-28.860271,-28.19925,-27.536777,-27.06479,-26.59175
74.12002,74.11794,74.11811,73.39921,72.67919,72.498085,72.31539
-27.102953,-26.963955,-26.824663,-26.907404,-26.99043,-26.852167,-26.71556
-15.66998,-15.478494,-15.286464,-15.1664295,-15.045093,-15.659851,-16.272457
-55.48402,-55.18877,-54.89114,-55.182384,-55.473057,-55.432903,-55.392475
38.095722,38.524513,38.95403,38.665176,38.37551,37.65843,36.93948
14.204176,14.010309,13.816954,13.652948,13.489395,13.723362,13.95703
49.96253,49.23647,48.511467,48.643883,48.777298,49.009274,49.24015
-38.443005,-38.45059,-38.4587,-38.034588,-37.61089,-37.834373,-38.057972
-71.41101,-71.18988,-70.96871,-70.29957,-69.629845,-69.36305,-69.09566
-60.051113,-60.04749,-60.04536,-59.62025,-59.194874,-59.016518,-58.83702
-47.75504,-48.27892,-48.80165,-48.145138,-47.486916,-46.88822,-46.289513
-18.641174,-18.73619,-18.831083,-18.839252,-18.847061,-18.937874,-19.028399
79.45244,79.276306,79.099846,79.179726,79.25922,79.13713,79.01532
-31.00647,-31.559566,-32.110405,-32.12993,-32.149067,-31.566133,-30.98119
105.30217,105.520676,105.736694,105.17415,104.611145,104.80044,104.98967
4.0385995,4.3989234,4.7578387,4.531402,4.3027854,4.344951,4.38541
27.439352,27.59319,27.746504,27.068047,26.389614,26.421099,26.453264
-51.260918,-51.388924,-51.51677,-51.258446,-51.000507,-51.23687,-51.47281
21.319553,21.286633,21.25497,21.426933,21.599781,21.454948,21.309826
-0.836101,-0.7470874,-0.65849584,-0.8830742,-1.1070985,-1.4501127,-1.7919406
-13.41566,-13.098266,-12.7790575,-13.167485,-13.554526,-13.787124,-14.019469
-45.624767,-45.900024,-46.17447,-46.25517,-46.335213,-46.171314,-46.007233
-17.103958,-16.86683,-16.628319,-16.682556,-16.736382,-16.09861,-15.461488
41.201775,40.761177,40.32147,40.607727,40.89522,40.973843,41.053825
-10.484881,-10.018346,-9.551754,-8.994705,-8.438502,-7.8830786,-7.3271923
62.484882,63.14429,63.80315,63.83026,63.85789,64.19775,64.53796
-4.60007,-4.605233,-4.6092906,-4.6928763,-4.7767506,-5.0581346,-5.3380814
13.373455,13.157151,12.940961,12.388306,11.833262,11.788529,11.74308
-42.16082,-42.386486,-42.612446,-42.62455,-42.636806,-42.354618,-42.07151
6.0001583,5.956641,5.914484,5.8922834,5.869727,5.578188,5.285966
-39.050537,-38.96442,-38.878708,-39.09862,-39.31997,-39.153763,-38.988007
69.06569,69.19726,69.32946,69.21318,69.09586,68.82719,68.55711
-3.7032647,-3.8385644,-3.973311,-4.1591744,-4.3440595,-4.4581265,-4.571009
-14.922222,-14.8856945,-14.850163,-14.92419,-14.998029,-14.525358,-14.054736
-9.526475,-9.420382,-9.31447,-9.270564,-9.227707,-9.390637,-9.553457
62.59818,62.338154,62.079624,61.819393,61.5598,61.62288,61.6865
-58.961514,-58.9575,-58.95332,-58.636196,-58.319363,-58.341843,-58.364944
-13.234049,-12.975701,-12.717837,-12.341773,-11.966045,-11.85046,-11.735058
64.9472,64.8506,64.75302,64.58281,64.41267,64.37968,64.34673
-20.807686,-20.438051,-20.067207,-19.838217,-19.608912,-19.254005,-18.898056
73.6569,74.13998,74.624405,74.690384,74.75581,73.96526,73.17366
-28.307917,-27.495739,-26.684809,-26.854698,-27.025175,-27.285952,-27.548792
61.075108,60.98516,60.89596,60.76726,60.638783,60.329163,60.01946
75.21054,74.97338,74.73667,74.845825,74.95457,74.88925,74.824745
-59.45532,-59.072906,-58.68941,-58.15619,-57.621964,-57.260662,-56.89915
39.36597,39.31172,39.256966,38.97643,38.69435,38.723385,38.752487
36.222225,36.454746,36.686436,36.72929,36.77358,36.59557,36.41823
39.170322,39.25271,39.33493,39.522575,39.711555,39.883957,40.057655
41.731354,41.59973,41.469883,41.348633,41.22891,41.067085,40.904385
27.932625,28.010166,28.087914,28.15339,28.216475,28.39973,28.584553
22.951658,22.831167,22.711966,23.03547,23.358793,23.8298,24.30237
-23.825712,-23.65009,-23.473024,-23.182589,-22.891855,-22.968773,-23.048166
28.886475,28.518795,28.151157,28.384396,28.618004,28.49895,28.379974
53.46266,53.38739,53.311676,53.11779,52.92487,52.621754,52.31799
-43.651924,-44.109867,-44.568676,-44.141266,-43.713947,-43.372066,-43.02943
-10.587898,-10.739649,-10.892353,-10.849187,-10.80548,-10.269904,-9.734411
92.206566,92.36495,92.52139,92.15383,91.78585,91.78611,91.78571
88.325005,88.46554,88.60523,88.3922,88.17927,87.91262,87.646904
49.943146,49.585503,49.227364,49.040497,48.854973,48.93023,49.006554
34.097317,34.56722,35.03616,34.95385,34.871475,34.794857,34.71733
-23.58337,-23.22264,-22.860966,-23.589869,-24.320993,-24.935974,-25.550276
-31.233915,-31.298258,-31.362932,-30.824663,-30.286406,-30.09445,-29.90225
19.591627,19.626131,19.65881,19.821806,19.98375,19.860931,19.739056
-14.04968,-14.812277,-15.574787,-15.685372,-15.7941,-15.622949,-15.451946
19.922192,19.974583,20.025148,20.30383,20.581467,20.307364,20.033384
32.223568,32.37109,32.518,32.46889,32.41933,32.519688,32.620834
19.444649,19.353825,19.261011,18.939745,18.618435,18.599533,18.58171
-8.303035,-8.034841,-7.7673817,-7.5634255,-7.361248,-7.4610996,-7.5600967
-38.310825,-38.454727,-38.59815,-38.70007,-38.80207,-38.647675,-38.492374
-134.63852,-134.989,-135.33736,-135.09009,-134.84401,-134.5781,-134.31197
53.7993,53.708252,53.61649,53.489246,53.360577,53.397373,53.433968
-3.8379393,-4.062669,-4.286113,-4.1153383,-3.9439745,-3.6008787,-3.2584581
74.46681,74.68649,74.90588,74.29524,73.684875,73.70146,73.71825
-70.95895,-70.96234,-70.96624,-70.99542,-71.023705,-70.98004,-70.936295
-11.690276,-11.292178,-10.894441,-10.854432,-10.814364,-10.960746,-11.107339
-23.708109,-23.468973,-23.228071,-23.361265,-23.49437,-23.701176,-23.909334
-3.3286672,-3.3922942,-3.4564078,-2.777561,-2.09914,-1.4868023,-0.87383646
-6.8578477,-7.2295575,-7.6018434,-7.2428412,-6.8837132,-6.5538697,-6.2238717
-4.512497,-4.0928974,-3.6763914,-3.8579462,-4.0382366,-3.9760892,-3.913307
62.90644,63.27598,63.645466,63.497158,63.34731,62.280334,61.21204
-23.570362,-23.51947,-23.468735,-23.49302,-23.517223,-23.28656,-23.055275
61.879612,61.83576,61.79012,61.347042,60.903225,61.13505,61.367924
64.55747,64.650764,64.74462,64.94016,65.13621,65.07482,65.012054
27.5742,27.934013,28.295425,28.853085,29.409245,29.657734,29.906994
36.076588,35.773624,35.47104,35.348186,35.22608,34.92296,34.618847
-16.287252,-16.503124,-16.71789,-16.370022,-16.020473,-15.697331,-15.374957
-39.997375,-39.700047,-39.40307,-39.555164,-39.708904,-40.21585,-40.722862
-54.345684,-54.495125,-54.643524,-54.625328,-54.60821,-54.585262,-54.56158
-7.7595143,-7.6115365,-7.464585,-7.0000863,-6.5364747,-6.0667624,-5.5971856
-10.80492,-11.214082,-11.622622,-11.225129,-10.827825,-10.582924,-10.337465
11.083625,11.216233,11.349057,11.672584,11.997352,12.114949,12.232326
-2.8822412,-2.8535051,-2.8264542,-2.7199316,-2.6120014,-2.6640453,-2.7166233
69.15195,69.24043,69.32723,69.81606,70.30422,70.73199,71.15925
-117.321304,-117.18886,-117.056496,-116.21303,-115.367584,-114.77188,-114.17535
24.814919,24.570131,24.325352,24.59206,24.858368,24.562778,24.265976
20.29191,20.787134,21.281525,21.595686,21.91007,21.3448,20.779312
28.045994,27.717537,27.389833,27.10772,26.826515,27.396263,27.965755
7.6327415,7.81177,7.99099,8.10258,8.213568,8.254124,8.294483
18.806044,19.465826,20.123182,20.082958,20.041426,20.13191,20.222485
-2.0229053,-2.1380844,-2.2532463,-2.0120926,-1.7701303,-1.4304601,-1.0909253
53.98042,53.457783,52.933937,52.602535,52.26993,52.413815,52.557945
-5.400997,-5.79515,-6.188095,-5.886523,-5.58277,-5.44546,-5.3080745
-51.81506,-51.633953,-51.453,-51.392513,-51.331367,-51.211628,-51.091476
-15.657083,-15.864055,-16.070244,-15.82725,-15.582907,-15.237235,-14.891759
-51.869205,-51.88712,-51.90482,-51.658916,-51.409115,-51.309902,-51.21104
-3.0118005,-3.504358,-3.9975164,-3.7650182,-3.530381,-3.1523244,-2.7757232
63.40324,63.079433,62.754597,62.756004,62.75873,62.576397,62.392494
15.846967,15.945376,16.042952,15.960479,15.878094,15.706109,15.532618
-27.026033,-26.884176,-26.74236,-26.628508,-26.514015,-26.330296,-26.145977
-54.155724,-52.84999,-51.542957,-51.60581,-51.668316,-51.168064,-50.667255
-18.644234,-18.480621,-18.31718,-17.985207,-17.654196,-17.744219,-17.834972
30.866634,30.874886,30.882406,30.259407,29.63733,29.886633,30.13674
-38.43419,-38.58672,-38.73821,-38.26943,-37.800236,-38.1149,-38.42991
84.59647,84.16915,83.743034,83.16164,82.57988,82.91755,83.253784
71.28476,71.5425,71.80119,71.728676,71.65493,71.74484,71.83641
16.347265,15.876321,15.405793,15.930816,16.455256,16.256023,16.054865
56.199936,55.77572,55.35071,55.36432,55.377266,55.795876,56.215794
19.256495,19.141222,19.02738,18.57112,18.114561,17.686813,17.259262
-27.187517,-27.329927,-27.473032,-27.66301,-27.853117,-27.603079,-27.353762
36.506027,36.56423,36.622395,36.4907,36.357964,36.459106,36.560966
1.5571462,1.4260179,1.2974578,1.2282897,1.1595527,0.983163,0.80677617
-38.57464,-38.343086,-38.111664,-38.182873,-38.253246,-37.948517,-37.643642
-68.816795,-68.993645,-69.171104,-69.00202,-68.8337,-68.43287,-68.03189
-31.861927,-31.743073,-31.624372,-31.931385,-32.238113,-32.78428,-33.330368
10.366277,10.362752,10.36002,10.457146,10.554232,10.536989,10.519441
6.071911,5.8835764,5.6955433,5.1788607,4.6619573,4.6362553,4.6101766
-54.32975,-54.219444,-54.110306,-53.82396,-53.536728,-53.518433,-53.500465
10.505982,10.588702,10.673574,10.637428,10.602022,9.925158,9.24743
-2.3375971,-1.6559849,-0.97482914,-0.7555613,-0.5361318,-0.27222437,-0.007485344
-3.4488966,-3.2794545,-3.1116474,-3.0016458,-2.8923,-2.9852164,-3.0791032
2.966708,3.3883846,3.810456,3.5901859,3.3712032,3.1174896,2.86386
44.270203,44.731,45.191723,45.77228,46.35113,45.887474,45.424564
67.79338,68.14257,68.49331,68.203316,67.91337,67.503296,67.0937
-23.272968,-23.293465,-23.313646,-23.249853,-23.185366,-22.859516,-22.53224
-56.07842,-55.98159,-55.885002,-56.064663,-56.244698,-56.050705,-55.85735
-55.784225,-55.793747,-55.802692,-55.80633,-55.809685,-55.590103,-55.371353
-48.202038,-47.82107,-47.440228,-47.6218,-47.801632,-48.508503,-49.214905
27.119076,27.119253,27.119577,26.626675,26.131575,26.320805,26.511168
66.96115,66.91366,66.86424,66.4347,66.00604,66.125046,66.24361
-30.805088,-30.84777,-30.8913,-30.579342,-30.266344,-30.329708,-30.393639
-7.6706157,-7.8329263,-7.996206,-7.9701605,-7.9444423,-7.547769,-7.150332
-21.732735,-21.635597,-21.538774,-21.96363,-22.387585,-22.268002,-22.148666
-8.968578,-8.929352,-8.890667,-8.545734,-8.200418,-8.741724,-9.283129
62.838478,62.909657,62.98009,62.92295,62.86488,63.133465,63.40171
-0.42475444,-0.8561371,-1.2865262,-0.71435577,-0.14185958,-0.19379215,-0.24505143
4.8787255,4.627579,4.3776574,4.7659917,5.1546845,5.014706,4.87332
-17.055922,-17.332016,-17.607634,-17.951694,-18.296278,-17.939077,-17.580296
41.649765,41.685574,41.721233,41.696213,41.67016,41.898865,42.128796
-16.957552,-16.900938,-16.844992,-16.354904,-15.865048,-15.906793,-15.948482
43.901134,43.928455,43.955925,44.07333,44.190098,44.080387,43.97025
66.92334,67.189445,67.45479,67.08925,66.72278,66.74248,66.761665
86.02092,86.136185,86.25049,86.45082,86.651245,87.2357,87.820496
-42.92499,-42.834946,-42.74435,-42.42074,-42.09773,-41.97703,-41.853218
22.089243,21.976976,21.865044,21.714918,21.565315,21.769274,21.97291
19.02303,18.63325,18.242971,18.435104,18.628199,19.08323,19.538568
-0.8022718,-0.6824717,-0.56248087,-1.0167022,-1.4710522,-1.6550064,-1.8376932
-39.696407,-39.474773,-39.252346,-38.548363,-37.84452,-37.582222,-37.320324
14.244187,14.46421,14.68496,14.291721,13.899105,14.063671,14.228528
69.98774,70.04174,70.095924,70.33242,70.56692,71.21355,71.859764
51.7531,51.47893,51.20313,50.73607,50.269016,50.098293,49.927586
35.607895,35.776356,35.944157,35.649754,35.35625,35.201607,35.045204
-84.93009,-84.884895,-84.839836,-84.57869,-84.31705,-84.167915,-84.02024
-1.129479,-1.8249542,-2.521898,-2.5223813,-2.5222805,-2.4606621,-2.399471
10.676079,10.229535,9.782893,9.6013565,9.41945,10.012059,10.603933
-37.96392,-38.196045,-38.427826,-38.161842,-37.896095,-37.134953,-36.373512
-21.62778,-21.16902,-20.710402,-21.202723,-21.695574,-21.660597,-21.62562
111.453606,111.59234,111.72836,110.90606,110.0816,110.45216,110.82304
-1.886182,-2.0249357,-2.1639729,-2.2342892,-2.3053064,-1.817321,-1.3302003
14.09377,14.403924,14.714853,14.5261755,14.338854,14.69264,15.046326
-48.421722,-48.23349,-48.04384,-48.20317,-48.36238,-48.446438,-48.529022
-17.516262,-17.313412,-17.109325,-17.038366,-16.966122,-17.051645,-17.136677
10.8310375,10.980481,11.129372,11.111852,11.094395,11.016869,10.939433
-14.469163,-14.23233,-13.998507,-14.016904,-14.03428,-13.876185,-13.718353
-80.46541,-80.359505,-80.254456,-80.10388,-79.9524,-79.84022,-79.72902
-4.6806173,-4.587573,-4.4960394,-4.4762907,-4.4570627,-5.033042,-5.6083117
-20.176394,-20.361269,-20.546955,-20.081682,-19.616766,-19.489197,-19.362131
9.555851,9.573982,9.590525,9.352329,9.114058,9.219685,9.323385
4.0926566,4.1855063,4.279259,4.622936,4.965034,4.5027986,4.0404234
-87.57165,-87.67258,-87.773766,-87.602554,-87.43137,-87.13084,-86.83118
5.287737,5.3908687,5.491965,5.7157207,5.9389415,5.4936996,5.049993
-57.19225,-57.194824,-57.198547,-57.368973,-57.5394,-57.387264,-57.235497
-33.208946,-33.000675,-32.79138,-32.36703,-31.941824,-31.742292,-31.542479
-22.5821,-22.650928,-22.71963,-22.318148,-21.916243,-22.30281,-22.69018
10.528304,10.284198,10.039742,10.24364,10.448806,10.261113,10.073081
-2.5782425,-2.2180016,-1.8564025,-1.4292537,-1.0008498,-1.3740817,-1.7461768
6.40203,6.6671586,6.9338565,7.5022163,8.072777,8.403593,8.734431
-30.153769,-30.15835,-30.161816,-30.460798,-30.760775,-31.22374,-31.686155
39.324043,39.32437,39.323586,38.899635,38.473866,38.510067,38.546734
57.228977,57.273205,57.318665,57.041855,56.763798,55.937958,55.111095
2.8097646,2.7964303,2.7820146,2.8997324,3.0170057,2.6734178,2.329788
-36.740795,-36.85938,-36.97756,-36.641586,-36.30509,-36.59203,-36.878525
-17.636053,-17.96443,-18.294188,-18.269335,-18.246704,-18.190098,-18.134443
7.6961555,7.7152042,7.7352123,7.4441547,7.1523933,7.199419,7.245392
-22.386917,-22.817755,-23.248125,-23.221365,-23.19322,-23.091806,-22.989277
-48.379566,-48.268246,-48.15776,-48.178783,-48.19911,-48.429844,-48.662655
-15.605112,-15.693034,-15.78155,-15.849313,-15.916644,-15.948698,-15.979037
18.384054,18.5297,18.676674,18.437435,18.197971,18.034855,17.873596
11.363125,11.454146,11.545287,11.6412945,11.735092,11.953568,12.171104
27.165148,27.24549,27.327227,27.02382,26.718895,26.785952,26.853806
0.33803985,0.16403817,-0.009539149,-0.1628566,-0.31664136,-0.9122901,-1.5077748
8.178636,8.612148,9.046022,8.465916,7.887589,7.3446045,6.80055
-15.297534,-15.331285,-15.363487,-15.805649,-16.247305,-16.742468,-17.23881
43.22804,43.240215,43.253185,43.406734,43.559242,43.56304,43.567547
-5.4862466,-5.735454,-5.984093,-5.395098,-4.8065886,-4.893767,-4.9807677
-73.4526,-73.0415,-72.63133,-72.52939,-72.42757,-72.378456,-72.330246
-31.125507,-30.76879,-30.410408,-30.236153,-30.061836,-30.65026,-31.238018
121.6194,121.58147,121.54256,121.12616,120.70882,120.31821,119.92781
17.222904,16.986103,16.749548,16.820492,16.893002,17.214413,17.536276
39.69355,39.574547,39.455605,39.316814,39.177517,39.05723,38.938198
92.83116,92.1973,91.562386,91.208206,90.85627,90.23706,89.61791
-56.315002,-56.31884,-56.32261,-56.205963,-56.087452,-55.95692,-55.82649
42.122814,41.957844,41.79247,42.364132,42.935375,42.223537,41.512077
-42.550343,-42.3363,-42.12263,-41.877373,-41.632362,-41.804867,-41.97504
-44.344795,-44.235844,-44.12803,-44.8077,-45.488873,-45.430046,-45.36998
-63.711525,-64.01119,-64.30953,-64.34762,-64.38478,-64.53828,-64.69064
43.126553,43.72811,44.329185,44.26766,44.20529,43.91527,43.62591
39.77624,40.088566,40.401165,40.601658,40.802242,41.07018,41.33782
-7.282797,-7.7605395,-8.236389,-8.740131,-9.242979,-9.073929,-8.906639
-4.7171335,-4.803304,-4.888552,-4.9173784,-4.9461985,-4.782312,-4.618913
-7.172535,-6.956368,-6.739557,-5.7723637,-4.802585,-4.3916774,-3.978943
-26.32632,-26.778244,-27.23102,-26.888292,-26.546125,-26.317108,-26.086952
14.471958,14.818741,15.164278,15.12671,15.087302,15.339045,15.591204
2.6874378,2.2760072,1.8646067,1.9313769,1.9950109,2.1530697,2.3100371
6.304268,6.455466,6.6069684,6.143783,5.6838775,5.182217,4.6803555
2.6923254,2.0671527,1.4402616,1.7848184,2.1298568,2.2659051,2.401735
81.6509,81.98884,82.327126,81.906746,81.48678,81.77645,82.06441
-39.423134,-39.399906,-39.37727,-39.669064,-39.960827,-39.085033,-38.209267
17.425222,17.330975,17.23522,16.834402,16.432707,16.633677,16.834846
37.12295,37.27341,37.424854,36.992966,36.559788,36.99124,37.422253
63.94507,63.9042,63.864044,63.67493,63.485867,63.30837,63.129826
12.298098,12.502132,12.706947,12.664273,12.621516,12.448159,12.274844
8.677842,8.938959,9.201675,9.196131,9.190837,9.220038,9.248683
85.5736,85.1547,84.73484,84.31755,83.899315,84.00449,84.11077
20.262455,20.802597,21.343735,20.911737,20.47977,20.13859,19.797337
-5.5685487,-5.492739,-5.416294,-5.4104815,-5.4034905,-5.0713654,-4.7386985
40.51175,40.35357,40.196075,40.49843,40.80068,40.928135,41.055576
-1.2971734,-1.0227298,-0.7466191,-0.93769157,-1.1282996,-1.8617333,-2.5948083
-39.082825,-39.389626,-39.69731,-40.12101,-40.543636,-40.58333,-40.623898
60.410725,60.58086,60.75045,60.603313,60.45567,59.95508,59.452354
-50.912918,-51.294373,-51.674984,-51.69236,-51.70767,-52.099342,-52.490685
-76.939156,-76.77029,-76.60005,-76.33026,-76.05969,-76.102615,-76.14719
-37.416576,-37.418804,-37.420918,-37.44676,-37.47299,-37.64648,-37.82019
35.61938,35.661797,35.705288,35.95262,36.20034,35.94421,35.68804
27.136494,27.26699,27.39706,26.802208,26.20854,26.155262,26.102903
-28.566061,-28.56854,-28.572287,-28.754416,-28.936277,-29.10641,-29.276255
-39.850624,-39.5119,-39.17241,-39.72002,-40.268238,-40.27945,-40.29017
51.063156,50.736805,50.412415,50.25831,50.102287,50.129604,50.157795
-66.00277,-66.240776,-66.477745,-66.28022,-66.0819,-65.61522,-65.14899
-90.599686,-90.52365,-90.44731,-90.42072,-90.3945,-90.58159,-90.76958
-9.655789,-9.425385,-9.195327,-9.802137,-10.409855,-10.92421,-11.437881
-15.686942,-15.606728,-15.525512,-15.361763,-15.197609,-15.468193,-15.737396
20.749119,20.740189,20.729885,20.55115,20.373219,20.780266,21.18595
9.136586,9.23133,9.32511,9.49183,9.6574335,9.871074,10.084456
27.08176,26.732847,26.382944,26.36599,26.350891,26.587091,26.822048
-27.829458,-27.790583,-27.751001,-27.505442,-27.260878,-27.637047,-28.014824
33.515423,34.078312,34.641212,34.955856,35.26912,35.15242,35.03626
12.5746565,13.089325,13.605897,13.610281,13.615022,13.483899,13.354642
-35.45733,-35.509567,-35.56307,-35.202774,-34.84306,-34.7034,-34.561546
33.792942,33.667774,33.5419,33.251976,32.961872,32.785343,32.60772
-62.37939,-62.00598,-61.63331,-61.48267,-61.33347,-61.39817,-61.463043
-2.0118146,-1.7416388,-1.4706504,-1.4334179,-1.3951278,-1.0447856,-0.69446206
-1.0883473,-0.9201492,-0.75248253,-0.87013066,-0.987347,-1.0438048,-1.1002191
71.078224,70.78249,70.48583,70.427666,70.36883,70.12773,69.887596
56.159714,56.378323,56.59692,56.76771,56.93923,57.424496,57.90774
-15.605231,-15.863225,-16.120382,-15.982377,-15.843487,-15.4606285,-15.0785675
-95.76962,-96.17522,-96.57939,-96.154015,-95.729904,-95.84274,-95.95468
-7.1001277,-7.0470195,-6.995109,-7.2969756,-7.600227,-7.1570106,-6.712215
-14.438547,-14.440878,-14.4428625,-14.666297,-14.889701,-15.191723,-15.492132
-25.305853,-25.471611,-25.636383,-25.690681,-25.744732,-25.973965,-26.203955
-2.784197,-3.051253,-3.317785,-4.078827,-4.8387194,-4.452882,-4.066327
2.4416788,2.3288114,2.2157972,1.8515127,1.4862993,1.3719957,1.2581499
-37.3137,-37.181896,-37.04996,-36.935883,-36.82402,-37.235962,-37.64871
-27.929054,-28.06954,-28.208063,-28.575315,-28.94206,-28.61812,-28.294302
107.43334,107.99947,108.563126,108.87156,109.18029,108.99734,108.814285
-3.387979,-2.7969518,-2.205265,-2.4370728,-2.6677213,-2.4538503,-2.2396307
12.23237,11.655521,11.079558,11.11899,11.158722,11.129088,11.0991955
-55.456314,-55.240456,-55.023388,-54.683098,-54.34298,-54.383827,-54.425186
64.32419,64.67328,65.02154,64.91377,64.80615,64.55905,64.31079
86.44724,86.3164,86.186,86.23579,86.28437,86.25744,86.23037
2.9577568,2.8010166,2.6436074,2.3794,2.115421,1.7368801,1.3598154
20.838469,20.53881,20.237133,19.749601,19.262497,19.34029,19.417578
-27.810083,-27.696987,-27.583424,-27.128063,-26.67126,-27.055082,-27.438885
5.963408,5.8637314,5.7635794,5.670191,5.5761576,4.852998,4.130023
56.614788,56.35759,56.100426,56.09254,56.083443,56.314304,56.546295
0.38175133,0.5342995,0.6873455,0.93310463,1.180027,1.4434315,1.7068917
6.747607,6.89151,7.0365725,6.871164,6.70632,6.613837,6.521412
100.44474,100.837006,101.23029,100.51931,99.80883,99.28912,98.7698
-142.05171,-142.17717,-142.3035,-141.91576,-141.52794,-141.51088,-141.49496
28.839607,29.286057,29.73227,29.705881,29.676834,29.580086,29.483683
-32.043556,-31.618614,-31.193151,-31.190815,-31.188833,-31.6143,-32.03884
-2.719695,-3.0909798,-3.4624345,-3.6136303,-3.7656033,-3.798206,-3.82902
-63.584297,-63.315594,-63.04913,-63.347218,-63.645985,-63.94394,-64.24179
-92.14986,-92.22367,-92.296585,-92.48211,-92.66817,-92.65008,-92.630714
54.53983,54.476795,54.411594,54.555176,54.699856,55.15668,55.61398
-64.13388,-64.228546,-64.32418,-64.072754,-63.822914,-64.14525,-64.46594
-31.095123,-31.142849,-31.190506,-30.94951,-30.707489,-30.474487,-30.241564
24.153349,24.08131,24.008318,23.92225,23.835339,23.5671,23.297749
8.471177,8.217641,7.9629664,8.262916,8.562964,8.547698,8.533772
-20.447975,-20.473024,-20.497755,-20.412102,-20.327019,-19.81369,-19.298477
-3.8249176,-3.8722255,-3.9208095,-3.8846176,-3.8488662,-4.129634,-4.409732
32.985687,33.43082,33.877964,33.709988,33.542233,33.67559,33.809875
20.162457,20.741842,21.320076,21.469946,21.618586,21.927773,22.238644
-51.93142,-51.766834,-51.60132,-51.831757,-52.0626,-52.309868,-52.55847
-47.222622,-47.24084,-47.258564,-47.380543,-47.50276,-46.93921,-46.375576
39.126934,39.195778,39.264652,39.750973,40.23573,40.088062,39.940105
35.243332,35.369667,35.496307,35.309856,35.124535,35.478355,35.832264
-0.22010231,-0.43472075,-0.64932156,-0.5815499,-0.5143347,-0.7738838,-1.0352936
30.027119,30.09759,30.166822,29.749756,29.331362,28.745968,28.16216
45.352844,45.054142,44.755814,45.19676,45.6375,45.87214,46.106995
88.60437,88.89606,89.18793,89.17022,89.15133,89.30468,89.45543
-71.18063,-71.11867,-71.05478,-70.59863,-70.140755,-69.870964,-69.60182
11.797418,11.9074135,12.017325,12.556049,13.09433,13.163861,13.230768
40.551994,40.605717,40.66003,40.08569,39.512444,39.19694,38.884197
9.11869,9.184529,9.249747,9.166013,9.083678,9.38095,9.677514
-25.28983,-25.513073,-25.735783,-25.799908,-25.863682,-25.48974,-25.116217
-27.37802,-27.046463,-26.714773,-26.725266,-26.736628,-26.654436,-26.57287
21.333715,21.343952,21.354528,21.343454,21.331518,21.166218,20.998648
34.357227,34.051064,33.745255,33.70878,33.67269,34.133976,34.594975
-4.179439,-4.3798313,-4.582194,-4.395406,-4.2085886,-4.3873935,-4.56607
3.1966486,3.4183655,3.6380281,2.962514,2.287015,2.1000166,1.9149103
-0.24667485,-0.6150754,-0.9818347,-0.69205505,-0.40316328,-0.2519153,-0.10172113
7.387531,7.573206,7.7579904,7.7093854,7.6605315,8.090228,8.519328
-19.13987,-18.326727,-17.51305,-17.536236,-17.559711,-17.55428,-17.54962
23.567146,23.552134,23.535618,23.838202,24.139505,23.790358,23.442972
8.24619,8.618544,8.990961,9.178532,9.366241,9.460318,9.553932
-90.29319,-90.56345,-90.83212,-90.81667,-90.80076,-91.13384,-91.46812
50.53782,50.333214,50.128983,49.783623,49.437943,49.532322,49.6279
-3.81998,-3.3774984,-2.933756,-2.7421668,-2.5507739,-2.5280092,-2.5043504
68.329384,68.499176,68.66917,68.98745,69.305016,69.399506,69.49151
75.12857,75.19621,75.26425,75.040306,74.81605,74.86692,74.91797
-23.509565,-23.208946,-22.909246,-22.897999,-22.887022,-23.138056,-23.3891
-8.564584,-8.752797,-8.940282,-9.0868635,-9.234232,-9.343575,-9.452597
-25.35712,-24.947273,-24.536013,-24.24641,-23.957409,-24.536114,-25.11464
-35.27032,-35.78612,-36.300148,-36.021023,-35.74133,-35.060467,-34.380432
-17.390623,-17.434515,-17.477573,-17.652489,-17.826614,-17.443495,-17.061836
42.642807,43.003223,43.363342,43.40715,43.451965,43.47253,43.49486
-8.565348,-8.674717,-8.785176,-8.407875,-8.030449,-8.12458,-8.2183075
37.494125,37.500637,37.507957,37.23537,36.96293,36.83624,36.70986
-52.521557,-52.65842,-52.79459,-52.059483,-51.324413,-51.17633,-51.02921
60.62222,60.89977,61.176052,61.757614,62.339924,61.798664,61.25608
-99.32184,-99.007385,-98.69241,-98.393745,-98.09573,-97.90191,-97.70681
-20.654154,-20.561533,-20.467821,-20.452059,-20.436855,-20.74663,-21.056131
7.9482427,8.11397,8.279254,8.267621,8.255876,8.002898,7.750421
30.812527,30.784203,30.756437,30.401405,30.04446,29.94583,29.84613
10.539335,11.052456,11.566097,11.895048,12.222147,11.171018,10.120802
-32.657288,-33.117474,-33.57787,-33.535873,-33.494263,-33.469685,-33.44539
-4.164194,-4.3185577,-4.4720135,-4.418373,-4.3635025,-3.9855614,-3.6067028
0.3091924,0.8580596,1.4075468,1.455612,1.501622,1.4144742,1.3272674
29.112898,29.01416,28.914284,28.940208,28.966135,28.937939,28.910717
11.67048,11.065901,10.460681,10.539256,10.619622,10.447788,10.277045
-57.565155,-57.798733,-58.03228,-58.201176,-58.37032,-57.941875,-57.513927
-30.066416,-29.970755,-29.874468,-29.647722,-29.423008,-29.450397,-29.477472
19.6644,19.736763,19.80913,19.951708,20.094492,19.9344,19.77394
-41.958862,-42.255203,-42.553253,-42.422153,-42.29071,-42.11371,-41.93727
43.29919,43.26996,43.239902,43.296856,43.353638,43.446198,43.538807
-105.863594,-105.51948,-105.17358,-104.60798,-104.04283,-103.844894,-103.64506
-85.788734,-85.860535,-85.931786,-85.95284,-85.97365,-85.87835,-85.78219
-30.432402,-30.134398,-29.83624,-29.438505,-29.040485,-28.982378,-28.924545
-88.66717,-88.62368,-88.581215,-88.73397,-88.885216,-88.4621,-88.03812
1.0700641,0.74402004,0.41693455,0.5753742,0.73646504,1.0037093,1.2718005
-39.29468,-39.48233,-39.669704,-39.40973,-39.149292,-38.759377,-38.370045
48.517666,48.43227,48.345524,48.50874,48.67082,49.00485,49.33691
-47.29794,-46.99252,-46.68636,-47.01913,-47.352665,-46.998203,-46.64289
33.518307,34.033234,34.548824,34.240387,33.93017,33.613007,33.29375
-35.859207,-36.051334,-36.2437,-36.311703,-36.38111,-36.490147,-36.59781
78.55012,78.66697,78.783806,78.51174,78.23968,78.31646,78.39204
1.0721515,0.6951679,0.31794396,0.017734902,-0.2843891,-0.9833733,-1.6845299
-11.494043,-11.502015,-11.51167,-11.634219,-11.7566595,-11.040381,-10.322652
-59.00391,-58.983784,-58.966072,-59.051876,-59.137043,-59.122643,-59.107597
31.286867,31.648485,32.010002,31.59052,31.17279,31.51869,31.863949
-35.804108,-35.816994,-35.82948,-35.405552,-34.982014,-35.45463,-35.927876
18.524137,18.629772,18.73634,19.542847,20.349041,20.91556,21.482029
-11.738153,-11.839282,-11.939948,-11.556944,-11.172817,-10.841592,-10.510461
-13.196358,-13.352652,-13.509274,-13.377619,-13.24675,-12.664093,-12.081064
-0.6492663,-0.90665823,-1.1645737,-0.71818453,-0.2715254,0.270112,0.8114709
17.511127,17.622435,17.732975,17.82877,17.923365,18.417929,18.910477
6.85711,6.917926,6.980084,6.688344,6.3960953,5.80637,5.2161016
-8.313742,-8.096956,-7.8821845,-8.148973,-8.416742,-8.293892,-8.170652
52.622574,52.88398,53.145683,53.31686,53.489136,53.285027,53.079643
-28.892225,-28.705408,-28.518435,-28.141512,-27.764294,-28.075426,-28.385767
-59.064945,-59.472607,-59.880203,-60.087894,-60.294643,-60.7167,-61.138348
-15.225358,-15.29617,-15.3678255,-15.018508,-14.669286,-14.610755,-14.551248
67.20809,67.05363,66.89839,66.55096,66.202805,65.54055,64.87744
-78.30951,-78.345146,-78.38173,-77.89561,-77.41035,-77.58068,-77.74918
54.103176,54.450916,54.797955,54.854527,54.910847,54.684437,54.456787
52.264267,52.442753,52.621593,52.613743,52.606384,52.395985,52.185654
10.045131,10.321643,10.598081,10.711634,10.824588,10.259784,9.694994
-2.4863565,-2.2883642,-2.0893762,-2.7870347,-3.4845617,-3.9146192,-4.3452644
17.78759,18.102837,18.417591,18.833399,19.249207,19.206314,19.163692
-3.1343446,-3.5275044,-3.9200015,-3.9606652,-4.0013676,-4.2063236,-4.411935
32.362537,31.914692,31.466654,31.893263,32.31929,32.204746,32.09098
-19.757973,-19.718277,-19.678148,-19.36108,-19.0436,-18.605637,-18.168106
-40.22444,-40.52271,-40.820984,-40.88471,-40.949238,-41.093292,-41.236332
-18.625652,-18.704603,-18.782513,-18.821213,-18.860647,-18.611803,-18.363518
-58.36691,-57.87693,-57.387367,-56.991257,-56.594746,-56.857735,-57.119896
29.89141,29.861874,29.831993,29.176804,28.523584,28.581686,28.639378
-31.33294,-31.49407,-31.653456,-31.619019,-31.585142,-30.731833,-29.875435
-85.28144,-85.59365,-85.90574,-85.49978,-85.09516,-84.969574,-84.84532
73.24355,73.29414,73.34383,72.82414,72.30519,72.158356,72.01195
-15.579723,-15.503069,-15.426386,-15.458401,-15.489328,-15.348799,-15.210787
12.62748,12.658035,12.689891,12.2937155,11.897541,11.732189,11.565531
3.2924,3.3431268,3.3937893,2.933432,2.473278,2.663217,2.8550324
34.690144,34.728523,34.766205,34.412907,34.059036,34.12327,34.186768
-0.60617167,-0.49173647,-0.37702852,-0.2822314,-0.19040257,0.10972351,0.40975088
16.524706,16.392385,16.260105,16.229939,16.199648,15.926544,15.652925
10.864188,10.886462,10.907064,10.915585,10.925114,11.568655,12.211374
29.421934,29.722849,30.024853,29.969938,29.913824,29.791113,29.667875
-99.535286,-99.46866,-99.40175,-98.78805,-98.173744,-98.44968,-98.72537
-1.3557854,-1.2890625,-1.2237587,-1.1709309,-1.1178894,-0.9865075,-0.85501677
7.839119,7.6185355,7.397967,7.7172246,8.0367155,8.328702,8.61954
1.4991101,1.4427384,1.3868037,1.4588171,1.5313781,1.7841552,2.036665
-19.770788,-19.686916,-19.601376,-19.454197,-19.306892,-19.678001,-20.049526
-60.22461,-59.910873,-59.59726,-59.56623,-59.534275,-59.07555,-58.615547
-4.3102393,-4.6801195,-5.0492067,-5.4160213,-5.781046,-6.1344104,-6.4857764
-50.302338,-50.50044,-50.70025,-49.955307,-49.21178,-49.198326,-49.18646
-1.1702772,-1.3897458,-1.6101786,-2.2497947,-2.8896563,-2.9325383,-2.9761374
46.800377,47.03624,47.271893,46.57997,45.889263,46.19188,46.49424
-21.408583,-21.285955,-21.164629,-21.203594,-21.242651,-21.039646,-20.836222
6.2767243,6.2309575,6.186011,6.1922383,6.197326,5.7760015,5.354935
-13.624929,-13.308151,-12.991131,-13.041954,-13.092613,-13.1410675,-13.188797
3.5846086,3.4710965,3.357654,3.1946168,3.0313668,2.9929738,2.9539428
91.13436,91.55737,91.98073,91.646454,91.311386,90.93356,90.55548
-31.745007,-31.651379,-31.55822,-31.612011,-31.665974,-31.288006,-30.911228
-39.356785,-39.485306,-39.61469,-39.246235,-38.87921,-39.075455,-39.271107
10.050022,10.274824,10.498243,10.757046,11.015443,11.070935,11.125639
-14.712349,-14.810143,-14.907802,-15.45091,-15.993465,-16.29884,-16.605473
-11.695248,-11.55842,-11.421591,-10.974571,-10.527975,-10.676112,-10.823236
-24.918324,-24.92933,-24.940504,-24.757708,-24.574032,-24.709263,-24.844088
48.31929,48.079258,47.84083,47.55818,47.27409,47.000427,46.72649
12.797823,12.819686,12.840638,13.364015,13.887108,14.054294,14.222648
91.39317,91.59273,91.79126,91.771576,91.75052,91.93931,92.12865
12.548434,12.217184,11.883746,11.629984,11.377573,10.851345,10.325091
67.291824,67.07261,66.8547,66.40164,65.94845,65.250916,64.551735
-2.7580023,-2.2527742,-1.7474165,-1.8858232,-2.0258532,-2.8525724,-3.6793633
79.30667,79.146225,78.98515,78.93447,78.88301,78.76048,78.63797
-1.5710794,-1.3579332,-1.1439,-1.5575258,-1.9719468,-1.8506662,-1.7298776
60.51155,60.521233,60.53095,61.028343,61.524918,61.847527,62.169975
-4.18598,-4.202738,-4.2205524,-4.20212,-4.1834183,-4.0545044,-3.9267826
-5.864108,-6.0276356,-6.192006,-5.935561,-5.6786184,-6.3287964,-6.980152
49.225395,48.57426,47.924347,47.80044,47.676105,47.920456,48.16543
-60.491703,-60.66802,-60.84592,-60.973,-61.100834,-60.486935,-59.872013
3.2212377,3.0288558,2.8367152,2.8681493,2.8996272,2.9205422,2.944036
-14.205276,-14.394024,-14.582933,-14.404036,-14.224221,-14.332544,-14.440289
68.39689,68.57274,68.74815,68.61806,68.48769,68.59822,68.70931
47.206642,47.361862,47.519333,47.67559,47.83132,47.34339,46.85511
12.066263,11.729402,11.393467,11.220408,11.0457325,11.046881,11.048315
-12.803104,-13.061971,-13.32177,-13.916144,-14.509862,-14.723348,-14.93712
-34.363483,-33.988243,-33.61195,-33.59116,-33.570152,-33.83276,-34.094513
60.995567,61.412285,61.828545,61.892227,61.955765,62.11731,62.278534
-78.042145,-78.50764,-78.971886,-78.635895,-78.30076,-78.85289,-79.404
-45.685276,-45.944054,-46.200928,-46.16883,-46.136635,-46.349537,-46.561382
-1.4268911,-1.0565903,-0.68566346,-0.8532884,-1.0224397,-0.77347255,-0.5236175
-12.000503,-11.724138,-11.447063,-11.547841,-11.649291,-11.829978,-12.009899
-8.119703,-8.591571,-9.06349,-8.989024,-8.913673,-8.900421,-8.8858795
-14.262717,-14.359164,-14.45667,-14.770238,-15.08474,-15.006153,-14.927398
3.2223408,3.5316398,3.843281,4.1817365,4.5199738,4.69129,4.8621254
-63.46703,-62.929413,-62.389816,-62.217335,-62.044693,-62.24619,-62.448235
-5.892511,-5.7282047,-5.5640483,-5.6386037,-5.713941,-5.7291446,-5.744724
19.94335,20.00908,20.074427,19.637272,19.200054,19.11928,19.03881
-3.5830135,-3.4889343,-3.3944829,-3.3685842,-3.3421478,-3.9056199,-4.4686494
-58.10052,-58.526485,-58.953114,-59.197514,-59.442722,-59.468662,-59.49325
-19.472977,-19.843445,-20.213114,-20.467413,-20.724281,-20.775396,-20.826412
5.430468,5.589792,5.750529,5.754455,5.757937,6.072696,6.386496
47.68784,47.910976,48.132984,47.73489,47.337246,47.76483,48.192524
-49.064663,-49.59781,-50.12874,-50.0568,-49.98543,-50.22706,-50.468586
-86.170334,-85.933174,-85.69583,-85.79693,-85.899055,-85.87463,-85.85047
-47.514645,-47.475636,-47.436893,-47.08567,-46.734398,-46.86668,-46.997967
14.385268,14.744486,15.101646,15.19442,15.287213,14.967367,14.647021
-16.818405,-16.976038,-17.13569,-17.156944,-17.177732,-17.573797,-17.969177
-29.011349,-29.121258,-29.23059,-28.893005,-28.553825,-28.374968,-28.19605
56.950302,56.698193,56.44421,56.28312,56.12008,56.18389,56.247845
-75.64619,-75.416695,-75.18578,-75.28945,-75.391136,-75.244255,-75.096725
36.268074,36.687668,37.10608,36.844265,36.582615,36.416897,36.251247
-3.4313807,-3.0038729,-2.5754886,-2.3788254,-2.1824732,-2.3904114,-2.597468
50.21195,49.644566,49.077847,49.071075,49.06364,48.952316,48.84156
-104.81247,-104.8942,-104.97676,-104.97307,-104.96792,-104.526276,-104.08325
17.9889,17.838003,17.688957,17.48324,17.277287,17.144444,17.010143
10.284294,10.4546,10.625651,10.794486,10.961924,10.374468,9.787016
-30.089712,-30.346445,-30.60348,-30.383518,-30.164425,-30.179592,-30.193848
43.628822,43.431908,43.236076,43.42733,43.618885,44.78293,45.947243
-46.127274,-46.26503,-46.401863,-46.458736,-46.5158,-46.202843,-45.889297
-3.5666456,-3.6076689,-3.649599,-3.4096403,-3.1698074,-2.7837772,-2.3963633
-23.583065,-23.297985,-23.012112,-22.968592,-22.926348,-23.34937,-23.772305
64.28839,63.8696,63.45004,63.144,62.837723,62.56289,62.28846
-11.9796,-11.807538,-11.634672,-11.627546,-11.620985,-12.069787,-12.518984
26.41523,26.635633,26.856367,26.61204,26.366604,26.305838,26.246542
-56.521156,-56.208744,-55.896057,-55.319984,-54.742607,-54.786926,-54.832314
-20.437262,-20.64093,-20.8448,-20.589195,-20.334019,-19.843655,-19.353523
2.3561687,2.6228971,2.888238,3.2325077,3.5778284,3.931034,4.282319
-58.2117,-58.374992,-58.53858,-58.64121,-58.7439,-57.850204,-56.956116
107.002914,107.12777,107.25085,106.842834,106.4346,106.35275,106.27113
34.294357,34.07465,33.853928,33.647842,33.44198,33.318966,33.196472
-49.894257,-49.927505,-49.958954,-49.765823,-49.573658,-49.33124,-49.09111
-45.108486,-45.05493,-45.00269,-45.257107,-45.51112,-45.39229,-45.27333
52.810837,52.708065,52.605907,52.89314,53.18064,53.04247,52.90459
65.78887,65.62352,65.45731,65.22268,64.986755,65.22164,65.45675
-50.124397,-49.947605,-49.770103,-48.91211,-48.053936,-48.07008,-48.08518
43.982594,44.198425,44.413746,44.17012,43.924942,43.82133,43.716652
-15.498274,-15.913482,-16.32704,-16.28998,-16.252468,-15.93016,-15.607384
-32.218864,-32.355976,-32.492626,-32.410824,-32.32967,-32.627865,-32.9257
47.952282,47.89196,47.828564,47.76056,47.690853,48.259285,48.828083
3.223858,3.2515383,3.2805874,3.585843,3.8896403,3.7279863,3.565497
94.70371,94.94932,95.19346,94.90025,94.60552,94.278915,93.951126
-13.697845,-13.517261,-13.336432,-13.158714,-12.980327,-12.884909,-12.787917
-30.198278,-30.394363,-30.59104,-30.418695,-30.246702,-30.237616,-30.22893
26.231747,26.234951,26.237234,26.078386,25.919546,26.057037,26.192625
-97.306206,-97.60708,-97.90855,-97.93228,-97.9537,-98.49206,-99.0311
66.275375,65.68207,65.08738,65.14046,65.194885,65.43962,65.68229
23.232061,23.352669,23.47316,23.633512,23.794436,24.094494,24.394527
-105.281456,-105.443085,-105.60545,-105.36478,-105.12354,-104.92055,-104.716835
12.641717,12.824302,13.007498,12.928414,12.850595,13.287303,13.724578
-22.838528,-22.821953,-22.80385,-23.376932,-23.950546,-24.276857,-24.60106
62.73599,62.645645,62.555748,62.88898,63.221615,63.64935,64.076004
-37.758,-38.01264,-38.266396,-38.83687,-39.407906,-39.808914,-40.20963
3.1387033,3.19775,3.255844,3.5599527,3.8633919,4.035324,4.206913
-40.761963,-40.46816,-40.176308,-40.08,-39.98335,-40.138206,-40.293617
-6.792151,-7.156752,-7.521979,-7.6113715,-7.700451,-7.4963074,-7.293102
4.5907907,4.7719164,4.954419,5.675559,6.3960857,6.683511,6.969948
4.0974717,4.5199685,4.941044,4.4472647,3.95295,4.0192256,4.085353
-5.196721,-4.9597025,-4.7213364,-4.3692207,-4.01507,-4.2410927,-4.465523
70.13503,69.996994,69.859886,69.33341,68.806786,68.15055,67.49453
12.743744,12.60238,12.461708,11.956279,11.44974,11.161485,10.873722
-0.07706868,-0.27111137,-0.46530235,-0.6836699,-0.90289676,-0.96786106,-1.0318605
-47.00708,-46.919903,-46.832886,-47.05507,-47.27783,-47.09937,-46.92063
38.356365,38.439384,38.523094,37.941765,37.359947,37.06633,36.77262
-33.368355,-33.179195,-32.990738,-32.91559,-32.843555,-32.983963,-33.12417
69.18627,69.66791,70.15058,69.83912,69.527054,69.23468,68.94215
14.960462,15.5949745,16.230192,16.343416,16.456928,16.199905,15.943478
-24.32259,-24.067295,-23.81223,-24.132204,-24.452572,-24.902403,-25.35197
38.210663,38.370693,38.530415,38.187794,37.844883,37.42666,37.008564
35.67788,36.07975,36.481525,36.685986,36.890064,37.10946,37.327988
27.387108,27.897593,28.408539,28.19965,27.990482,27.769283,27.547764
-78.7726,-78.64717,-78.521454,-78.9651,-79.40861,-79.301735,-79.19278
45.3284,45.106533,44.884247,44.8598,44.83447,44.39137,43.948444
-19.183939,-19.524172,-19.86563,-19.804005,-19.743546,-19.421425,-19.097065
-29.90059,-29.718382,-29.536154,-28.881212,-28.226044,-28.383097,-28.53978
45.3938,45.1786,44.962627,44.623867,44.284027,43.89441,43.5063
-10.02498,-9.523512,-9.022272,-9.360318,-9.699586,-9.591097,-9.48195
0.99847394,1.3044852,1.6105651,1.3998488,1.1884955,1.6413459,2.0946252
14.505241,14.7123785,14.91863,14.945993,14.973239,15.180818,15.388776
-2.0686529,-2.072582,-2.0771177,-2.041107,-2.006683,-2.105869,-2.206268
40.39489,40.139553,39.886204,39.630028,39.374725,39.18097,38.98666
-61.74697,-61.679665,-61.61244,-61.416862,-61.22249,-61.616478,-62.009796
14.440633,14.511469,14.583795,14.921094,15.256426,15.524434,15.791511
66.56841,66.52455,66.4819,66.406746,66.33087,65.77047,65.209045
-4.1521378,-3.9552848,-3.757243,-3.784187,-3.8118713,-4.3332777,-4.8538246
-26.787773,-26.917814,-27.048374,-26.833412,-26.619667,-26.764606,-26.909838
-35.22006,-35.30338,-35.38568,-35.508038,-35.629856,-34.95337,-34.276585
15.4874115,15.672661,15.858356,16.340334,16.823788,16.285913,15.746672
-81.558266,-81.59324,-81.627884,-81.67414,-81.7205,-81.5027,-81.28662
-0.32027903,-0.1476325,0.024715524,-0.4348792,-0.89533603,-0.8159112,-0.7359265
21.615551,21.679693,21.74279,21.37154,20.999775,21.242853,21.487526
-81.59312,-81.36854,-81.14423,-80.879814,-80.61526,-80.90359,-81.19211
-25.3771,-25.496439,-25.614222,-25.614883,-25.613892,-25.611414,-25.607962
-10.861029,-10.789378,-10.71791,-11.313611,-11.909443,-11.279709,-10.649481
-7.0202694,-7.296879,-7.5742817,-7.8364677,-8.097313,-8.400929,-8.705647
-24.101553,-23.982492,-23.862864,-23.876736,-23.889198,-23.388176,-22.888685
64.92809,65.06443,65.19936,64.64057,64.08176,63.888985,63.69472
11.403569,11.845946,12.289191,11.767695,11.24697,11.584964,11.922811
-29.894842,-30.03153,-30.16791,-29.621946,-29.074825,-28.510359,-27.945738
12.604871,13.034588,13.462399,13.347231,13.233443,13.209068,13.184154
-27.745268,-27.65247,-27.558922,-27.58938,-27.617115,-27.4078,-27.197947
94.652596,94.49961,94.34553,93.89695,93.448326,93.55103,93.65418
-21.525211,-20.993782,-20.463636,-20.122812,-19.782663,-19.800924,-19.818745
7.6921077,7.633061,7.5735655,7.291021,7.009286,7.215697,7.423666
14.586072,14.237527,13.888634,14.00703,14.1265,14.68054,15.234409
28.361248,28.642578,28.922937,28.313211,27.703894,27.78491,27.867317
5.5600524,5.4775367,5.3946853,5.5884166,5.7825446,5.626922,5.470468
72.220314,72.36902,72.51793,72.66448,72.81124,72.58438,72.358086
-92.269646,-92.740715,-93.21265,-92.718506,-92.22627,-92.124664,-92.02339
51.170155,51.18067,51.190964,51.186897,51.183273,51.408913,51.632904
8.495695,8.214319,7.9349194,7.7271748,7.518853,7.38361,7.2475204
-58.89709,-58.578777,-58.259624,-58.507236,-58.75471,-58.635723,-58.517086
-71.022705,-71.18346,-71.34419,-70.86479,-70.386215,-70.272705,-70.15907
16.240557,16.4348,16.629091,16.560053,16.491543,16.818808,17.14265
-1.385333,-1.1155747,-0.84637344,-0.45180973,-0.058489658,0.017615462,0.09378543
117.31286,116.72149,116.13104,115.922646,115.714325,114.93577,114.157
34.973183,35.130394,35.287018,35.010227,34.73352,35.025787,35.31804
-76.74701,-77.34439,-77.94075,-77.87221,-77.80371,-77.42131,-77.03931
-8.678794,-8.44628,-8.213224,-7.841412,-7.470309,-7.3646264,-7.2577386
-15.806095,-15.720597,-15.63358,-14.997365,-14.362045,-14.209289,-14.055585
17.272362,17.790964,18.309298,18.628164,18.948997,18.79501,18.642878
-9.049853,-8.822873,-8.597852,-8.238128,-7.8789053,-8.204001,-8.529493
-27.818048,-27.748672,-27.678381,-27.640467,-27.601545,-27.47634,-27.350527
-15.9095335,-15.400384,-14.888587,-14.753753,-14.617662,-14.920695,-15.222864
-2.3118026,-2.5646465,-2.8179753,-2.5975058,-2.376136,-1.8180534,-1.258793
12.641865,13.121468,13.602841,13.390759,13.178936,12.773989,12.369063
21.791725,21.875195,21.958427,21.789736,21.620152,21.612526,21.60469
-55.17845,-54.93232,-54.685265,-54.746243,-54.81008,-55.425148,-56.039654
53.18285,53.274166,53.365337,53.41376,53.46258,53.387497,53.313076
83.76669,83.94049,84.11461,83.95272,83.79161,83.39661,83.00212
-37.22931,-37.45304,-37.675556,-37.264027,-36.85258,-36.766747,-36.680607
0.14443724,0.15123408,0.15752213,0.021763247,-0.115115725,-0.5559831,-0.9954768
-27.78846,-28.211744,-28.635935,-28.617847,-28.597906,-28.483267,-28.366983
-5.8592916,-5.894609,-5.929464,-5.8019204,-5.6752734,-5.4728026,-5.27019
65.54787,65.73538,65.9235,65.79407,65.664375,65.63175,65.5981
-53.74461,-53.972054,-54.199097,-54.006824,-53.81427,-53.971252,-54.128525
110.678665,110.84984,111.02049,110.77425,110.52566,110.21912,109.912445
3.3728628,3.6936417,4.015351,4.020935,4.0254307,3.687115,3.3478441
-40.03206,-40.038548,-40.043526,-40.12072,-40.197834,-39.872597,-39.546074
3.4729815,3.3735785,3.274837,3.1425447,3.0113714,3.4357033,3.8598263
18.898777,18.67853,18.456493,18.449091,18.44326,18.514118,18.582647
-22.827158,-22.979916,-23.133827,-22.697458,-22.262857,-22.447153,-22.631933
-61.091595,-61.464737,-61.83615,-61.82019,-61.803516,-62.017086,-62.23134
0.73786914,0.8078121,0.87764347,0.7714809,0.66340864,0.105415225,-0.45392096
15.830304,16.182186,16.534016,16.328682,16.12314,16.561409,16.999908
120.67202,121.01656,121.35947,120.9716,120.58269,119.99592,119.40965
-28.202156,-28.359005,-28.51586,-28.12696,-27.738743,-27.50204,-27.26651
-112.25195,-112.06777,-111.8829,-110.77595,-109.66776,-109.577126,-109.48643
15.596011,15.49494,15.393003,15.2553,15.116673,15.100287,15.083023
81.91366,81.74145,81.569145,81.08607,80.60235,80.92814,81.253624
14.270136,13.879234,13.488132,13.482038,13.4784155,13.738807,13.99986
60.102592,60.154404,60.20697,60.564987,60.92148,60.99498,61.067814
39.802246,39.67111,39.53883,39.79415,40.049313,39.992027,39.935368
-12.76098,-12.375243,-11.98897,-11.7242985,-11.45901,-11.522629,-11.586445
-13.460292,-13.1838045,-12.90701,-13.121631,-13.336772,-13.240489,-13.145297
-47.30787,-47.095566,-46.884396,-46.949013,-47.013206,-47.15674,-47.298717
42.1341,42.40942,42.68528,42.45251,42.21938,41.971462,41.724358
-43.62262,-43.477077,-43.33152,-43.10041,-42.868847,-42.603405,-42.33773
-41.485573,-41.302654,-41.119106,-40.79709,-40.474556,-40.26259,-40.050133
52.846786,52.505653,52.16601,52.33054,52.49558,52.736813,52.9788
75.75127,75.49241,75.23134,75.342125,75.453674,75.99802,76.541374
93.78715,93.53209,93.27566,93.2893,93.30258,93.18439,93.06656
62.69445,62.562138,62.43038,62.589283,62.74746,62.32351,61.89753
-59.169003,-59.233128,-59.298515,-59.469173,-59.6404,-59.605408,-59.569263
62.836323,62.659054,62.481308,61.90456,61.32779,61.113678,60.90112
-10.878459,-11.699199,-12.518102,-12.491654,-12.463746,-11.894044,-11.323702
-50.23883,-50.38741,-50.53635,-50.192787,-49.84766,-49.78332,-49.71809
56.69686,56.89852,57.10152,56.97611,56.851406,56.67568,56.499676
-33.539703,-33.383846,-33.228363,-33.35123,-33.4733,-33.19889,-32.923477
-15.121526,-15.326356,-15.532533,-15.801161,-16.068014,-16.199083,-16.330025
2.5868168,2.6737514,2.7633433,2.7797093,2.7957811,2.2048936,1.614419
43.876225,43.455135,43.034832,43.060608,43.08653,42.87013,42.652775
0.2427755,0.14738804,0.05479961,-0.4313864,-0.9174904,-1.0343051,-1.1513233
47.116837,47.043182,46.97015,47.291153,47.61179,47.706367,47.801666
-10.535889,-10.725406,-10.914902,-10.356729,-9.797916,-9.612956,-9.42819
72.14648,71.9126,71.68069,71.142075,70.60621,70.24364,69.88027
-36.23269,-36.2609,-36.289158,-36.654015,-37.01891,-37.16177,-37.305607
-17.651478,-17.62727,-17.604103,-17.640207,-17.677351,-16.961235,-16.245182
-26.170383,-26.119473,-26.067251,-25.857906,-25.649063,-25.528748,-25.409458
-44.149742,-44.238213,-44.326897,-44.102524,-43.87841,-43.621822,-43.365482
-54.943024,-55.0145,-55.085747,-55.440277,-55.792126,-55.640263,-55.488663
80.7603,80.755455,80.7506,80.41539,80.0805,79.87369,79.66653
-85.384476,-85.323654,-85.26305,-85.297874,-85.33232,-85.30853,-85.28615
-41.902832,-42.15577,-42.407192,-43.27137,-44.135002,-44.55001,-44.964653
-15.900459,-15.7594385,-15.617715,-15.276096,-14.933371,-14.992609,-15.052337
1.5022365,1.146144,0.7915317,1.1913835,1.5917464,1.6808664,1.7709457
-70.144875,-70.23167,-70.3156,-70.27884,-70.24316,-69.86594,-69.48738
-38.177807,-38.078857,-37.979202,-38.197865,-38.415405,-38.055252,-37.69461
-83.00236,-82.95908,-82.916115,-83.077515,-83.237724,-82.8785,-82.52029
-1.569497,-2.0558782,-2.5415816,-2.686748,-2.831985,-3.049933,-3.2679048
-0.00994843,-0.001200852,0.006968322,0.009562316,0.011924091,-0.11827153,-0.24738568
-11.442069,-11.492701,-11.545263,-11.888781,-12.233483,-12.516665,-12.800269
-58.99906,-59.621662,-60.24527,-60.615345,-60.98519,-60.655098,-60.32544
-87.8697,-88.07657,-88.2829,-88.2798,-88.27671,-88.242004,-88.20744
-64.3437,-64.59103,-64.83747,-64.54165,-64.24612,-64.27389,-64.301544
-56.146572,-55.95445,-55.761585,-55.72268,-55.6853,-55.488117,-55.290638
-9.071693,-8.901632,-8.731574,-8.885126,-9.038303,-9.430756,-9.824884
49.03258,48.443974,47.85367,47.665592,47.4769,48.079357,48.68092
97.94192,98.20698,98.47121,98.15485,97.83836,98.30145,98.76533
2.0380218,2.0575774,2.077875,2.56672,3.0555212,3.0532868,3.0517333
-3.9188461,-3.6749458,-3.4319725,-3.0479412,-2.6646767,-2.2694054,-1.8743724
-71.03473,-71.045715,-71.05489,-70.656654,-70.25666,-69.9998,-69.74375
-23.553146,-23.849709,-24.14799,-24.22491,-24.300735,-24.180819,-24.060894
-93.83998,-94.26162,-94.68243,-94.019295,-93.356026,-93.9739,-94.59134
-15.725653,-15.705412,-15.684969,-15.340335,-14.994974,-14.025532,-13.056567
42.803543,42.978706,43.153496,43.009605,42.86476,42.717247,42.57085
-31.315681,-31.326763,-31.338224,-31.352175,-31.36394,-31.392557,-31.420109
-3.1375787,-3.185971,-3.2345064,-3.1482456,-3.0633304,-3.2170274,-3.3712757
56.566525,56.8006,57.03504,57.505,57.972176,57.889053,57.806362
19.296583,19.307655,19.31843,19.228857,19.13852,18.985704,18.83277
-2.9338148,-2.4966714,-2.059941,-2.3454044,-2.633211,-3.0258005,-3.4177701
24.748474,24.877743,25.006708,25.071537,25.136282,24.632061,24.127161
-1.2952402,-1.2615955,-1.2288435,-1.1395566,-1.0496356,-0.6653554,-0.28130215
88.12163,88.23844,88.35407,88.14659,87.93904,87.580154,87.22159
-53.00858,-52.663822,-52.31745,-52.13374,-51.949963,-51.928284,-51.907234
24.342134,24.577991,24.814756,25.176409,25.537477,25.547482,25.556305
25.618256,25.45168,25.285067,25.263765,25.242323,25.084415,24.927168
110.677956,111.040276,111.40455,111.35641,111.30869,110.65098,109.99345
83.21604,83.64225,84.06896,84.31034,84.55206,84.29161,84.0295
-7.343771,-6.8380475,-6.3315606,-5.969938,-5.6096177,-5.6259446,-5.6423726
-4.655646,-4.6277795,-4.598795,-4.1578836,-3.7160208,-3.5268552,-3.3389606
-13.668685,-13.678589,-13.688041,-13.401595,-13.113924,-12.421339,-11.728492
-12.078843,-11.862259,-11.646431,-11.470736,-11.294608,-11.088102,-10.881168
23.238174,23.268902,23.299051,23.003115,22.706442,22.876215,23.046469
26.216219,26.04608,25.874247,25.88354,25.893482,26.210318,26.527536
-13.65549,-13.649722,-13.644996,-13.989123,-14.333463,-14.330562,-14.32648
56.143585,56.116364,56.089912,56.00063,55.911324,55.874634,55.83901
-6.5803924,-6.8553824,-7.1301055,-6.961454,-6.7927833,-6.5607276,-6.327947
-2.811257,-3.0421987,-3.274282,-3.4719176,-3.6690621,-3.428782,-3.187984
-16.425379,-16.678923,-16.931913,-16.813005,-16.69393,-16.445095,-16.193798
-16.550041,-16.373852,-16.197601,-16.018963,-15.840636,-16.092094,-16.343443
34.74582,35.284225,35.82296,36.1061,36.38964,36.704834,37.020367
13.604308,13.587259,13.5712385,13.889371,14.208053,14.646513,15.084642
-9.15313,-9.693253,-10.232624,-10.377905,-10.520762,-10.659117,-10.796541
-4.2006416,-4.1484394,-4.095216,-4.182644,-4.2688627,-3.8589866,-3.4471986
-32.148285,-31.738117,-31.329441,-31.244205,-31.159153,-31.613148,-32.067455
-29.714195,-29.721642,-29.72862,-29.399687,-29.069418,-29.054457,-29.03889
-4.334665,-4.242626,-4.1506414,-3.795492,-3.4402158,-3.5107477,-3.5810273
32.02522,32.052765,32.08003,32.05562,32.029934,32.02423,32.018253
11.023607,11.013923,11.005604,11.135203,11.265662,11.010894,10.756674
-47.29803,-47.39418,-47.490368,-47.79778,-48.104202,-47.79973,-47.49514
75.50165,75.631134,75.76306,75.55037,75.33713,75.71622,76.09575
36.93579,36.90683,36.87977,37.437263,37.99327,38.808407,39.624027
-16.221603,-16.212366,-16.20454,-16.182674,-16.159573,-16.901585,-17.644682
18.059153,17.602186,17.14334,17.021597,16.899515,17.557539,18.215235
-11.432348,-11.323447,-11.212817,-11.292607,-11.37266,-11.926278,-12.479026
-32.566334,-32.50813,-32.447987,-32.448837,-32.449196,-32.63078,-32.81285
-1.7826952,-2.307771,-2.831792,-3.4842846,-4.135155,-4.0121574,-3.8896143
4.3171153,4.2787547,4.2407146,3.9692216,3.696754,3.3078017,2.9193606
-54.989796,-55.59495,-56.200882,-56.31151,-56.42219,-55.48415,-54.544727
58.23701,58.383633,58.52898,59.061848,59.594345,59.609562,59.625095
-40.802307,-40.866535,-40.929867,-41.232246,-41.535515,-40.986443,-40.438766
-10.746391,-10.690659,-10.636135,-10.343702,-10.05171,-9.476509,-8.901263
-3.9827049,-3.803704,-3.6248138,-3.1675441,-2.711064,-2.7593791,-2.8084018
15.201977,15.18741,15.171848,14.92542,14.679047,14.386729,14.092519
-11.492831,-11.839752,-12.186732,-12.031495,-11.874667,-12.10249,-12.328683
55.34635,55.449036,55.5502,55.790474,56.029743,55.804527,55.579365
52.393974,52.592407,52.79107,52.496788,52.20184,52.13315,52.063107
-82.88994,-83.28393,-83.67738,-83.407135,-83.1363,-83.424706,-83.71258
32.416603,32.737904,33.059006,33.41459,33.769283,33.87315,33.977024
2.221855,2.0036848,1.7870176,1.6835701,1.5820024,1.4178402,1.2521961
-34.768883,-34.96315,-35.15791,-35.227806,-35.298576,-34.979633,-34.66097
-34.471664,-34.41622,-34.359627,-34.24039,-34.121323,-34.41277,-34.702694
1.195804,1.0738424,0.95156276,0.87793434,0.80307806,1.1964067,1.5896448
101.95807,101.89482,101.8304,101.07422,100.31684,99.66934,99.01979
-34.776302,-34.794384,-34.812836,-35.234062,-35.657017,-35.794342,-35.931652
13.498295,13.071347,12.643761,12.47879,12.3131895,12.840785,13.36797
9.406778,10.087801,10.7684355,11.335788,11.904501,11.898614,11.893438
-10.779829,-10.396493,-10.011101,-10.484369,-10.958833,-10.411404,-9.864946
-31.473644,-31.83748,-32.19982,-32.53896,-32.87805,-33.15399,-33.428596
69.6601,69.6396,69.61916,69.19694,68.77424,68.66982,68.56482
29.6199,30.218359,30.81675,30.98788,31.15856,31.031689,30.905132
15.127481,14.9552355,14.781194,14.9626875,15.145663,15.305621,15.4680805
-2.2493985,-2.1585708,-2.0676932,-1.9895921,-1.9133456,-2.2947736,-2.6758423
-46.125637,-45.99855,-45.871204,-45.78025,-45.688805,-45.882977,-46.075565
-3.5767286,-3.900584,-4.224301,-4.039675,-3.854407,-3.6449735,-3.4361265
-21.632689,-20.848186,-20.062988,-19.94259,-19.824644,-19.776608,-19.727913
-47.48178,-47.302845,-47.124714,-47.1835,-47.242134,-47.308575,-47.373997
-15.05794,-14.971021,-14.884653,-15.246588,-15.60924,-15.623202,-15.639041
37.46601,37.27673,37.087513,36.906635,36.725094,36.70142,36.67533
77.58177,77.3956,77.20964,77.0815,76.954216,77.476685,77.99792
-51.106586,-51.190346,-51.27456,-51.406113,-51.538036,-51.45212,-51.36521
-29.978056,-30.064898,-30.153584,-29.710302,-29.26674,-29.125483,-28.983976
-20.591518,-20.928545,-21.265295,-21.282804,-21.298933,-21.521244,-21.74211
-71.87601,-71.8434,-71.808876,-71.690544,-71.57144,-71.46471,-71.35582
75.33367,75.234665,75.13622,74.499306,73.86279,74.24216,74.62232
-49.677032,-49.29778,-48.91819,-48.50736,-48.098557,-48.03418,-47.968594
-15.607615,-15.572745,-15.538119,-15.699466,-15.861993,-16.23378,-16.605179
-10.809044,-10.554388,-10.298649,-10.103573,-9.908427,-9.702234,-9.495742
77.381454,77.77178,78.16192,77.76265,77.362495,76.537865,75.71215
-2.4159074,-2.438271,-2.4598546,-2.8368764,-3.2142835,-3.2888036,-3.3643384
4.2892222,4.077561,3.8656707,3.290856,2.7167668,2.6306663,2.5443063
73.71627,73.93519,74.154,74.316505,74.479485,74.66242,74.843895
18.125896,17.81851,17.511066,17.714188,17.917961,17.953398,17.989117
56.688694,56.570614,56.452393,56.268703,56.083595,56.46583,56.847824
51.756996,51.67451,51.593155,51.248795,50.904022,50.763496,50.623352
-7.789213,-8.252768,-8.715398,-8.873261,-9.029922,-8.646648,-8.263856
-34.73053,-34.9887,-35.247025,-34.605946,-33.96704,-33.398365,-32.829315
-53.545788,-53.689903,-53.83339,-53.775116,-53.716824,-53.604073,-53.489277
43.31155,43.55443,43.795498,43.184326,42.573723,43.13146,43.68743
2.6535184,2.7126086,2.770892,2.1035244,1.4341046,1.0977455,0.7622706
-17.326519,-17.0821,-16.838823,-16.687204,-16.535063,-16.661552,-16.785568
-0.40296322,-0.37395495,-0.34547287,-0.43525118,-0.5249669,-0.6643459,-0.80428904
26.757433,27.023945,27.290462,27.284065,27.277695,26.937134,26.595692
6.732619,6.869687,7.0060816,6.836251,6.665828,6.1632395,5.660498
-39.60107,-39.322735,-39.04158,-38.83116,-38.620926,-39.133625,-39.64633
43.9137,43.48963,43.064106,42.73237,42.40035,42.46684,42.532616
-15.43214,-15.5616,-15.691069,-15.47555,-15.258932,-14.915891,-14.572571
-37.293594,-37.720615,-38.1463,-38.273666,-38.400436,-38.756134,-39.11128
-28.493534,-28.241327,-27.98792,-27.55744,-27.126505,-26.914747,-26.70351
-2.0992823,-2.6686182,-3.2388306,-2.8926115,-2.54502,-2.2749138,-2.0043306
-83.38984,-83.6646,-83.93967,-84.512535,-85.08637,-85.12183,-85.15913
99.833916,99.934654,100.03513,99.590004,99.142746,98.87004,98.596016
63.813667,64.12996,64.446,64.01879,63.589977,63.80012,64.01102
-36.4874,-36.415215,-36.34292,-36.468094,-36.593193,-36.90052,-37.20778
27.811087,28.101797,28.392532,28.520353,28.646576,28.435396,28.223047
58.177765,57.917797,57.655144,57.32566,56.99535,57.21779,57.439735
-49.86718,-50.035336,-50.202328,-49.724216,-49.24541,-49.13454,-49.022728
4.2806063,4.6073885,4.93407,5.0301375,5.1249795,5.4723988,5.819551
-33.441154,-33.575623,-33.70933,-33.506104,-33.30103,-33.441765,-33.581497
22.205965,22.002497,21.799053,21.955564,22.110012,22.213121,22.315022
-5.589271,-5.860824,-6.131023,-5.698642,-5.265377,-4.9438167,-4.623431
21.820688,21.94192,22.064318,21.753567,21.441439,21.672493,21.903229
1.7157705,2.2077968,2.6967824,2.579292,2.4610898,1.7572024,1.055619
-3.2473805,-3.1044333,-2.9600022,-3.042133,-3.124142,-3.5281863,-3.9329352
36.74904,36.62268,36.497154,36.10403,35.711147,35.65865,35.607727
-9.6946535,-10.079608,-10.464455,-10.386768,-10.309396,-9.798729,-9.287934
80.84323,80.90399,80.96355,80.796844,80.62957,80.03975,79.450356
72.85706,72.88815,72.918495,72.92168,72.92391,72.99796,73.07228
-23.046722,-22.791618,-22.537403,-22.096058,-21.656979,-21.048641,-20.439627
-58.22217,-58.693443,-59.16385,-59.463562,-59.762787,-59.57998,-59.397827
-4.8133945,-4.6741753,-4.53438,-4.899332,-5.264511,-5.140812,-5.016569
12.989229,13.229684,13.469918,13.494199,13.517846,13.519467,13.520305
-32.54983,-32.663883,-32.77758,-32.546993,-32.316723,-32.171803,-32.026558
-19.056078,-19.376564,-19.69816,-20.134039,-20.570602,-20.81403,-21.056826
11.397815,11.487571,11.579742,11.598568,11.618157,11.519166,11.421964
42.86939,42.702724,42.539097,42.705704,42.871838,42.74287,42.61445
74.2203,74.142555,74.06403,73.98043,73.89606,73.621086,73.34469
-86.904236,-86.89428,-86.8844,-86.82041,-86.75452,-86.21365,-85.67119
-9.792797,-9.681262,-9.570217,-9.409869,-9.249232,-9.387266,-9.524164
-29.06334,-28.822777,-28.580742,-28.548306,-28.517284,-28.370647,-28.224365
-9.922767,-9.896014,-9.8696165,-9.665077,-9.459987,-9.296395,-9.132414
1.3766488,0.9292306,0.479493,0.096657604,-0.28710476,0.11742863,0.5219964
-36.985336,-37.14112,-37.298965,-37.598755,-37.89783,-37.9394,-37.979874
-35.32098,-35.664215,-36.009033,-36.213684,-36.41667,-36.143345,-35.870857
1.2633529,1.1342902,1.0052485,0.96472025,0.92552996,1.6697793,2.4145617
-13.932042,-13.7493725,-13.56646,-13.412388,-13.256296,-12.864112,-12.472498
40.503834,40.631783,40.75768,40.779896,40.802998,39.75947,38.715496
15.197473,15.275814,15.354175,15.396922,15.438766,15.208822,14.978399
-59.735573,-59.615494,-59.49482,-58.992245,-58.48942,-58.753178,-59.016163
-33.14407,-33.516514,-33.888058,-33.28938,-32.690968,-32.70139,-32.710155
-67.711815,-68.06984,-68.42708,-68.69383,-68.9598,-68.882355,-68.80414
0.49026698,0.4488756,0.40675372,0.5916979,0.77753276,1.1127131,1.4463313
40.863213,40.620903,40.377167,40.074272,39.77234,39.78991,39.808006
-12.110488,-12.440077,-12.770982,-12.877901,-12.986288,-13.027732,-13.068654
-1.7810397,-1.6950479,-1.6088786,-1.6670198,-1.723906,-2.0360384,-2.3479524
-41.214687,-41.01856,-40.822674,-40.345352,-39.869198,-39.328033,-38.785797
-67.53986,-67.38784,-67.23742,-67.04193,-66.84739,-67.196526,-67.545784
6.868653,7.249193,7.6307344,7.532217,7.432742,7.212423,6.994114
7.9373183,8.02945,8.121985,8.188956,8.255455,8.155114,8.056717
2.9243565,3.2080145,3.4925618,3.6437922,3.7950163,3.343069,2.8904133
-30.240288,-30.31973,-30.398712,-30.384636,-30.36987,-30.616356,-30.862278
-24.257984,-24.131447,-24.00522,-24.060305,-24.115173,-23.943129,-23.77235
-23.219757,-22.784698,-22.34922,-22.540241,-22.73037,-22.63392,-22.536873
-49.135784,-49.322083,-49.508255,-49.936207,-50.3649,-50.507076,-50.648922
-30.355616,-30.435312,-30.51317,-30.412043,-30.311293,-30.191767,-30.071585
5.77828,6.403517,7.028705,6.8391705,6.6493964,6.703454,6.7585115
9.263269,8.844578,8.426703,8.509879,8.592892,8.608402,8.624332
22.174307,22.014732,21.854641,22.136086,22.416561,22.313425,22.21055
-21.62651,-21.735907,-21.84412,-22.3812,-22.918638,-22.830149,-22.741808
-8.44795,-8.252159,-8.057956,-7.636772,-7.2169714,-6.99858,-6.779998
11.899427,12.083095,12.267869,12.793679,13.319485,13.273081,13.2274065
-11.826583,-11.94161,-12.055005,-12.311362,-12.567543,-12.415253,-12.262884
32.73402,32.72921,32.72423,32.711597,32.699646,33.274464,33.85039
-24.630968,-24.684109,-24.735136,-24.952955,-25.171246,-25.317497,-25.463785
-35.348064,-35.27705,-35.206383,-34.817944,-34.428078,-34.024097,-33.62035
51.971622,51.90974,51.847584,52.37306,52.899532,52.64288,52.383892
-1.1471273,-1.1299955,-1.1106588,-0.87412655,-0.6375619,-0.30812657,0.021203868
60.856304,61.16399,61.47097,61.102043,60.732613,60.985302,61.23762
-11.764753,-11.787005,-11.809329,-11.448056,-11.085786,-11.125887,-11.166547
-24.77015,-24.452452,-24.135782,-23.778673,-23.420198,-22.955824,-22.490362
-12.441749,-12.880942,-13.319739,-13.435245,-13.550576,-14.063764,-14.575896
16.428059,16.088516,15.747568,15.929752,16.110779,16.344225,16.579815
-1.2347641,-0.7228525,-0.21304995,0.31867832,0.8477847,0.50728196,0.1679253
-22.228792,-22.314585,-22.40154,-22.127829,-21.852297,-21.259932,-20.666664
-18.205784,-18.024387,-17.84159,-17.465977,-17.09235,-17.072544,-17.053555
-45.68014,-46.14444,-46.609146,-46.559677,-46.50979,-46.705296,-46.9013
-29.74289,-29.63835,-29.53365,-29.329548,-29.125458,-29.110529,-29.092571
-55.290245,-55.23042,-55.17037,-54.2917,-53.412743,-53.1606,-52.9098
-19.833595,-19.531675,-19.230125,-19.319567,-19.41001,-19.764345,-20.118307
0.3249761,0.35664475,0.38960278,0.43943036,0.48912632,0.5265075,0.5639564
-71.49256,-71.34727,-71.20276,-71.18641,-71.1683,-71.09629,-71.022484
39.765205,40.04827,40.333473,40.386986,40.440933,40.69053,40.94009
-9.7433605,-10.335495,-10.9267025,-11.205406,-11.485502,-11.571068,-11.65663
77.28793,77.16072,77.034515,77.48834,77.94223,78.1469,78.349915
-61.564186,-60.973125,-60.38026,-60.37725,-60.375744,-60.801933,-61.227913
33.03119,32.401123,31.770935,31.284184,30.797518,31.048767,31.300385
24.688673,24.719896,24.751108,24.728565,24.70724,24.035805,23.364386
28.5258,27.986301,27.447954,26.943901,26.442095,26.904764,27.368704
-47.126755,-47.24306,-47.35829,-47.16865,-46.9793,-46.98301,-46.98579
26.968395,26.847462,26.727139,26.987902,27.246588,27.184359,27.120367
15.227667,15.194494,15.160418,15.024689,14.890895,14.715637,14.540712
-46.685658,-46.317318,-45.94658,-45.603813,-45.260197,-44.883965,-44.507797
47.49897,47.239502,46.979256,47.25586,47.5305,47.17929,46.828728
-30.939077,-31.173265,-31.40734,-31.034145,-30.661766,-30.900385,-31.138643
-44.656628,-44.252064,-43.846752,-43.771645,-43.69543,-43.633766,-43.572033
2.9903178,2.9860888,2.9824305,3.3250377,3.666952,3.5044138,3.34178
58.97318,58.948925,58.924515,59.002888,59.080772,59.13363,59.187862
-10.104329,-10.280362,-10.454086,-10.410162,-10.366156,-10.46469,-10.56454
16.586618,16.656967,16.727013,17.298824,17.871332,18.011076,18.152473
12.932541,13.186623,13.440211,14.074427,14.708362,14.149052,13.588961
46.945717,47.53103,48.11553,47.835037,47.55458,47.47685,47.400642
-13.90278,-13.413478,-12.925336,-12.433888,-11.942324,-12.112407,-12.281077
21.540882,21.727812,21.915499,21.881842,21.84754,21.470198,21.092857
-15.00671,-15.266675,-15.527678,-15.624117,-15.722696,-15.76235,-15.803805
-6.041503,-6.1638217,-6.287143,-6.516392,-6.7451806,-6.7102995,-6.6750274
7.253755,7.2125707,7.1720433,7.3727703,7.5755496,7.5388703,7.502132
14.815858,15.037401,15.258887,14.700226,14.142228,14.020551,13.899743
40.98995,40.969147,40.94854,40.699787,40.44994,40.400406,40.351913
18.754782,18.83077,18.906736,19.115452,19.325436,19.33843,19.350332
51.678917,50.988472,50.29821,50.097336,49.897026,49.685158,49.47319
87.57873,87.274086,86.97013,86.56452,86.15655,85.59786,85.03902
37.172222,36.82119,36.470478,35.771084,35.073204,34.811726,34.55216
