2014 SVI Below Poverty Encoding,2015 SVI Below Poverty Encoding,2016 SVI Below Poverty Encoding,2017 SVI Below Poverty Encoding,2018 SVI Below Poverty Encoding,2019 SVI Below Poverty Encoding,2020 SVI Below Poverty Encoding
1.0650814,1.48859,1.9114435,2.2932088,2.6749513,2.0345314,1.3951213
31.3153,32.0584,32.800163,32.957573,33.114994,32.84052,32.56525
-7.7683687,-7.127325,-6.4860744,-5.8574324,-5.2285013,-4.152503,-3.076823
87.01425,87.89883,88.78471,87.61542,86.444885,84.37512,82.30583
2.306837,2.8099813,3.3134546,2.9047222,2.4961672,1.2146875,-0.06645197
71.302414,70.81361,70.32471,69.35577,68.387054,68.04998,67.71193
-43.30154,-42.78075,-42.25973,-41.390476,-40.520832,-40.573597,-40.625355
24.748236,26.502115,28.25481,27.404297,26.554886,26.457495,26.360926
31.309761,31.2546,31.19771,31.656427,32.11398,32.41532,32.716526
-29.039383,-29.975708,-30.913132,-29.211456,-27.510242,-26.245762,-24.982777
-12.860069,-12.498082,-12.13597,-12.516262,-12.89604,-15.406861,-17.916693
6.6957827,7.7194004,8.744521,9.275325,9.805142,8.985429,8.16491
-68.68773,-69.04166,-69.39529,-69.1366,-68.87619,-69.42309,-69.97011
17.881992,16.984987,16.08819,16.02018,15.951434,16.013386,16.075466
13.9743395,12.905114,11.8353815,12.108912,12.38256,12.07042,11.756446
-4.942407,-5.119415,-5.2959714,-5.590286,-5.883758,-5.249253,-4.6150756
-35.260456,-36.17634,-37.090084,-36.38968,-35.688007,-34.588604,-33.489574
41.18698,41.4942,41.80016,41.06923,40.338264,41.876102,43.41265
56.46754,56.806393,57.144894,57.4763,57.807545,56.38895,54.969448
88.271736,88.58847,88.904945,88.58437,88.2662,87.781105,87.2963
-0.6162737,-0.7070487,-0.7984806,-0.31215838,0.17436716,-1.0151985,-2.2046177
12.261731,12.50241,12.743159,11.795597,10.84809,11.824246,12.80156
28.724396,27.957737,27.191936,26.758919,26.32594,26.58609,26.846863
34.70988,35.95763,37.20536,37.28604,37.36806,37.492275,37.615437
87.57602,87.783585,87.990555,86.74214,85.49473,85.33972,85.18611
8.955005,9.931657,10.910056,11.175731,11.440967,12.889743,14.338325
-3.1930962,-2.9910316,-2.7886996,-2.8452506,-2.9017043,-2.3866658,-1.8710933
-26.674612,-26.321579,-25.968016,-25.345947,-24.724394,-25.602009,-26.477718
22.604267,22.76956,22.934328,21.26375,19.593256,19.273798,18.955795
9.245608,9.213216,9.18096,8.382752,7.5845866,8.2845545,8.983914
-37.55878,-37.603493,-37.6485,-38.15316,-38.658165,-38.74911,-38.840027
2.177404,2.103558,2.0287108,1.701717,1.3754917,0.49930915,-0.37630692
-30.063583,-31.363827,-32.662582,-33.050556,-33.43869,-32.127323,-30.816568
-69.41141,-69.96024,-70.50849,-69.34683,-68.18534,-67.8533,-67.52113
-61.821594,-62.343376,-62.86477,-62.50463,-62.143993,-60.65296,-59.1624
39.169933,40.439808,41.708847,42.277817,42.848545,41.74809,40.648567
-36.763912,-35.5678,-34.373737,-34.783253,-35.192387,-35.691147,-36.18965
33.146824,32.961617,32.77648,32.883396,32.99073,33.730747,34.4707
-101.173676,-101.75479,-102.33494,-101.94026,-101.54543,-101.57744,-101.60913
16.517366,16.236311,15.954772,16.458702,16.962252,15.979164,14.995062
54.837517,56.35311,57.86888,57.580273,57.289394,56.551926,55.81423
-48.347157,-48.061687,-47.776714,-48.242718,-48.710403,-49.003056,-49.29585
-60.69438,-60.726223,-60.75728,-60.62346,-60.489735,-61.952156,-63.41459
16.26884,16.99056,17.712189,17.794916,17.875748,18.730549,19.583546
24.705032,24.331324,23.956823,24.374998,24.793753,23.996056,23.197708
64.14326,65.08905,66.03462,65.14392,64.25492,65.37252,66.48877
-76.891365,-79.10306,-81.31426,-80.64651,-79.97889,-77.587456,-75.195915
-18.55128,-18.248295,-17.94434,-18.479265,-19.012953,-18.368662,-17.723835
3.0192897,4.2249928,5.431177,4.5319643,3.6320808,3.8400486,4.048066
50.354446,50.160328,49.96543,49.35297,48.7409,48.225983,47.711174
-89.328835,-90.166336,-91.00464,-90.02372,-89.04195,-88.56242,-88.08389
11.975899,11.394396,10.812849,11.584341,12.35606,11.568008,10.779152
-24.679987,-25.221888,-25.766161,-25.589334,-25.410965,-25.365622,-25.319826
-15.897035,-17.093575,-18.28981,-18.074028,-17.858582,-19.056046,-20.253479
-78.3247,-78.036354,-77.74683,-77.12437,-76.5006,-75.4628,-74.4267
-18.407316,-18.493277,-18.578598,-19.33002,-20.080858,-20.049921,-20.019957
9.91701,10.151851,10.386291,11.373002,12.360101,12.97515,13.590556
0.45622402,1.8583218,3.2605262,2.8708377,2.4807754,1.5690705,0.6584068
-93.80758,-95.178856,-96.55006,-96.62733,-96.70427,-96.23548,-95.76608
93.08508,93.81388,94.5433,92.64784,90.75177,89.30718,87.86278
-65.19015,-65.64764,-66.10543,-66.502655,-66.89983,-67.94299,-68.9851
-60.072796,-60.30908,-60.543606,-59.639923,-58.73626,-58.065464,-57.394398
-51.69388,-51.703266,-51.713127,-51.534966,-51.356598,-50.5399,-49.72293
-11.017354,-11.473813,-11.930583,-11.479439,-11.028455,-9.769348,-8.51041
101.50842,102.43523,103.36259,102.85553,102.3494,102.05503,101.760086
20.42214,20.608034,20.795599,20.279394,19.762377,18.071787,16.380413
-33.237667,-32.701714,-32.165813,-31.175146,-30.183691,-29.57969,-28.975677
-23.508831,-23.39775,-23.285122,-21.86512,-20.445492,-21.551203,-22.657475
-9.630551,-9.326507,-9.022299,-8.304378,-7.5875187,-8.381435,-9.17686
-8.785194,-8.629657,-8.475591,-9.566291,-10.655883,-10.075713,-9.496177
-36.19988,-36.306675,-36.415024,-36.757538,-37.098953,-35.44753,-33.795757
61.682716,61.636364,61.59043,61.638176,61.68511,60.738113,59.790024
12.268415,12.915409,13.562344,13.620054,13.678568,13.906185,14.133351
47.714005,49.039364,50.36356,49.98002,49.596596,49.146904,48.69638
-32.002914,-32.456696,-32.911552,-32.713993,-32.516563,-31.015629,-29.513172
27.855858,27.627518,27.398693,26.505919,25.615072,25.497204,25.379475
-27.325884,-26.777193,-26.228775,-26.199364,-26.169882,-24.99168,-23.811398
-22.13283,-22.125217,-22.118467,-22.139936,-22.16139,-21.00223,-19.842813
-79.02028,-78.86244,-78.703,-77.62331,-76.543945,-76.41022,-76.27597
-32.115852,-31.754852,-31.395226,-31.757904,-32.118336,-32.40786,-32.696243
40.115013,40.87092,41.62526,41.212196,40.79898,39.76242,38.725792
20.713932,21.43253,22.150587,22.361246,22.570913,22.587187,22.602793
49.271866,49.028664,48.786087,47.98641,47.187134,46.47383,45.759716
61.134098,61.72781,62.321865,62.63782,62.95242,61.326473,59.701122
-21.463264,-21.151228,-20.838774,-20.996208,-21.15369,-21.347095,-21.540928
-35.989082,-35.860172,-35.729458,-35.486694,-35.245125,-33.596607,-31.94785
-3.8948703,-4.5579743,-5.2206616,-5.862643,-6.504083,-5.8872313,-5.2696543
-87.94223,-87.52305,-87.10227,-85.9592,-84.81621,-84.975075,-85.134926
1.1601511,0.6535784,0.14747867,-0.40911046,-0.96566904,-0.19285336,0.58122885
2.8465686,3.7777607,4.70793,4.047353,3.3876579,3.6992757,4.0105968
104.1655,104.10298,104.039536,103.65568,103.273796,101.697044,100.1215
-32.444588,-31.68328,-30.920948,-30.501156,-30.080627,-32.05337,-34.02405
3.0603454,3.5265071,3.991328,5.2506475,6.5101347,6.0325575,5.5537844
46.932507,47.06059,47.188778,46.564014,45.939632,45.58651,45.233532
-21.156683,-21.650177,-22.145168,-22.878862,-23.613043,-21.663065,-19.713354
-79.65386,-79.66615,-79.67757,-79.88737,-80.09844,-81.18141,-82.26375
-12.1339655,-11.375092,-10.618558,-10.048662,-9.479958,-10.8754425,-12.26946
-73.24247,-75.062775,-76.881454,-77.133736,-77.385895,-77.83215,-78.27691
1.7389799,1.5795728,1.4203378,1.5594188,1.6982065,0.67144877,-0.3550567
49.819374,51.024807,52.229847,51.728447,51.227276,50.489933,49.75087
89.928024,91.13162,92.33404,92.092514,91.85358,90.682816,89.513794
21.734222,23.04407,24.35526,24.559414,24.763336,25.789616,26.815811
28.508183,28.597597,28.684908,27.754967,26.825462,28.599386,30.374445
-46.93245,-47.298416,-47.664047,-47.470367,-47.276215,-46.462498,-45.647186
-4.9454436,-4.6027064,-4.259952,-4.4762683,-4.6923404,-6.0293307,-7.367582
-21.449068,-21.735928,-22.023209,-22.517908,-23.012745,-23.359009,-23.706474
-16.056416,-17.338669,-18.620129,-17.779959,-16.938507,-17.815836,-18.693268
-64.68266,-65.220024,-65.75771,-65.60327,-65.44943,-64.10332,-62.75743
-12.419588,-12.26246,-12.104561,-12.205139,-12.305138,-13.183647,-14.061188
2.2238681,0.713628,-0.7975412,-0.29745844,0.20141478,-0.9905661,-2.1836088
31.346598,32.187553,33.02821,33.48001,33.931774,35.413525,36.895866
73.79411,73.85181,73.9102,74.6758,75.43947,74.791565,74.14369
-32.35057,-32.1883,-32.02689,-32.556824,-33.087097,-33.34996,-33.613644
111.22062,111.466705,111.71261,112.33684,112.9616,113.51872,114.07466
24.371033,24.631977,24.89306,22.532526,20.170885,18.493692,16.817215
13.652187,13.290871,12.931763,12.850451,12.77078,13.549986,14.3303175
68.53865,67.54419,66.5507,65.58045,64.610695,65.0303,65.44964
-2.601038,-1.1318636,0.3372183,0.69624907,1.0532045,1.2388239,1.4248295
8.69618,8.363139,8.029784,7.947608,7.865204,9.408926,10.952527
-32.75227,-32.94954,-33.145676,-32.07898,-31.01298,-31.80656,-32.59917
-0.69343203,-1.1195095,-1.5452602,-2.0265472,-2.5078218,-2.7068613,-2.9053752
-39.594807,-39.892933,-40.19071,-40.00398,-39.81903,-39.107586,-38.39645
-75.17307,-74.43449,-73.69547,-73.59082,-73.48644,-73.98161,-74.47759
-14.8591175,-13.872027,-12.88337,-12.868952,-12.855656,-12.168639,-11.482865
-9.03893,-8.170406,-7.3025117,-6.8865495,-6.470924,-6.088781,-5.706699
-49.88361,-49.21562,-48.547565,-49.04315,-49.538204,-49.74417,-49.948215
-8.085355,-6.5498056,-5.0141134,-4.47316,-3.9333963,-4.349837,-4.767591
-1.3842835,-1.47539,-1.5672727,-1.4868054,-1.40591,-1.9479375,-2.4888902
-23.514723,-24.22644,-24.937162,-25.850681,-26.765991,-26.44682,-26.130001
-79.613686,-80.57263,-81.530716,-81.04054,-80.549774,-80.83165,-81.11495
-65.74167,-65.047035,-64.35277,-63.337967,-62.323215,-61.457436,-60.590225
-38.583996,-38.56197,-38.541645,-38.361755,-38.18099,-37.30999,-36.439545
-22.849174,-23.67266,-24.493914,-24.169994,-23.84633,-25.25816,-26.669907
122.46938,122.98267,123.496284,121.4204,119.34368,117.47919,115.61367
-32.699596,-33.40451,-34.109318,-34.197796,-34.286995,-33.89347,-33.500225
72.143295,72.8925,73.640526,74.39107,75.141174,75.99977,76.85721
18.070547,17.914564,17.76002,17.456347,17.154032,16.327173,15.497927
-2.8821568,-2.9286637,-2.9756742,-2.6628346,-2.3499303,-2.2293096,-2.108832
-28.681046,-29.074196,-29.467907,-29.227167,-28.985916,-29.894262,-30.80386
37.477524,37.96155,38.44522,38.31644,38.18717,38.32492,38.46185
-14.035493,-12.879191,-11.722788,-12.1147995,-12.50727,-11.511733,-10.514929
10.525917,11.560493,12.593406,12.559975,12.52654,13.888602,15.25133
-35.759827,-35.527637,-35.294407,-35.06785,-34.841843,-33.672485,-32.50444
9.969314,9.988853,10.008213,8.682747,7.3592963,8.775151,10.191694
42.87152,44.24737,45.623455,45.371204,45.118725,45.528187,45.938347
-23.656755,-24.993605,-26.330137,-25.959005,-25.589666,-24.432007,-23.275887
15.850807,16.730782,17.61107,17.707867,17.804955,19.072985,20.341366
-42.73963,-42.913227,-43.084938,-42.69888,-42.31187,-41.58512,-40.857986
8.00232,7.648406,7.2931724,6.7407317,6.188502,6.461811,6.7358365
1.9935066,2.1083832,2.2221355,2.4777489,2.7331185,2.0666318,1.4004904
25.302399,26.408598,27.513636,26.464596,25.414833,25.126915,24.840693
-3.7249024,-4.0519004,-4.3794165,-4.140809,-3.9033992,-4.328708,-4.7557416
79.154816,79.695984,80.2364,80.70412,81.17204,81.46001,81.74855
-10.714636,-10.774755,-10.835338,-10.454837,-10.074426,-10.063472,-10.053363
48.795834,48.961777,49.127243,48.927597,48.72829,49.892986,51.057076
-51.391758,-51.26735,-51.14396,-51.35978,-51.576103,-52.349426,-53.122337
-5.3002625,-5.409359,-5.5182457,-5.9092913,-6.3009224,-5.7290792,-5.1575603
4.306298,3.456676,2.6063018,3.107841,3.6090493,4.958998,6.3075414
-43.014904,-44.20267,-45.39067,-44.67595,-43.96065,-42.590626,-41.21935
-29.255552,-29.419554,-29.583466,-29.86557,-30.145168,-29.93746,-29.729597
7.3508096,8.238008,9.126962,9.105181,9.082685,8.848681,8.613273
3.871763,3.7117121,3.5522711,3.2927306,3.0327866,1.3692935,-0.29539087
2.7597892,2.3736975,1.9871275,1.1566107,0.32664993,3.2681506,6.2097635
-40.022587,-40.46814,-40.9131,-41.12171,-41.330315,-41.13416,-40.938446
2.9081812,3.38485,3.8622818,4.331582,4.8005238,3.6948404,2.5895314
-2.7989085,-2.8775945,-2.9561982,-2.6025758,-2.2506495,-1.4151678,-0.57966995
-4.2792253,-5.321975,-6.3653965,-7.235895,-8.105511,-6.233051,-4.3599615
12.442964,12.649208,12.855252,13.70106,14.544777,12.40834,10.270479
21.153133,21.581987,22.010807,21.237793,20.464138,19.313799,18.165003
-0.34912995,0.5525005,1.4551799,0.5109794,-0.4326966,-0.6982415,-0.9636071
-57.34771,-58.47359,-59.59852,-58.62074,-57.64308,-58.472504,-59.30034
16.950289,16.972277,16.993994,15.838585,14.683459,14.840811,14.998223
18.714521,18.761889,18.81096,18.589415,18.367954,17.37206,16.375124
19.41014,18.681883,17.952358,16.105785,14.259624,13.957954,13.655844
-11.304291,-10.582489,-9.860735,-9.8630295,-9.86623,-9.948132,-10.030331
-43.690693,-44.474987,-45.25987,-45.448723,-45.63743,-45.312004,-44.988583
21.50084,21.348465,21.195887,20.497162,19.796772,19.867474,19.93879
-31.599558,-31.36726,-31.134338,-32.169926,-33.205784,-33.221706,-33.238674
-4.754351,-4.517122,-4.2798533,-4.06943,-3.8599448,-3.788179,-3.717318
-21.647858,-22.601372,-23.554995,-22.498951,-21.4423,-19.078238,-16.713585
-13.845245,-13.032631,-12.219352,-11.855904,-11.493253,-10.474995,-9.455739
-53.252655,-53.18122,-53.110126,-52.301815,-51.494423,-51.265198,-51.03772
15.036464,16.138714,17.241074,17.20695,17.172716,15.694736,14.216818
1.030493,0.5779879,0.12588385,0.32802752,0.5286772,0.83591247,1.1446664
36.65013,36.730145,36.80841,36.018703,35.229706,35.295013,35.361042
24.351183,23.795671,23.237894,23.63479,24.033028,25.16499,26.298193
-16.646404,-16.430275,-16.215246,-16.049496,-15.882344,-16.32735,-16.772308
55.409405,56.06422,56.718987,57.41032,58.100246,59.54718,60.994537
-34.674915,-34.759247,-34.844513,-34.866737,-34.889393,-33.31071,-31.732582
-49.403576,-49.985172,-50.566624,-49.514996,-48.464718,-47.626583,-46.78641
-11.769593,-12.6367855,-13.505056,-13.870273,-14.235548,-13.146573,-12.0586195
-42.529575,-43.796085,-45.061745,-45.14172,-45.22081,-44.937366,-44.653194
-76.63014,-76.48243,-76.332825,-75.77904,-75.224594,-75.30411,-75.38291
34.338257,33.705067,33.07114,32.53696,32.002678,30.088493,28.172989
16.244808,15.638171,15.031809,15.5219555,16.011896,17.0958,18.18031
44.46412,43.917896,43.37281,43.07601,42.779713,41.284992,39.791252
23.008564,21.04708,19.087032,18.876007,18.666866,17.722776,16.779654
31.568396,32.43465,33.30189,33.15004,32.999207,32.2005,31.402811
-73.37613,-73.358696,-73.34178,-72.52585,-71.71049,-69.93388,-68.15637
4.3508897,4.470323,4.588965,4.4194427,4.2496905,5.6463485,7.0435576
54.663662,54.57411,54.48454,53.907864,53.331425,52.873375,52.41585
38.685585,39.30477,39.924652,40.52717,41.130836,41.0484,40.966946
16.970978,17.506351,18.042877,18.98666,19.931826,21.466396,22.999958
-64.518616,-65.17689,-65.83356,-65.95717,-66.08175,-65.082405,-64.083595
-21.779285,-22.096243,-22.414316,-22.618032,-22.822006,-23.443491,-24.065716
-42.03497,-42.716187,-43.39692,-42.576187,-41.755928,-41.987267,-42.21864
-63.117928,-63.30461,-63.490494,-63.20473,-62.918022,-62.472687,-62.026733
-6.9588842,-7.8315835,-8.704826,-8.811165,-8.918195,-7.1686296,-5.4186654
4.587883,5.1863112,5.7848396,5.4808564,5.178295,5.8933535,6.6084266
41.91378,42.410583,42.90882,41.368923,39.829662,38.998753,38.16669
-13.563713,-13.344492,-13.125607,-13.869362,-14.61454,-15.424065,-16.235119
50.481792,50.891335,51.301003,51.473965,51.646744,50.031605,48.416733
55.190792,55.26021,55.33113,55.28709,55.242397,53.669987,52.096752
-47.121037,-47.485416,-47.8503,-48.186325,-48.523243,-47.95523,-47.38786
2.2704122,2.6222646,2.9741914,2.7406404,2.506107,2.833597,3.1608217
46.81409,47.181477,47.547848,47.934128,48.32053,50.08756,51.85377
-43.80112,-44.57605,-45.351707,-44.76572,-44.178303,-43.72296,-43.266605
23.330328,23.83159,24.33243,24.023054,23.71432,24.602163,25.489359
55.18852,56.095062,57.00093,57.66114,58.3208,58.199604,58.07813
24.000912,25.044722,26.08916,26.9144,27.739424,28.763716,29.789347
-48.226437,-48.36782,-48.509464,-48.593773,-48.67723,-47.144184,-45.61057
-32.218533,-32.352573,-32.486687,-31.947659,-31.409567,-30.204142,-28.999811
32.50715,31.812342,31.117996,31.768625,32.419926,34.429184,36.43789
17.813005,18.045605,18.276768,17.666437,17.055971,17.303911,17.549395
1.4122157,0.564096,-0.283216,0.22593164,0.73568773,1.0306029,1.3272367
28.719593,29.898682,31.077148,32.300007,33.52319,34.3361,35.14887
-45.61258,-45.380444,-45.1487,-45.048298,-44.94766,-44.7111,-44.474476
-64.29896,-64.086075,-63.872337,-63.783916,-63.697426,-63.466396,-63.234665
-33.702686,-33.35978,-33.01678,-33.374405,-33.730602,-33.84955,-33.968124
4.8457584,4.1102467,3.3752346,2.91148,2.4475365,1.9891721,1.5312978
14.328557,15.540902,16.753365,16.639133,16.523247,14.614188,12.706933
-38.6889,-38.58273,-38.477444,-39.525208,-40.573757,-41.522144,-42.470676
-89.19937,-89.65919,-90.1203,-87.685074,-85.25011,-82.50753,-79.765854
-18.768002,-19.530375,-20.294012,-21.41992,-22.547081,-22.03661,-21.526072
43.26913,42.62292,41.9771,40.515415,39.054775,40.21233,41.369972
24.392117,24.705946,25.01945,23.841837,22.662624,21.689236,20.716465
-69.70789,-69.81709,-69.927216,-69.11884,-68.31247,-67.6064,-66.90019
10.252968,10.020525,9.789253,9.736805,9.683086,9.154516,8.625505
11.789482,11.283273,10.776912,10.383915,9.989987,9.408351,8.8271265
26.912071,26.330654,25.749792,25.506907,25.265387,27.90048,30.536749
-53.24582,-53.836124,-54.42698,-54.451538,-54.47657,-53.99407,-53.51215
-8.225479,-8.294671,-8.364041,-8.49355,-8.622048,-7.35162,-6.080517
-38.767014,-37.824276,-36.880585,-36.15275,-35.42607,-33.657333,-31.88945
-6.954269,-7.0573106,-7.161348,-6.7228065,-6.2847104,-7.1393538,-7.99225
-12.351456,-13.445981,-14.538839,-14.442509,-14.344752,-13.362719,-12.381624
26.664179,26.747532,26.831644,26.089716,25.34797,25.915947,26.4844
-39.352005,-38.340656,-37.32925,-37.447937,-37.56658,-36.971333,-36.375324
45.39258,44.575207,43.75784,42.717926,41.67878,41.26367,40.849705
-16.094107,-16.962292,-17.830524,-16.673704,-15.518149,-16.013948,-16.509863
-40.158623,-40.211357,-40.26326,-39.445667,-38.629578,-39.301178,-39.973877
-25.892607,-25.477846,-25.063911,-25.630636,-26.197939,-28.283915,-30.369253
-23.410078,-24.035036,-24.659712,-24.758913,-24.858328,-24.202208,-23.54526
74.48247,75.04631,75.60991,74.048965,72.48708,72.43872,72.39084
-29.394573,-30.333155,-31.272575,-31.662817,-32.053852,-30.743956,-29.432472
29.884485,30.528324,31.171528,31.713581,32.255726,32.925995,33.59639
6.4970956,6.652661,6.8069453,6.7059493,6.6050963,6.322366,6.0382667
-3.7413735,-4.22337,-4.7054377,-5.1281266,-5.549064,-4.7502685,-3.9512281
-5.0816383,-5.8805637,-6.680704,-5.739805,-4.79776,-3.6916504,-2.584669
-1.5208335,-0.8209071,-0.122527614,0.042620167,0.20738648,-1.237432,-2.6820474
-32.447247,-31.419716,-30.393553,-30.774366,-31.154934,-30.260054,-29.363667
-5.7375784,-5.986594,-6.2352457,-5.8817797,-5.529105,-4.003358,-2.4765003
71.10295,71.43869,71.7758,70.97423,70.17195,67.858696,65.54451
13.224021,12.852551,12.482184,12.2821865,12.08146,12.435333,12.788166
17.795094,17.207815,16.62037,16.106094,15.592431,14.796793,14.002732
86.34444,85.88099,85.41742,84.65029,83.885345,84.72645,85.5672
52.660625,53.513298,54.364136,54.556534,54.749756,54.764954,54.778522
-14.3953495,-15.489115,-16.582891,-16.334938,-16.086721,-17.2203,-18.35517
-54.6674,-54.31904,-53.970947,-52.36735,-50.764507,-50.700245,-50.636425
-41.142754,-40.614887,-40.088787,-40.02283,-39.9563,-41.25905,-42.56124
-59.78693,-60.105522,-60.424175,-60.88495,-61.344906,-61.26598,-61.18528
56.671017,56.87696,57.08385,56.919163,56.754456,56.563957,56.372086
-4.134632,-4.123024,-4.1114044,-4.0121174,-3.9138193,-4.6466656,-5.380292
75.41036,76.61365,77.81612,76.30496,74.79495,74.030045,73.26508
29.67496,29.936338,30.19741,30.832603,31.467634,31.183346,30.897589
29.511158,30.006702,30.503378,30.546076,30.588974,28.985067,27.380854
41.966118,41.708897,41.453053,41.65684,41.860546,41.664974,41.46674
-61.978638,-61.809258,-61.640434,-61.716797,-61.793106,-61.089104,-60.386745
-16.878078,-18.30268,-19.726788,-19.076138,-18.426996,-17.444328,-16.46182
2.364822,2.528878,2.6930044,3.365041,4.0367775,3.801121,3.5642333
10.079599,10.203057,10.325691,9.898896,9.473258,8.40268,7.332375
10.295372,9.001432,7.707589,5.969002,4.231853,3.7794287,3.3278224
-60.018726,-59.644432,-59.270172,-60.194256,-61.11853,-62.51406,-63.90824
-30.983568,-31.506346,-32.03002,-32.53697,-33.043785,-31.672056,-30.300035
45.234837,45.013496,44.791927,45.259342,45.72665,43.723087,41.720016
36.90866,35.870983,34.832794,35.51313,36.19458,36.747066,37.29856
-16.00889,-15.078357,-14.147208,-12.837636,-11.527694,-12.372218,-13.214316
-28.354317,-29.352697,-30.349976,-30.44341,-30.536367,-29.973211,-29.409113
6.5065265,5.789642,5.0742984,4.625421,4.1763244,4.0446677,3.9108253
44.680965,44.908554,45.135548,44.847034,44.55794,43.7904,43.021698
-44.136597,-44.30341,-44.470825,-45.182972,-45.894817,-47.219612,-48.544342
77.58149,79.64005,81.698746,81.725945,81.75289,81.88025,82.00822
-41.872902,-42.92612,-43.98009,-43.96624,-43.952744,-44.65822,-45.364204
-73.19686,-73.88303,-74.56895,-73.81335,-73.05796,-74.238304,-75.41868
-1.2641925,-1.4621118,-1.6601342,-2.061586,-2.4633107,-3.7300553,-4.9969816
62.583076,62.68787,62.79247,63.070377,63.347496,64.86838,66.38966
-96.901375,-97.97716,-99.05339,-97.888405,-96.72255,-95.70032,-94.67835
-15.303257,-16.20202,-17.10061,-16.319319,-15.537912,-15.920383,-16.303019
-84.43049,-85.76154,-87.091805,-85.92225,-84.75396,-83.772,-82.78989
-52.407284,-52.43503,-52.4632,-51.685352,-50.905796,-49.130703,-47.35426
44.330433,45.294796,46.259243,45.862774,45.46764,43.83294,42.19933
-17.94798,-16.821218,-15.694826,-14.936715,-14.179745,-12.687276,-11.19512
20.057623,20.12607,20.194256,19.12182,18.049753,16.200432,14.351241
23.331926,23.681915,24.032394,24.528444,25.024334,25.20514,25.386017
37.61911,37.787014,37.956486,37.890793,37.82483,37.795803,37.76651
-50.453506,-51.26248,-52.071243,-51.380394,-50.688553,-48.64245,-46.597054
-10.278895,-11.284791,-12.288672,-11.261367,-10.235583,-9.704295,-9.173692
-88.14713,-87.856255,-87.56222,-86.37151,-85.18302,-84.641266,-84.09987
-13.707061,-13.771264,-13.834838,-12.583699,-11.333511,-10.337033,-9.340571
29.386694,29.787642,30.188246,30.64253,31.096125,31.077803,31.058435
-39.101826,-38.25784,-37.414425,-37.198086,-36.98315,-35.942097,-34.90118
8.468343,9.474782,10.479871,9.989743,9.500333,10.144761,10.788827
32.7736,33.51544,34.257027,34.23166,34.205482,34.651318,35.096123
68.72313,68.74741,68.772156,68.1124,67.45149,67.16507,66.87844
3.807218,3.5121093,3.2159514,3.8212028,4.426252,4.9086394,5.389486
25.14906,23.932621,22.718512,23.191845,23.665333,24.042624,24.420877
-48.776684,-49.033733,-49.29088,-49.37615,-49.460926,-49.70241,-49.942112
-41.60618,-41.19803,-40.789814,-40.917484,-41.04591,-42.604782,-44.164207
-38.342964,-38.252323,-38.16388,-37.289837,-36.414883,-37.791992,-39.171368
-87.381676,-87.7463,-88.112495,-87.20437,-86.296135,-87.45135,-88.60705
-9.940144,-11.026453,-12.111145,-11.265049,-10.420153,-9.913248,-9.407967
-21.127699,-20.440413,-19.754827,-19.050854,-18.346775,-18.432194,-18.517097
61.974144,62.01541,62.05646,62.45336,62.849396,61.573483,60.297752
-55.79752,-55.77989,-55.76219,-54.04004,-52.3206,-52.44248,-52.564537
65.18205,64.389336,63.597057,62.941025,62.28453,61.328293,60.37281
109.00512,109.00207,108.999565,108.870346,108.74001,108.03004,107.31999
-18.394495,-19.295263,-20.196156,-20.521778,-20.847301,-21.218561,-21.58974
66.50279,67.48019,68.457924,67.08467,65.7118,63.763184,61.81467
4.371463,5.1789775,5.986343,5.939028,5.893216,5.5583344,5.223794
-26.728216,-27.310894,-27.893332,-27.034748,-26.17642,-25.261942,-24.347063
11.345155,12.081128,12.816165,12.045071,11.272255,11.580142,11.887577
32.81087,33.363678,33.915283,33.78821,33.66165,33.628487,33.59651
-76.41581,-77.40228,-78.38711,-78.639175,-78.892914,-77.61262,-76.3307
-16.963352,-16.535423,-16.10702,-16.84407,-17.581127,-18.79139,-20.003078
17.615984,17.572477,17.530254,16.971199,16.412428,14.020606,11.627129
-50.13913,-50.17506,-50.210392,-50.199856,-50.188732,-48.896427,-47.60218
-22.34033,-23.48101,-24.620617,-24.370817,-24.11953,-24.732187,-25.345541
-3.0538929,-3.1282783,-3.2027388,-3.2757506,-3.3496675,-4.237891,-5.125985
17.133064,16.838417,16.54279,15.496676,14.4505205,13.244796,12.039313
-49.74871,-50.276978,-50.804623,-51.31459,-51.824852,-50.511093,-49.197468
9.530598,10.070056,10.608415,10.355401,10.102175,10.534918,10.966878
55.87574,55.91844,55.96084,55.03489,54.10912,53.870083,53.63218
92.74584,93.12616,93.50773,92.68931,91.87152,91.18291,90.495
18.504765,18.474487,18.443361,19.479477,20.5166,21.302958,22.08837
21.265162,22.063848,22.861675,24.113516,25.364796,25.414476,25.463587
-28.815088,-29.232346,-29.650301,-28.524752,-27.400248,-27.519377,-27.638224
-98.95234,-99.15424,-99.35667,-97.06684,-94.7774,-93.80877,-92.84063
8.29646,8.133457,7.9705367,9.080421,10.189533,10.0783205,9.966124
43.554955,42.84058,42.12575,41.145382,40.163425,40.38642,40.610504
-1.5134914,-1.3444335,-1.1761363,-0.60383147,-0.032020763,0.8201011,1.6710947
5.264443,4.855519,4.44612,4.188146,3.9299362,3.524206,3.119311
-3.9081597,-3.718989,-3.5304627,-4.6756635,-5.820992,-6.381121,-6.941651
49.679703,49.365406,49.051384,48.516724,47.982944,49.8652,51.74779
36.126137,35.899994,35.67212,36.28193,36.89121,38.06719,39.242855
-11.029533,-11.031257,-11.033538,-10.952748,-10.8736725,-10.735304,-10.596979
21.78738,22.211317,22.634426,22.577631,22.52068,24.689686,26.858768
56.993263,57.803745,58.614628,58.69646,58.777977,58.966885,59.156506
-43.860176,-44.786476,-45.7122,-45.728344,-45.743736,-46.161583,-46.578182
74.55107,74.863205,75.174736,75.58468,75.993805,74.07486,72.154045
26.90248,27.45392,28.005533,27.906458,27.806072,25.984037,24.161201
-29.04195,-28.67914,-28.316166,-28.526663,-28.73518,-28.261084,-27.786585
-18.628662,-19.833069,-21.03542,-21.955912,-22.876865,-23.148722,-23.419035
-68.20075,-68.97071,-69.73928,-68.952,-68.16415,-66.09936,-64.0342
-59.543774,-60.380573,-61.215862,-60.3261,-59.435673,-57.86815,-56.301285
64.31364,64.512276,64.71163,64.593185,64.47516,65.68744,66.90081
-49.08914,-48.437893,-47.787792,-47.102924,-46.41799,-47.67598,-48.933937
-37.17658,-37.890697,-38.602314,-38.284325,-37.96828,-36.493107,-35.019917
-93.02249,-94.804436,-96.58703,-95.50483,-94.42288,-92.50992,-90.59739
62.25632,61.823544,61.389828,61.96618,62.542797,62.70154,62.86062
-1.9887556,-2.220523,-2.4523003,-2.9164116,-3.3788197,-2.8356354,-2.2948754
6.599637,7.5009756,8.402411,8.837494,9.272527,9.781062,10.288554
29.362936,29.735117,30.107546,30.324594,30.54186,29.905886,29.268038
-25.912323,-26.371649,-26.830559,-26.313725,-25.7976,-26.714705,-27.63156
-80.29539,-81.0316,-81.768745,-81.53381,-81.2996,-81.42154,-81.54409
16.7621,16.605673,16.45024,16.847265,17.243328,17.594627,17.946089
20.989573,21.927004,22.864298,22.611982,22.357958,21.999166,21.638624
-52.30361,-52.25962,-52.217537,-51.84523,-51.47266,-52.27726,-53.08112
28.41286,28.053036,27.693996,28.544333,29.39364,29.279978,29.16548
-22.453407,-21.883028,-21.312496,-21.569769,-21.82817,-21.365238,-20.902851
40.427353,41.253803,42.081146,43.09355,44.10401,44.29946,44.494923
62.18675,62.2931,62.399216,62.12872,61.857937,62.746796,63.63608
-50.288578,-49.60274,-48.91697,-49.116253,-49.31502,-50.449787,-51.584187
-12.323906,-10.947117,-9.570946,-9.511048,-9.452209,-8.059706,-6.6668425
58.598164,57.95451,57.31116,57.280132,57.247814,57.44753,57.647568
104.32685,105.300224,106.274605,104.80804,103.33997,102.54824,101.75478
-46.19484,-45.84459,-45.493004,-44.651752,-43.811764,-43.118565,-42.426205
14.32592,14.952313,15.579031,15.070319,14.561969,15.569726,16.578241
15.978307,15.718754,15.459515,15.72579,15.993832,16.79535,17.596514
-105.66467,-105.87267,-106.08202,-105.96711,-105.8532,-104.696754,-103.539024
41.286366,41.058846,40.830048,41.84975,42.869774,44.104942,45.340115
-40.284904,-39.70581,-39.127228,-38.944256,-38.76113,-39.639687,-40.519352
69.61448,69.088684,68.56209,68.1648,67.76618,67.30262,66.83697
1.1223278,1.1767278,1.2315598,0.8179908,0.40414524,-0.17951725,-0.76234865
1.0595704,2.0487597,3.037255,3.4709728,3.9036584,2.6543014,1.405094
-32.229836,-31.89105,-31.552507,-31.967426,-32.38071,-33.135353,-33.889
-4.4704,-3.9094198,-3.349208,-2.842316,-2.3351548,-2.9968598,-3.6589396
-29.337807,-29.309473,-29.280735,-29.175503,-29.071648,-30.842289,-32.611298
-36.452374,-35.724567,-34.997215,-34.148594,-33.29882,-33.40602,-33.513847
35.553543,36.79735,38.04061,38.40173,38.76302,37.136272,35.511265
-55.81316,-56.69349,-57.576115,-57.056385,-56.53535,-56.030552,-55.525105
-2.2574234,-2.3187456,-2.3818579,-3.3396182,-4.295617,-4.3103156,-4.323853
-0.31057996,-0.3552491,-0.39992207,-1.0877529,-1.7744719,-2.3157165,-2.8575618
-38.800903,-40.30594,-41.810642,-41.823124,-41.837822,-42.44198,-43.046677
-31.772476,-32.572342,-33.37258,-32.33589,-31.29828,-30.2644,-29.231085
-19.178122,-19.842272,-20.505283,-19.763885,-19.023409,-18.121727,-17.222122
28.21382,27.511486,26.810413,25.835913,24.861628,23.993477,23.124878
-32.625114,-31.91046,-31.196404,-31.842451,-32.489166,-33.37361,-34.25926
0.42669573,0.17599382,-0.07552061,-0.16991149,-0.26323804,0.74284637,1.7494649
19.212059,19.372295,19.533327,19.276356,19.020033,19.602407,20.18394
-23.898005,-23.605116,-23.311419,-23.325708,-23.34068,-22.392504,-21.443365
-68.59877,-68.17149,-67.74376,-68.016914,-68.28914,-67.90842,-67.52659
11.782696,11.007545,10.232135,8.987888,7.7430077,5.986851,4.231025
-19.346502,-20.559023,-21.77054,-20.751476,-19.731485,-19.304688,-18.879873
-25.194174,-24.22221,-23.252186,-23.853962,-24.455284,-25.022251,-25.590641
13.413214,14.191722,14.969586,14.302027,13.634729,13.072539,12.51061
-3.28231,-3.2902074,-3.2994857,-2.540317,-1.7821412,-1.6851687,-1.5884538
6.7155385,6.9461284,7.177023,7.781138,8.385401,9.058781,9.732959
-29.911573,-31.817793,-33.723614,-33.383247,-33.044155,-31.579569,-30.113792
67.87888,67.59542,67.31274,67.1265,66.93885,65.02024,63.101345
-40.668873,-41.038837,-41.406628,-41.440063,-41.47203,-40.94169,-40.410286
-54.294376,-55.149544,-56.005745,-56.527725,-57.049366,-57.319855,-57.591873
-1.1791959,-1.5878632,-1.9963942,-1.9504285,-1.9040328,-2.4255006,-2.9459958
-62.07424,-62.6868,-63.29966,-63.31465,-63.330868,-62.838272,-62.34521
-4.129186,-3.535083,-2.9404862,-3.3186657,-3.6971877,-4.7193046,-5.740932
36.615715,37.70342,38.79163,39.204605,39.617565,37.223133,34.82654
-65.41776,-65.7532,-66.09017,-66.06598,-66.041275,-66.50221,-66.96248
42.10571,41.1697,40.234222,40.626263,41.018322,41.06352,41.109074
-79.083916,-78.22732,-77.37202,-77.306984,-77.24249,-76.06304,-74.883514
19.619755,19.982555,20.34666,20.275618,20.205183,18.797209,17.389639
56.059536,55.445442,54.83027,54.17637,53.522133,52.616642,51.711422
-79.659744,-80.05899,-80.457825,-79.75552,-79.05411,-78.099724,-77.14389
8.815138,7.6028185,6.391614,7.8652534,9.339412,8.236033,7.132579
24.21404,22.612432,21.01096,21.84096,22.669773,23.671503,24.672693
10.520159,9.820055,9.119532,8.27204,7.424531,6.6167183,5.8093386
-1.6610606,-2.4428828,-3.22279,-3.3919184,-3.5601742,-4.9744015,-6.3878937
-5.0994067,-6.2442565,-7.390121,-7.2559257,-7.1212344,-4.726558,-2.3322995
-10.8732395,-10.316538,-9.760559,-9.22839,-8.695934,-6.972223,-5.2482677
48.934204,48.337914,47.74276,47.353485,46.96412,46.19597,45.42672
16.337107,16.864864,17.392874,18.627619,19.863512,19.588724,19.313612
64.865814,64.47807,64.08876,64.325714,64.56224,64.8356,65.10928
-5.9181604,-6.008922,-6.098528,-5.503,-4.9088926,-5.5940385,-6.27856
6.4517684,5.8602824,5.267759,5.211596,5.1540647,3.8905597,2.6253304
23.405375,23.9558,24.503796,22.479504,20.45536,20.110231,19.76646
-76.52607,-76.43847,-76.34936,-74.63957,-72.9297,-72.84859,-72.76887
-56.444435,-57.869778,-59.294434,-58.845745,-58.39801,-57.40491,-56.411983
-35.388805,-35.7396,-36.089153,-35.665356,-35.24201,-34.291454,-33.33924
-22.417263,-20.939228,-19.46067,-19.631153,-19.802204,-21.342026,-22.880817
-30.545507,-30.231352,-29.916468,-29.751049,-29.58585,-27.995771,-26.405674
53.675514,54.05642,54.436718,54.3742,54.310688,52.342926,50.375607
-59.6569,-58.961647,-58.26621,-58.142776,-58.020054,-59.324677,-60.629383
-67.704544,-68.30123,-68.898155,-68.776115,-68.65476,-69.54596,-70.436554
-48.282646,-48.44191,-48.600853,-48.323593,-48.046555,-48.054214,-48.062836
-23.591068,-24.588898,-25.587112,-25.789211,-25.992306,-25.676949,-25.361526
-2.4346182,-3.0249007,-3.6146061,-2.5953758,-1.5772011,-2.518799,-3.4608285
3.1300333,3.7210515,4.310916,4.8292456,5.34937,7.398748,9.45099
-8.777601,-8.32229,-7.8676424,-6.94965,-6.030538,-4.6968904,-3.3644922
-85.27769,-85.144,-85.01003,-85.523705,-86.03729,-85.15606,-84.27556
-62.897926,-62.42405,-61.95043,-60.92168,-59.89199,-58.24981,-56.606586
21.130533,22.358992,23.58747,22.334091,21.080942,22.827984,24.574583
-2.490701,-3.6034873,-4.7163095,-5.566986,-6.4160404,-7.24282,-8.070939
9.364092,10.358337,11.35284,10.684327,10.015157,9.888913,9.762378
-49.44292,-49.225998,-49.008522,-48.93048,-48.852562,-49.30039,-49.748985
23.662363,25.242113,26.82222,27.925035,29.028488,28.875875,28.721912
16.24615,16.422333,16.597733,15.686208,14.774195,14.542693,14.311465
-0.8454948,-1.061522,-1.2781558,0.22515723,1.7265182,1.6612906,1.5966849
38.65348,37.693333,36.73373,37.22009,37.706615,37.615307,37.524796
6.9456725,6.689365,6.4327,6.4137354,6.394428,6.116156,5.8368473
15.233431,15.159132,15.083917,14.363363,13.643271,12.931077,12.218521
-80.03596,-80.73439,-81.43182,-79.38188,-77.33154,-75.78238,-74.234146
12.046551,11.84288,11.639154,12.326952,13.015869,11.478001,9.940465
8.174405,8.203966,8.234215,7.708469,7.1835113,7.6443667,8.104323
15.665822,16.440113,17.214382,16.168283,15.123775,15.390979,15.657899
64.78481,64.80196,64.8173,64.55983,64.30233,65.67289,67.04574
-0.26132223,-0.1106045,0.040251993,-0.6147139,-1.2689593,-1.358109,-1.4467797
-13.178118,-13.185079,-13.192946,-12.588323,-11.982698,-12.620051,-13.256877
-29.076466,-28.54287,-28.010578,-28.309307,-28.60804,-29.135193,-29.66225
-38.86473,-38.93097,-38.996204,-38.897846,-38.799435,-38.406178,-38.01275
-5.636366,-4.565031,-3.4942515,-3.0221288,-2.550357,-2.3515046,-2.153087
29.697578,30.442593,31.187653,31.33647,31.485632,31.174023,30.863289
8.904087,9.3856125,9.867823,10.29459,10.721474,11.089905,11.459345
63.36429,62.54354,61.723217,60.33294,58.943974,58.567245,58.190033
-81.801346,-81.89086,-81.97927,-82.20706,-82.434875,-82.569176,-82.70517
86.20812,87.60262,88.996925,87.986496,86.97627,86.1325,85.288445
2.112504,1.2303219,0.34789845,0.17802234,0.00772472,-0.15998654,-0.32782176
-107.28067,-107.24623,-107.21188,-105.37775,-103.54329,-103.830574,-104.11578
63.480843,63.980793,64.48021,63.98959,63.499653,61.89268,60.286472
71.45685,72.36146,73.26696,72.32681,71.38631,70.619606,69.85068
-18.057577,-19.371202,-20.684748,-21.391169,-22.098074,-22.681913,-23.265432
7.504645,8.016099,8.526882,8.070113,7.611625,6.38639,5.1608615
60.98147,61.308784,61.635868,61.23313,60.83107,59.44689,58.0633
21.624092,22.729025,23.83464,22.88556,21.935167,19.917656,17.900122
93.533195,93.49326,93.45242,93.722435,93.992294,94.18027,94.36575
37.571987,37.406082,37.24206,36.63042,36.018986,35.4396,34.858093
36.24261,35.7853,35.327854,35.40185,35.476963,35.85601,36.23486
10.013957,10.90683,11.799799,12.152288,12.506052,13.236076,13.967613
-68.58352,-68.06522,-67.54752,-67.91963,-68.29163,-67.15404,-66.016594
8.346447,9.468611,10.589971,10.937687,11.284523,10.563562,9.842067
-15.203889,-15.552739,-15.900896,-15.763677,-15.626889,-16.054201,-16.481043
-66.92166,-65.75062,-64.58086,-64.14632,-63.712578,-65.119835,-66.524704
-7.5070567,-8.600739,-9.695024,-9.650051,-9.604543,-9.614508,-9.624942
-66.705414,-66.46969,-66.234474,-65.686485,-65.13855,-66.707825,-68.27769
17.860485,17.86057,17.858912,17.777178,17.69584,17.586658,17.47786
-75.02885,-75.750916,-76.47231,-76.34419,-76.21646,-75.169914,-74.12214
11.13749,10.296943,9.457501,9.705647,9.955205,10.406529,10.859909
49.78204,49.706367,49.629677,48.803703,47.977924,47.791992,47.60418
-8.891479,-9.6469555,-10.403325,-10.555017,-10.706885,-10.044757,-9.383127
14.229017,14.231737,14.234745,13.224863,12.215221,12.295225,12.372567
-13.421237,-13.592631,-13.763345,-14.502803,-15.242328,-16.075077,-16.908045
7.6916027,8.566723,9.442171,8.709395,7.977437,5.4102707,2.8446224
-7.0064945,-6.948702,-6.891596,-7.193239,-7.493227,-6.8438663,-6.194536
-19.661455,-20.167137,-20.672478,-20.830687,-20.989359,-21.353209,-21.716003
2.7035072,3.5981405,4.492969,5.0407557,5.5884843,4.837687,4.086492
-8.035705,-8.518674,-9.002296,-8.790655,-8.57995,-9.303563,-10.026635
16.190397,17.015036,17.840178,17.572752,17.303652,16.2563,15.209678
-20.75656,-20.57764,-20.400572,-20.352097,-20.304712,-19.887465,-19.46944
-25.249992,-24.892433,-24.536007,-24.344322,-24.153545,-23.557816,-22.9609
-21.946795,-22.41824,-22.88886,-22.480295,-22.073627,-21.320578,-20.569036
-16.98954,-16.55301,-16.11682,-15.457659,-14.797415,-15.981554,-17.165735
14.468742,14.196363,13.922632,13.329554,12.736811,10.797946,8.8578205
-9.253619,-7.1770167,-5.1000247,-5.076903,-5.0551057,-4.4217067,-3.7856977
-14.677244,-14.5455885,-14.411948,-15.209424,-16.006548,-15.967287,-15.927974
-11.711829,-11.986241,-12.261293,-12.65665,-13.052581,-13.867423,-14.681228
-5.459592,-4.615722,-3.7719858,-3.309036,-2.8476737,-1.9152395,-0.98391837
-23.299889,-22.75792,-22.216488,-22.07412,-21.932903,-22.99906,-24.064825
-45.107193,-45.775833,-46.443954,-45.50489,-44.567024,-42.656105,-40.746216
29.887274,30.423042,30.95846,30.323473,29.689804,30.324888,30.961092
-42.583084,-44.31489,-46.04599,-46.356052,-46.665684,-46.148552,-45.630695
16.87843,16.632042,16.386644,16.666718,16.946938,16.705645,16.464043
0.06596699,1.1443442,2.222638,1.7998375,1.3773073,0.3567516,-0.6633743
-77.686844,-78.58856,-79.48971,-79.630974,-79.7716,-79.60527,-79.43945
-48.692787,-48.35504,-48.016716,-48.15137,-48.286987,-49.12982,-49.971653
57.088757,56.41068,55.73424,55.88693,56.039806,55.082302,54.123604
17.351875,16.549469,15.744853,15.345763,14.94712,15.157952,15.368566
-3.8808193,-4.9814053,-6.084813,-6.0788584,-6.0727816,-5.081483,-4.0893583
-33.649624,-35.032368,-36.414356,-36.59137,-36.766438,-36.75876,-36.75138
-48.865765,-50.224895,-51.584785,-51.23416,-50.88362,-51.638657,-52.393723
40.091507,40.185646,40.279366,40.898834,41.518364,42.713467,43.910706
48.429363,47.59168,46.75446,45.64714,44.53986,43.933475,43.32746
-20.965942,-22.31512,-23.663958,-23.34279,-23.020828,-23.26013,-23.499832
54.7383,55.818,56.89739,56.37958,55.861523,56.39826,56.934258
-19.985758,-21.107918,-22.230562,-23.44802,-24.665699,-23.908745,-23.153309
17.801563,16.842945,15.885188,16.787807,17.691372,18.102386,18.512758
-3.4979732,-3.1079037,-2.7177756,-1.8224409,-0.9270819,-1.0900037,-1.2525599
26.950186,27.264322,27.578926,28.05154,28.524649,27.985064,27.443855
-23.554739,-23.133142,-22.712404,-22.762182,-22.811253,-22.315996,-21.818588
-4.2072773,-4.852025,-5.4989133,-5.164224,-4.8303895,-4.6999707,-4.5703945
56.680153,58.00939,59.33819,57.930622,56.523518,53.691883,50.86036
-39.625114,-40.39922,-41.172424,-41.494614,-41.817123,-42.567295,-43.318344
16.43575,15.8786125,15.321305,15.208208,15.09602,15.370159,15.6448765
2.9607046,3.5499756,4.13944,3.9278266,3.7163584,2.7723303,1.8279288
-38.500313,-39.229877,-39.959335,-40.580322,-41.20192,-40.335545,-39.46847
34.71802,36.757557,38.79691,38.15841,37.521393,37.321873,37.122578
39.984768,40.237907,40.490448,41.743206,42.99593,42.009853,41.02388
-97.14217,-98.648384,-100.15437,-99.431755,-98.7093,-97.23502,-95.762276
45.401188,46.309162,47.217194,46.659607,46.10248,45.89096,45.680046
7.1099358,6.4902115,5.8694067,5.6462736,5.4225674,4.48127,3.5410042
-8.619898,-7.9098487,-7.1995807,-7.0722528,-6.9444985,-6.271988,-5.5999894
4.5918922,4.0579157,3.5254402,4.1672,4.8079453,6.1773252,7.5460205
31.130547,32.28066,33.431797,33.44366,33.45609,34.02409,34.593197
-28.539549,-29.135822,-29.732975,-29.282526,-28.832706,-29.543945,-30.255657
29.390999,29.842598,30.295631,30.262358,30.22885,28.724873,27.220558
42.883007,42.173794,41.46493,40.23948,39.015335,40.286816,41.558605
-17.84723,-18.6248,-19.401983,-18.727358,-18.054832,-18.428926,-18.803196
34.34668,34.467064,34.587025,33.958755,33.330425,32.931847,32.532482
-57.51883,-58.06137,-58.6048,-56.901917,-55.19933,-55.34536,-55.490707
0.36722973,0.31758812,0.2679949,0.6516836,1.0351698,0.26173618,-0.5111241
-95.815285,-96.34711,-96.87764,-95.4534,-94.029396,-93.95807,-93.88754
-16.99801,-16.406055,-15.813984,-15.90651,-15.999248,-13.399344,-10.800271
95.33773,96.62154,97.90532,98.50201,99.09805,97.56781,96.03725
19.684505,19.282476,18.879915,18.309452,17.739603,16.66676,15.592511
-5.2695265,-3.7681367,-2.2664287,-2.8688514,-3.4724538,-3.7035816,-3.9349973
-55.53898,-55.67242,-55.804058,-55.866894,-55.930973,-55.291996,-54.65493
-74.90528,-76.621,-78.33702,-77.721756,-77.10768,-75.89604,-74.6837
41.313442,42.255802,43.19883,43.06254,42.926037,41.775448,40.62492
-12.218809,-12.068201,-11.917006,-11.755106,-11.593119,-10.722837,-9.852489
85.3632,87.05339,88.74285,88.249985,87.75798,86.3275,84.89682
-67.64593,-67.27878,-66.91349,-66.979774,-67.04476,-65.18102,-63.317272
-39.62021,-39.702427,-39.784813,-39.01427,-38.243225,-38.400646,-38.557777
-112.935074,-113.47052,-114.00774,-112.99465,-111.982605,-110.79457,-109.60512
15.211588,14.8602705,14.50902,13.641811,12.776568,13.022783,13.269551
57.82221,59.27967,60.736225,61.006153,61.27794,61.350147,61.423702
-4.485146,-5.1513658,-5.81817,-6.7723813,-7.727382,-7.978436,-8.229365
-27.54289,-25.830017,-24.117619,-22.712782,-21.307093,-21.453857,-21.601454
-39.72037,-39.572083,-39.422775,-38.950478,-38.47806,-36.27403,-34.069275
69.37446,70.43279,71.49182,71.21995,70.94893,71.140076,71.3324
40.848705,40.78974,40.729942,40.294357,39.85813,41.49707,43.1362
43.62343,43.225754,42.827988,42.344086,41.86138,42.68621,43.509308
24.14989,24.110495,24.071297,23.810446,23.551231,23.768711,23.987547
-14.91808,-14.974041,-15.028267,-13.8997,-12.771385,-11.963528,-11.155676
-30.477232,-29.69844,-28.918745,-28.002647,-27.086805,-27.40141,-27.715506
-15.474329,-15.937415,-16.401823,-16.842817,-17.283752,-16.995382,-16.707947
-11.594908,-12.682488,-13.770207,-13.470244,-13.170709,-11.255025,-9.338008
48.179665,48.66942,49.160156,47.859543,46.557938,45.715446,44.871017
-19.028069,-19.38825,-19.749075,-20.179495,-20.610102,-21.962473,-23.31605
-0.72657555,-0.0926053,0.5406278,0.3973449,0.2553838,-0.21052521,-0.67665213
-52.6474,-51.219948,-49.793945,-48.73734,-47.681202,-47.577286,-47.472565
-68.11411,-68.363625,-68.61397,-67.935555,-67.25599,-65.975975,-64.69523
26.394718,26.599934,26.805113,27.591957,28.379251,27.868204,27.35674
61.028496,62.71286,64.39722,62.673794,60.950096,59.756027,58.56311
48.03996,47.709087,47.37743,46.963768,46.55016,44.85321,43.157375
-10.970998,-11.426711,-11.881904,-12.073731,-12.266577,-10.405049,-8.544031
54.941254,56.418533,57.89599,57.676857,57.45827,57.490395,57.521656
-14.352075,-15.209255,-16.065363,-16.151777,-16.238365,-16.934814,-17.63291
80.713646,80.98633,81.25856,80.610245,79.96156,77.39009,74.819305
-13.7787075,-14.711125,-15.643684,-16.311983,-16.97907,-15.834274,-14.688862
-18.10579,-17.654684,-17.20391,-16.55631,-15.909714,-15.656949,-15.403197
0.5433471,1.2138593,1.8838313,2.0371704,2.1900268,0.63558316,-0.9187479
-38.75357,-38.0407,-37.3276,-37.470848,-37.613617,-36.906437,-36.200497
29.916306,29.933743,29.951672,29.658981,29.366604,29.38055,29.396772
-51.168507,-52.12106,-53.07341,-52.18208,-51.28954,-49.660557,-48.033047
-42.26825,-42.28059,-42.293694,-42.15199,-42.01121,-41.92587,-41.839314
15.921369,16.597948,17.274055,17.45695,17.640276,15.973999,14.306788
-12.526162,-13.431079,-14.334567,-13.534656,-12.733972,-13.923228,-15.1117735
-0.61273867,-0.94873434,-1.2842674,-2.6694126,-4.0552144,-3.180029,-2.304638
-10.274498,-10.804769,-11.335558,-11.809369,-12.283629,-11.244313,-10.205154
76.76175,77.00711,77.25235,76.798584,76.34391,75.08017,73.81619
23.208853,23.925121,24.640638,23.619225,22.597445,21.146212,19.69415
-51.241558,-51.96728,-52.693657,-53.07817,-53.460682,-53.499874,-53.539085
2.7131312,1.7572091,0.8021552,1.3378165,1.8728945,3.0494153,4.2267857
-13.489938,-13.446931,-13.405121,-13.10283,-12.800105,-12.422423,-12.044286
2.7986271,3.322134,3.8464909,3.2562063,2.6671095,3.1259623,3.5846086
-52.734207,-53.303986,-53.872013,-54.615517,-55.357666,-54.250835,-53.14581
-5.799188,-5.7524943,-5.705217,-6.3975134,-7.0902486,-8.045081,-8.999694
-18.660147,-18.143839,-17.629847,-18.395773,-19.161709,-19.137861,-19.113968
31.957436,31.800665,31.643347,31.580235,31.518192,32.25016,32.982697
41.65636,40.950314,40.243587,40.455498,40.667202,40.853996,41.040432
6.572934,6.2113523,5.850872,6.42552,6.998971,6.121782,5.2438965
10.856721,10.557863,10.25868,10.582977,10.906604,12.180885,13.4561205
33.120285,34.50781,35.895523,35.657436,35.419083,33.6654,31.91203
20.025814,20.099638,20.172945,19.281189,18.389921,19.289988,20.188726
-96.259285,-96.830086,-97.40092,-96.587425,-95.773285,-95.09868,-94.422516
62.33758,62.4618,62.586292,61.630985,60.674656,61.208496,61.74132
42.821693,42.53792,42.255077,42.83678,43.419346,42.937443,42.455166
22.54746,23.25244,23.95801,22.625437,21.294209,20.97222,20.6491
74.37373,75.625275,76.8759,76.77082,76.665825,77.00616,77.34634
3.308757,3.7343416,4.1603484,2.3913689,0.6209944,-0.6035312,-1.8268653
64.45707,64.39628,64.33576,63.475937,62.618282,61.629494,60.64149
36.025352,36.469193,36.912666,37.25785,37.6018,37.195633,36.78857
19.152876,18.525837,17.90059,17.522465,17.145714,16.37302,15.598571
2.734984,3.1503701,3.5660796,2.8346572,2.1025257,1.8753204,1.6489263
-50.1622,-49.943535,-49.724983,-50.004738,-50.28434,-50.46569,-50.646957
35.33131,35.979397,36.626408,36.127136,35.62855,34.527267,33.426167
84.29429,84.45045,84.606384,84.09512,83.58394,83.595535,83.60611
-19.433882,-19.94677,-20.45848,-21.096453,-21.73219,-21.271471,-20.810707
-22.689238,-22.261461,-21.836113,-21.93111,-22.026056,-21.737219,-21.448288
-19.978994,-20.913822,-21.84786,-21.251566,-20.656248,-19.852348,-19.048733
-37.911743,-37.030693,-36.148643,-35.34622,-34.544003,-35.18032,-35.81666
-21.488937,-21.274647,-21.060198,-21.065754,-21.070507,-20.254925,-19.43933
9.924411,9.821398,9.718496,9.047594,8.377156,9.771249,11.165544
-17.409115,-18.827356,-20.244678,-19.839676,-19.43518,-18.00653,-16.579126
-3.1653955,-4.0004153,-4.835365,-3.3115575,-1.7884672,-3.0226877,-4.2587676
-39.81595,-40.50634,-41.197067,-41.23118,-41.265625,-40.520264,-39.776108
-84.54494,-86.24376,-87.94324,-86.2437,-84.544556,-82.057976,-79.57106
-101.15881,-100.785484,-100.41172,-100.171455,-99.93123,-99.58906,-99.24782
34.036728,35.53096,37.02413,37.012627,37.00087,34.960995,32.92077
-91.4672,-91.95562,-92.445656,-90.56507,-88.68453,-88.50831,-88.33352
4.295625,4.885402,5.4736447,4.647062,3.8210843,3.4870198,3.1525948
-0.33550948,0.481705,1.2995394,0.9441133,0.58764905,0.40621477,0.22535236
-50.56349,-51.29852,-52.03445,-51.958046,-51.882397,-52.810764,-53.739502
-13.002427,-12.264764,-11.527057,-12.088928,-12.650103,-11.171865,-9.695886
-11.77286,-12.256877,-12.740431,-13.126784,-13.513527,-13.691865,-13.86998
-28.317932,-27.813707,-27.308683,-27.111855,-26.914728,-26.336464,-25.75871
38.878304,39.34987,39.82016,38.35948,36.900032,36.814663,36.729744
-27.173439,-28.529158,-29.884895,-30.32768,-30.772009,-30.666174,-30.560677
16.26554,15.953037,15.640936,15.09776,14.555662,14.127447,13.698713
4.345024,3.2522848,2.1588209,1.6871755,1.217159,2.5124128,3.8074682
-37.16573,-37.152542,-37.138714,-36.256145,-35.37452,-33.296352,-31.217215
-83.72422,-84.06603,-84.40636,-84.94146,-85.4753,-84.47614,-83.476746
-14.978518,-14.744331,-14.510664,-14.486718,-14.462715,-13.764955,-13.066778
2.492253,2.1658742,1.8403114,1.0256664,0.21162064,-0.021468325,-0.25503317
-5.049434,-4.7371187,-4.423311,-3.5346715,-2.646785,-1.5874684,-0.5280296
2.1791747,2.7340286,3.2888763,2.8128092,2.337042,0.727009,-0.8819049
-47.44396,-47.937878,-48.43016,-47.878906,-47.326485,-46.496784,-45.66631
-0.6947551,-0.566463,-0.43895674,-0.758656,-1.0765414,-0.95833445,-0.8385854
-26.08614,-26.550682,-27.015541,-26.029156,-25.042194,-23.584867,-22.127031
41.057583,41.31513,41.57339,41.443504,41.31385,41.853706,42.39511
42.411568,42.409634,42.407288,42.742344,43.07656,43.498466,43.92124
-0.10017287,-0.094108455,-0.088273875,0.07411922,0.23448908,1.149089,2.063916
-7.3617153,-7.5706673,-7.7799206,-8.062262,-8.344069,-7.8693786,-7.39631
-36.10808,-36.722633,-37.337162,-38.519985,-39.704857,-39.352726,-39.001236
59.74435,59.87481,60.006424,59.85977,59.71265,59.033886,58.35493
-58.317364,-57.81594,-57.314083,-56.665237,-56.016148,-54.33002,-52.64268
-5.171412,-4.3594584,-3.5463269,-3.7997525,-4.0520205,-4.123256,-4.1937118
13.932684,14.133466,14.334469,14.846991,15.358825,16.30913,17.258886
-17.144262,-17.175684,-17.206528,-16.989197,-16.773312,-18.367735,-19.961906
-3.9050877,-4.3085375,-4.7122364,-5.2313995,-5.7498302,-6.7080946,-7.6666756
-8.437585,-8.843051,-9.248782,-9.551185,-9.852963,-7.935439,-6.0188627
36.425022,36.77621,37.126045,37.071407,37.017044,38.184044,39.350693
38.87718,39.628258,40.377563,40.405735,40.433704,40.379536,40.326122
-10.729621,-11.294802,-11.862502,-12.193742,-12.525666,-10.827624,-9.129966
60.88503,60.783684,60.68265,61.681763,62.680702,64.337654,65.99249
-12.526563,-11.897644,-11.2685585,-11.5180645,-11.768166,-12.702713,-13.637904
34.47968,34.492172,34.504684,34.894066,35.283287,35.471916,35.661285
-103.256516,-103.22761,-103.19915,-102.98852,-102.77685,-102.65287,-102.52841
19.673365,19.419176,19.16556,19.283257,19.401182,18.034262,16.66736
101.3614,101.24187,101.12335,99.32172,97.51952,96.28368,95.04858
27.492373,27.417862,27.344175,28.785358,30.225977,29.85037,29.475748
22.381723,22.55595,22.730278,21.72435,20.718826,21.553272,22.388868
5.3008485,4.629051,3.959138,4.435896,4.91339,6.5684104,8.2232685
-52.7768,-54.218784,-55.660007,-54.773914,-53.887608,-52.332523,-50.77806
-14.223826,-14.055293,-13.887546,-13.439601,-12.99043,-13.39002,-13.789371
68.8389,69.259605,69.67958,69.473755,69.267555,69.63174,69.99616
-109.54161,-109.81781,-110.093796,-109.568756,-109.04328,-107.93132,-106.81847
43.67275,44.362686,45.05183,44.59672,44.141754,44.304043,44.465538
-8.832822,-6.949808,-5.068119,-5.74858,-6.4303465,-8.303094,-10.176053
-20.407166,-21.064157,-21.719687,-21.463188,-21.207895,-20.593584,-19.980064
12.46392,13.053441,13.642614,14.474632,15.307481,15.098355,14.88963
40.77225,40.40929,40.045723,39.726482,39.408092,39.10355,38.79942
-48.482468,-48.46374,-48.444485,-46.924107,-45.402527,-45.599445,-45.79632
53.936512,54.679504,55.422974,54.10927,52.796005,52.499584,52.2028
-70.95719,-70.95662,-70.9551,-71.58068,-72.20638,-71.03704,-69.8664
-68.05124,-69.3369,-70.62244,-69.7159,-68.811554,-67.976234,-67.14195
41.686146,41.721535,41.75832,41.727287,41.696095,43.41435,45.132225
-111.837,-112.659996,-113.48345,-111.85827,-110.233536,-109.08481,-107.937996
-25.569672,-26.622606,-27.676067,-28.03714,-28.399086,-27.64254,-26.88601
94.38502,93.87366,93.36283,93.190155,93.019035,92.33256,91.64556
-0.973321,-1.864275,-2.7562733,-2.335536,-1.9139681,-2.7693176,-3.6240177
-77.89234,-79.04035,-80.188354,-79.275925,-78.36317,-78.2427,-78.12333
2.352523,2.2719433,2.1915505,2.002105,1.8138859,4.0664473,6.3195257
-7.0076284,-6.5706263,-6.1355886,-6.644026,-7.152446,-6.110528,-5.067335
-15.144802,-15.177296,-15.208635,-16.25352,-17.29785,-17.661385,-18.024652
32.69858,32.28805,31.87987,31.836878,31.793005,31.650087,31.507782
-19.017593,-19.315659,-19.61255,-18.727522,-17.842722,-17.686962,-17.532413
10.602012,10.584551,10.566147,10.84671,11.127348,11.456579,11.786481
-33.218643,-32.8697,-32.520386,-32.455517,-32.390263,-31.56845,-30.746643
-10.682061,-11.838948,-12.996091,-12.750026,-12.5049715,-12.620086,-12.735636
3.9186254,4.3254037,4.7312512,5.4128537,6.094134,6.433788,6.775432
16.593334,16.287106,15.981498,15.808009,15.635879,15.936549,16.236313
-27.507902,-26.931183,-26.354351,-26.184242,-26.01396,-26.17207,-26.331427
-40.294666,-42.45929,-44.622295,-44.76814,-44.91436,-43.982136,-43.05202
-54.72765,-55.319794,-55.910957,-55.910534,-55.909607,-53.33621,-50.76269
53.161934,54.586857,56.011486,55.18931,54.366665,52.872337,51.378582
-10.473848,-10.232369,-9.991567,-9.532791,-9.074471,-7.707962,-6.3420105
1.8117589,0.6728597,-0.46682638,-0.8313257,-1.1940564,-2.3190396,-3.4445083
-43.059963,-42.86721,-42.673664,-43.33677,-44.000576,-42.02575,-40.050903
80.50968,80.60713,80.70358,79.657455,78.61123,79.65883,80.70565
8.263583,7.768567,7.273856,7.356265,7.439452,9.32301,11.207527
-55.130486,-54.90892,-54.688206,-54.490036,-54.292217,-53.69174,-53.090252
0.9097994,0.99754316,1.0857408,0.17613775,-0.7343752,-0.20919818,0.31619626
20.441345,20.15002,19.858358,20.165216,20.47269,21.165005,21.856571
101.21533,100.93406,100.65264,99.46131,98.26912,97.67503,97.08105
-6.3123794,-6.271398,-6.2304893,-6.7637305,-7.295921,-6.6717334,-6.0495124
43.45748,44.537617,45.616306,45.28479,44.955254,43.4809,42.00543
43.949684,43.564735,43.181496,43.22254,43.26313,42.257034,41.251595
-16.923557,-16.900158,-16.876904,-17.006542,-17.135714,-18.759804,-20.383694
100.798515,102.468254,104.137634,103.54853,102.95995,102.05843,101.15646
74.60551,74.38518,74.16409,73.74559,73.326614,73.12521,72.92306
-30.677483,-31.508337,-32.339165,-31.996655,-31.653988,-33.544167,-35.433205
-35.508682,-35.228394,-34.947727,-34.883938,-34.820427,-33.6644,-32.506874
5.953081,7.4671783,8.981125,7.7617445,6.543729,6.3649645,6.1860256
27.26314,27.909681,28.554895,28.610622,28.66706,28.38634,28.106392
56.43726,56.611217,56.784687,57.247364,57.710262,57.15495,56.599937
-29.417063,-28.63078,-27.844515,-26.488247,-25.132736,-23.525229,-21.915838
23.4709,23.802053,24.132812,24.547752,24.961803,22.954893,20.948574
-90.922905,-90.385,-89.84666,-89.928375,-90.00994,-90.52206,-91.03366
24.721958,24.742119,24.7624,24.38847,24.016312,24.079964,24.14383
-16.686869,-15.431684,-14.179308,-13.167033,-12.154256,-11.485422,-10.815514
-6.246709,-6.281724,-6.3165445,-5.8688993,-5.418586,-5.950906,-6.482671
-0.26535538,-0.20719649,-0.14844824,-0.18800665,-0.22992636,-0.56545377,-0.9014332
22.126429,21.721155,21.31615,20.650896,19.984747,20.110548,20.236528
75.0044,76.02464,77.045494,76.947014,76.84879,75.758125,74.66763
-26.803307,-26.842701,-26.882599,-26.466602,-26.049454,-26.087458,-26.125986
-13.923144,-13.605851,-13.288623,-12.734235,-12.180945,-11.988309,-11.796101
70.138145,69.90344,69.66866,68.78054,67.894264,68.28159,68.66984
-47.567474,-49.01568,-50.46363,-49.994812,-49.524815,-49.640583,-49.7565
93.491295,94.678185,95.86583,95.36053,94.855804,93.54904,92.2415
50.215176,50.637062,51.058773,51.043766,51.02696,49.77972,48.533543
38.825558,39.029385,39.2329,38.487503,37.74106,38.435574,39.130703
-35.5839,-36.06152,-36.538563,-34.847042,-33.155506,-32.831387,-32.5075
-47.5509,-48.517033,-49.482964,-49.427227,-49.371296,-48.80296,-48.234875
8.097414,7.670277,7.24252,6.423028,5.604496,4.0983415,2.5915499
31.757101,30.891865,30.028004,29.162985,28.29888,27.785889,27.273071
19.362541,18.379377,17.394983,16.832357,16.271137,15.610015,14.94969
-24.36405,-24.528658,-24.694174,-24.376205,-24.058813,-21.84346,-19.62866
-45.069736,-45.28727,-45.505302,-45.672794,-45.83953,-44.2394,-42.63981
-4.606572,-4.6074247,-4.6083946,-4.617935,-4.627987,-3.482216,-2.3352785
16.69422,15.444226,14.194146,14.191434,14.188863,12.7293625,11.270812
-1.1472182,-1.4739757,-1.8003554,-1.8856616,-1.9721408,-2.5482974,-3.1250148
-40.613003,-40.621418,-40.629078,-41.033703,-41.43945,-40.123745,-38.80779
62.67853,62.537785,62.397488,60.695168,58.993835,58.639427,58.284748
21.661062,21.652456,21.642906,21.461163,21.280268,20.044104,18.808464
-25.870153,-26.60556,-27.342342,-27.632397,-27.922062,-27.030262,-26.139174
108.86663,108.30245,107.737404,107.00502,106.272514,106.91572,107.55887
-55.59585,-55.539074,-55.481987,-55.09472,-54.708138,-53.228264,-51.748573
47.277397,46.596275,45.916733,45.611694,45.306816,45.541656,45.777714
-20.966818,-20.282887,-19.599928,-20.078856,-20.557764,-21.544035,-22.529707
23.019339,23.240267,23.459719,23.128424,22.798607,24.256342,25.713219
-54.961906,-55.575706,-56.188786,-55.034737,-53.879787,-54.342243,-54.806038
11.75999,12.141616,12.522662,12.624768,12.727567,15.171393,17.615187
63.548927,63.841637,64.13344,63.70761,63.281166,63.186375,63.090515
7.798365,7.0888267,6.379069,6.7881045,7.1963396,7.671163,8.145441
-5.227305,-5.4550376,-5.6833453,-5.2415385,-4.799892,-4.065883,-3.3340452
42.928146,42.98352,43.038567,43.445625,43.853195,43.640984,43.4283
67.65451,68.992134,70.329895,69.81555,69.30168,69.245384,69.18953
26.866219,27.289099,27.711626,27.178595,26.647223,27.294636,27.943851
-23.988796,-24.066893,-24.145014,-25.497622,-26.848383,-25.785694,-24.723366
-61.974228,-61.03998,-60.10611,-60.405273,-60.70284,-60.449574,-60.195175
24.6506,24.308897,23.96718,23.54416,23.120514,23.316362,23.511106
150.61694,151.81253,153.00905,151.4208,149.83316,148.64139,147.45026
-30.707226,-31.073963,-31.440025,-31.341496,-31.241966,-30.889856,-30.537418
78.17599,79.40288,80.62954,80.40161,80.17323,78.760056,77.34776
-5.272898,-5.0651126,-4.856408,-5.833956,-6.8105497,-6.04872,-5.286436
67.448586,67.3796,67.31114,66.55913,65.80692,64.00735,62.20553
51.68699,51.363194,51.039074,50.52716,50.016193,49.068317,48.120438
-10.202365,-10.37411,-10.544848,-9.550416,-8.555449,-8.745458,-8.936496
26.423925,25.476387,24.528841,24.0284,23.527462,24.26117,24.995148
-2.2462475,-1.4915248,-0.73724335,-0.3245856,0.08867105,-0.6500475,-1.3897082
-20.905096,-20.13921,-19.373869,-20.484726,-21.59522,-23.525923,-25.457876
8.328988,7.333791,6.3383293,6.718314,7.0988684,7.596408,8.093842
-21.882671,-22.870155,-23.857578,-22.817839,-21.778645,-20.458157,-19.13722
37.131893,36.834034,36.534977,35.8659,35.196957,34.65974,34.122364
69.42034,69.17745,68.934166,68.08815,67.24314,67.95109,68.658485
7.48068,8.681512,9.881476,9.860029,9.839346,10.349991,10.8606825
-32.907516,-34.14032,-35.373066,-35.358727,-35.345337,-34.117493,-32.88954
-35.022995,-34.529568,-34.03515,-34.28979,-34.544758,-34.717827,-34.890972
-0.3558352,-1.0913994,-1.8264811,-2.1495154,-2.4723647,-2.8454554,-3.219084
-5.766091,-5.1938214,-4.6220365,-5.756108,-6.8893723,-7.817372,-8.745774
-31.885746,-32.897545,-33.91059,-33.30906,-32.707462,-31.880257,-31.051933
-101.12025,-100.80584,-100.49192,-99.349724,-98.20858,-97.87475,-97.54061
-68.27619,-67.83198,-67.388756,-66.87099,-66.35432,-66.17689,-65.99933
-70.83473,-72.298386,-73.75975,-73.2728,-72.78647,-72.04219,-71.296814
-47.253143,-47.657776,-48.062744,-48.338394,-48.612495,-49.141045,-49.668255
-7.0330825,-8.072237,-9.112719,-7.9512715,-6.7897344,-6.2639165,-5.739144
-122.95793,-123.68192,-124.40643,-122.85363,-121.30282,-122.03557,-122.769005
-2.9939508,-2.5973577,-2.2014275,-2.1643553,-2.127451,-1.2542945,-0.38288602
-51.17351,-51.586052,-51.9962,-51.753338,-51.51018,-51.5684,-51.626526
1.1341226,1.0244157,0.9152124,0.77021194,0.626806,1.4918287,2.3575342
-0.83688813,0.115233585,1.0676147,0.70880526,0.34957328,0.93332785,1.517171
-29.18143,-29.582363,-29.983147,-30.16747,-30.35172,-29.730818,-29.110727
-12.690006,-12.372301,-12.055252,-11.453039,-10.851484,-11.784052,-12.71612
5.9721594,7.0286016,8.084054,8.045724,8.00706,6.7756233,5.545314
46.74037,46.37438,46.00975,45.64389,45.278168,45.74323,46.209476
2.3283637,1.4309276,0.5332836,0.72961867,0.92531335,2.3012655,3.676702
5.726916,5.1807737,4.6343956,4.5336456,4.43353,5.1901836,5.946971
-23.088263,-23.544699,-24.000885,-24.34439,-24.686733,-23.988373,-23.28937
-29.313818,-29.340126,-29.365484,-28.325974,-27.285006,-27.49002,-27.694616
13.038612,14.042603,15.045036,14.099592,13.153696,12.067264,10.981047
37.178078,35.476936,33.77546,32.651752,31.528435,29.80464,28.081545
42.11224,42.72363,43.334995,43.35689,43.37888,42.73686,42.0968
54.262714,53.38194,52.500355,50.88775,49.277065,48.279835,47.28149
11.355311,11.771878,12.186486,10.863233,9.539922,8.165479,6.7907457
73.939766,74.29262,74.645424,74.596,74.544975,73.346275,72.146126
12.464755,12.092119,11.720793,10.903802,10.087172,10.492426,10.897097
-29.072432,-28.856165,-28.639631,-28.87942,-29.119078,-30.469875,-31.819286
4.2128773,5.0775323,5.94149,5.380172,4.8189454,4.8190846,4.8199105
-8.26425,-8.435027,-8.606076,-9.153188,-9.700481,-10.479441,-11.257361
-23.515654,-23.92681,-24.33811,-24.06173,-23.785072,-22.187536,-20.591246
-31.860271,-33.111732,-34.363842,-34.32891,-34.293846,-33.247414,-32.199486
-32.720894,-33.17252,-33.62473,-34.527576,-35.431614,-35.43432,-35.437397
-9.461166,-8.56738,-7.672083,-7.5860243,-7.49988,-7.7815647,-8.063199
-7.795436,-7.5055876,-7.2150984,-6.7202854,-6.225898,-5.1552906,-4.086548
-46.093582,-46.245464,-46.397396,-45.407387,-44.41587,-44.12986,-43.84378
-5.515036,-5.559424,-5.603889,-5.0365195,-4.469465,-4.1520057,-3.8355267
54.287506,54.66185,55.036667,54.89434,54.75278,55.9959,57.237923
10.09168,10.100495,10.109777,8.762393,7.415282,7.2694054,7.122466
-25.936378,-26.11819,-26.29966,-26.424334,-26.549461,-26.744125,-26.938007
2.7112813,1.4330716,0.15507558,-0.89851326,-1.9528022,-3.0538325,-4.155185
-41.989605,-42.363262,-42.735825,-42.783882,-42.831623,-43.011383,-43.1921
46.883587,47.90586,48.92746,47.26567,45.6057,44.380775,43.156242
-37.571953,-37.728966,-37.88488,-38.13645,-38.38679,-38.655464,-38.925343
31.735897,32.26707,32.79756,32.870853,32.943527,33.27473,33.60559
-4.416769,-3.9226117,-3.4258265,-3.0609522,-2.6971645,-3.6142292,-4.5298386
-18.12773,-18.502104,-18.877108,-20.123293,-21.369606,-21.171808,-20.974276
50.9859,50.567734,50.148907,50.580265,51.012043,51.85466,52.696583
-40.983196,-42.245064,-43.50488,-42.85778,-42.211132,-41.133102,-40.057632
-33.20854,-33.893913,-34.579704,-34.281555,-33.984795,-34.32439,-34.66508
-110.71747,-110.87295,-111.0278,-111.69443,-112.36198,-111.39542,-110.428024
7.1249685,7.6800165,8.234437,9.425561,10.61663,9.760741,8.904836
-55.599773,-55.178314,-54.757687,-54.977028,-55.196087,-55.07054,-54.945004
-8.851523,-8.0494175,-7.2481155,-7.1446486,-7.0412855,-5.0161395,-2.991664
45.89992,45.669292,45.438778,45.51504,45.590946,44.66123,43.730293
-17.342163,-17.26475,-17.188314,-17.019522,-16.850666,-15.82402,-14.796175
-90.003136,-89.49062,-88.97845,-89.60435,-90.23147,-91.35299,-92.47414
-13.452643,-14.02256,-14.5932045,-15.383971,-16.17606,-15.2862,-14.396335
102.31005,102.221985,102.13406,102.15928,102.1851,101.28444,100.385025
-70.449814,-70.977615,-71.50542,-70.46668,-69.4271,-68.586914,-67.74489
40.33875,39.43355,38.527206,38.461445,38.396126,36.857246,35.3179
-24.428411,-24.137112,-23.844313,-24.127932,-24.41143,-24.031824,-23.65277
60.517635,60.78609,61.05383,60.047173,59.04042,57.863525,56.687847
-116.22873,-116.45688,-116.68457,-116.26282,-115.84138,-113.46337,-111.0842
-11.093473,-9.769146,-8.445752,-7.90497,-7.3634176,-6.639077,-5.913765
-20.651537,-20.912792,-21.174454,-21.108994,-21.044388,-20.364258,-19.685503
-11.913449,-12.064486,-12.215391,-11.923464,-11.630774,-10.857269,-10.083135
-75.295746,-75.95024,-76.60448,-76.12002,-75.63627,-75.51643,-75.395355
16.673838,17.991096,19.30758,18.22076,17.13243,16.374685,15.61872
24.372929,24.587154,24.801441,25.07595,25.35016,24.953995,24.556665
4.450486,4.0596676,3.6688633,4.0276785,4.3871765,4.9349623,5.481531
11.524342,11.814256,12.103152,11.421132,10.739761,9.969427,9.198731
-0.84180385,-0.8217295,-0.8026536,-0.98474866,-1.1661004,-0.59889966,-0.031478252
-27.957476,-28.035198,-28.11429,-27.726177,-27.337074,-28.28039,-29.22241
-74.66927,-75.40188,-76.13581,-76.14015,-76.1453,-75.447426,-74.748405
-76.62179,-77.70004,-78.77859,-79.083466,-79.38665,-78.59138,-77.797554
-11.003331,-11.3473425,-11.691109,-10.410209,-9.127692,-8.060487,-6.9952307
-65.93144,-65.490005,-65.04823,-64.62564,-64.204445,-63.09045,-61.97791
22.399952,22.422949,22.447546,21.798197,21.149704,21.63301,22.114542
-11.563811,-11.182631,-10.8014555,-9.518975,-8.2379,-7.228144,-6.2188697
8.056369,7.2194695,6.383019,4.938687,3.4949195,4.456013,5.4169106
-27.815695,-27.531458,-27.248129,-27.466263,-27.683891,-27.300343,-26.91608
47.21134,47.832787,48.454514,47.858196,47.262596,46.571964,45.881428
31.244196,31.91192,32.579464,31.235258,29.892307,27.735868,25.580261
-83.65191,-83.613884,-83.57658,-82.92716,-82.27869,-82.25526,-82.23218
-48.21919,-49.003395,-49.787617,-50.546803,-51.3065,-51.640034,-51.97154
-66.1602,-66.036316,-65.912056,-65.67607,-65.441345,-64.64816,-63.855423
-31.533485,-30.943335,-30.353855,-30.379328,-30.404505,-30.998236,-31.592125
22.300644,22.662403,23.024391,22.69744,22.368713,21.511234,20.652596
6.441483,6.8679824,7.2943277,6.9520087,6.608413,6.7294393,6.8496437
11.859602,11.608515,11.35692,10.715911,10.073868,9.976152,9.879491
-3.3315728,-3.8671525,-4.4030027,-4.8118315,-5.220809,-5.251174,-5.283286
-54.747784,-54.935463,-55.12253,-54.140343,-53.158714,-53.80827,-54.45898
-34.872387,-34.427372,-33.982338,-33.69206,-33.401817,-32.586143,-31.768389
14.138377,13.643239,13.147666,12.678441,12.209353,11.838283,11.467004
25.47486,24.797617,24.120724,23.556494,22.991798,24.873404,26.754469
-5.598988,-6.590698,-7.583676,-6.7357535,-5.887387,-4.7475677,-3.609755
-19.744186,-19.36181,-18.97981,-19.223082,-19.466093,-19.33164,-19.197205
-18.647963,-18.917343,-19.186666,-18.808788,-18.42901,-19.310595,-20.191486
79.50966,79.928474,80.34749,79.25177,78.15545,77.81914,77.48286
63.556316,63.86469,64.17351,64.69963,65.22667,64.94909,64.671814
21.587652,21.22072,20.854053,21.883188,22.914051,24.291948,25.670143
71.16426,71.410255,71.657036,71.86077,72.06618,71.11048,70.15422
-6.8714275,-7.309634,-7.7484617,-7.910404,-8.074063,-8.309385,-8.543657
15.046007,16.099356,17.153795,16.36467,15.576946,14.668406,13.760479
-6.0810776,-5.8507214,-5.6204615,-5.8119545,-6.004195,-5.097231,-4.189919
2.728045,1.5796914,0.4315362,1.6074853,2.7858167,3.506823,4.22918
58.91316,59.234264,59.55517,59.401264,59.24808,59.47379,59.69827
18.554289,18.815887,19.079096,19.593893,20.107674,18.898264,17.689049
5.6260815,6.2626953,6.899454,7.5933037,8.2873955,9.616211,10.946716
-67.70562,-66.732346,-65.75836,-67.6676,-69.57568,-71.88716,-74.19706
4.129892,3.8171408,3.505791,3.7588933,4.0135446,5.8400893,7.667751
82.27359,82.69832,83.122955,83.04333,82.96215,80.35604,77.750305
8.540653,8.928714,9.31579,9.410219,9.505277,10.122837,10.739748
-28.488453,-28.786276,-29.084072,-28.678055,-28.273151,-27.96943,-27.667015
23.067253,23.22507,23.383213,23.450527,23.517614,21.948503,20.380608
-8.260851,-7.820299,-7.37997,-6.6758327,-5.972397,-5.742812,-5.513238
0.36627844,-0.92954564,-2.2241938,-3.3125682,-4.400188,-4.362326,-4.324127
-6.4725447,-5.0956025,-3.7190433,-2.6714506,-1.6230936,-2.215207,-2.8053904
-122.44145,-122.399155,-122.35648,-121.90798,-121.45787,-120.09697,-118.73516
-55.083805,-54.262222,-53.440723,-52.524612,-51.609306,-51.358288,-51.108036
-53.45567,-53.465027,-53.47467,-53.337563,-53.19916,-53.77929,-54.359505
-93.29673,-93.681,-94.06499,-93.501785,-92.93991,-93.255936,-93.57266
-27.71847,-27.856016,-27.99335,-27.573954,-27.154106,-25.897116,-24.64136
105.24437,105.229416,105.21582,104.77424,104.33341,102.56929,100.80348
2.0581517,2.602984,3.1482825,3.8695636,4.5890336,6.354872,8.120653
-39.945595,-40.717194,-41.48754,-41.622322,-41.756702,-41.510815,-41.266888
2.089834,0.38347116,-1.3226761,-0.9137529,-0.50588644,-1.383284,-2.2601197
16.766382,16.62551,16.485054,17.226156,17.96669,19.26107,20.555264
-63.436222,-63.762135,-64.08914,-63.606888,-63.12621,-63.592606,-64.060776
31.91789,31.805532,31.69211,31.56202,31.432228,32.05212,32.672947
22.627611,21.56342,20.499596,20.141056,19.782711,21.775097,23.766438
-45.208263,-46.613476,-48.01959,-48.017353,-48.014362,-47.063377,-46.11273
-83.23195,-84.209785,-85.18733,-84.91548,-84.64524,-81.57782,-78.51173
72.79029,73.044716,73.29937,73.14791,72.99632,71.40104,69.804596
-89.06548,-88.898964,-88.733154,-88.49088,-88.24967,-88.38387,-88.517426
19.276583,19.498766,19.719233,20.99972,22.281223,21.857508,21.433945
18.340881,17.803131,17.263931,16.570263,15.876785,15.998844,16.120863
-66.279564,-65.79261,-65.3052,-64.4092,-63.51377,-61.685547,-59.855553
-42.486664,-42.198006,-41.91029,-41.991135,-42.07174,-39.82097,-37.57075
4.285157,4.650528,5.0152435,5.7189913,6.4224195,5.1180477,3.815502
-6.6884255,-7.7208495,-8.751969,-9.651415,-10.552218,-10.433143,-10.314926
61.063732,60.43355,59.802273,59.514935,59.22622,58.881046,58.53792
-53.430702,-54.409264,-55.387657,-54.67223,-53.95639,-52.46339,-50.96995
-13.892635,-14.31123,-14.729591,-14.959275,-15.188999,-15.350866,-15.512215
72.456345,72.79477,73.13208,72.264786,71.399414,70.741905,70.08291
67.79377,68.48138,69.167496,69.9075,70.6471,69.467026,68.28937
19.359293,19.811655,20.26559,20.222166,20.179056,20.063553,19.946867
56.52426,57.28348,58.043053,57.019535,55.99569,55.79535,55.59344
37.268562,38.028915,38.7894,37.41996,36.049355,36.687965,37.324795
15.134677,14.999366,14.863769,15.6027,16.342766,16.829235,17.31571
18.860775,18.177958,17.493834,18.094954,18.695316,19.454254,20.211031
50.253487,50.5254,50.797676,50.13932,49.48136,49.4757,49.471474
-40.951324,-40.518982,-40.08585,-39.191982,-38.30005,-39.225746,-40.152557
29.059067,29.071383,29.081936,30.011944,30.94453,31.238842,31.534576
21.607836,22.527555,23.447514,23.067566,22.689163,21.372805,20.056381
-71.09363,-72.45214,-73.81188,-73.65978,-73.50793,-73.8008,-74.093994
60.96007,61.871494,62.782253,61.518932,60.2568,60.0753,59.894405
-7.262316,-7.85228,-8.441032,-8.8676405,-9.294295,-8.9267,-8.5579
-8.594079,-8.94534,-9.295324,-8.719677,-8.143229,-7.75722,-7.369784
-16.81389,-17.422813,-18.030731,-18.257057,-18.483362,-19.076576,-19.667418
15.670776,17.004267,18.336918,16.81713,15.298052,13.463099,11.628891
-16.356009,-15.964707,-15.571589,-15.483533,-15.395957,-14.950971,-14.507884
-18.891586,-18.425455,-17.959734,-17.947813,-17.934757,-17.565897,-17.195251
-38.787025,-39.557648,-40.32953,-39.009453,-37.687664,-38.35833,-39.029007
77.498276,78.95733,80.4157,79.93154,79.4486,78.09068,76.733315
9.713027,9.436019,9.160841,7.9892297,6.817942,5.9242306,5.0320816
-28.417253,-29.249357,-30.079872,-31.063564,-32.048843,-32.289715,-32.530586
23.973402,23.463202,22.952568,22.858158,22.764156,21.435307,20.1051
-43.691334,-44.08331,-44.475365,-43.873165,-43.271572,-41.304996,-39.33946
-102.17118,-103.06759,-103.9642,-102.29954,-100.63512,-100.604706,-100.572975
44.74963,45.402428,46.053486,46.328056,46.60229,46.68622,46.77067
18.012484,17.744467,17.476442,16.494898,15.514051,14.898755,14.283045
-84.80486,-85.724594,-86.644135,-85.61126,-84.57987,-82.28767,-79.99594
68.33155,68.99499,69.6587,70.36643,71.07589,70.064476,69.05306
-45.783665,-45.36158,-44.93967,-44.328915,-43.719788,-44.274616,-44.82947
-33.07719,-34.01192,-34.94668,-35.11638,-35.28637,-34.967335,-34.647366
57.52664,58.047268,58.567497,57.054115,55.540318,52.90812,50.274864
-36.39611,-35.285282,-34.174564,-34.226425,-34.27898,-33.919544,-33.560505
-58.775986,-58.98308,-59.192135,-58.906273,-58.622215,-58.891582,-59.161278
1.3759443,0.26251784,-0.84973276,-1.3531084,-1.8567989,-0.77107525,0.31385878
75.796135,76.22884,76.66103,77.940926,79.220215,79.79537,80.36903
-37.042267,-36.976547,-36.910915,-36.49797,-36.085823,-34.925186,-33.764862
38.18507,37.289135,36.394062,36.181065,35.96812,34.412758,32.85618
-57.597675,-57.106506,-56.61398,-55.163734,-53.71332,-53.48634,-53.25946
